id,codigo,nombre_carta,coste,fuerza,tipo,raza,edicion,producto,stock_total,precio_promedio,cantidad_vendedores,imagen
d26314f6-be1a-400f-b319-4cd4acf11945,MPTO 19/18,¡ATENTO RINGO!,2.0,0,,,,MUNDOS PERDIDOS: TOMBSTONE,17,2000,4,https://pub-77824f6d0d4542d282fa48605bce7479.r2.dev/cards/MYL/PRIMERA%20ERA/d26314f6-be1a-400f-b319-4cd4acf11945.png
fe4cd768-1da5-45a0-94bd-01217cef16dc,CRPE2-39-84,47 RONIN,1.0,1,,,,KIT RACIALES PRIMERA ERA: CAMPEON,10,1000,5,https://pub-77824f6d0d4542d282fa48605bce7479.r2.dev/cards/MYL/PRIMERA%20ERA/fe4cd768-1da5-45a0-94bd-01217cef16dc.png
8c3e9adc-b568-4632-a72a-348141be0b9e,93 - 236 / PRIMERA EDICION,47 RONIN,1.0,1,,,,COLECCION: ESPIRITU DEL DRAGON,5,300,2,https://pub-77824f6d0d4542d282fa48605bce7479.r2.dev/cards/MYL/PRIMERA%20ERA/8c3e9adc-b568-4632-a72a-348141be0b9e.png
9b8d0485-be2c-44a9-bc9f-a1b7d656110b,MPO 15/18,47 RONIN,1.0,1,,,,MUNDOS PERDIDOS: VIAJE AL OESTE,21,1500,7,https://pub-77824f6d0d4542d282fa48605bce7479.r2.dev/cards/MYL/PRIMERA%20ERA/9b8d0485-be2c-44a9-bc9f-a1b7d656110b.png
47932ac2-e37b-4578-8cbf-cef747e904ec,56 - 170 / PRIMERA EDICION,ABOMINACION,4.0,2,,,,COLECCION: COFRADIA,4,900,4,https://pub-77824f6d0d4542d282fa48605bce7479.r2.dev/cards/MYL/PRIMERA%20ERA/47932ac2-e37b-4578-8cbf-cef747e904ec.png
4c697f7d-8028-4032-91cc-974d0eaede16,MPTO 17/18,ABOMINACION,4.0,2,,,,MUNDOS PERDIDOS: TOMBSTONE,9,2500,3,https://pub-77824f6d0d4542d282fa48605bce7479.r2.dev/cards/MYL/PRIMERA%20ERA/4c697f7d-8028-4032-91cc-974d0eaede16.png
59915cab-d0f2-4a63-9e96-5ba527b4a059,LBPE24-05-21,ABRAMELIN EL MAGO,5.0,5,,,,LOOTBOX PRIMERA ERA 2024,5,2500,2,https://pub-77824f6d0d4542d282fa48605bce7479.r2.dev/cards/MYL/PRIMERA%20ERA/59915cab-d0f2-4a63-9e96-5ba527b4a059.png
04ede69e-b1a5-47bb-9e57-68b6d9d9530e,LPE4 170/320,ABRAMELIN EL MAGO,5.0,5,,,,LEYENDAS PE 4.0,57,600,6,https://pub-77824f6d0d4542d282fa48605bce7479.r2.dev/cards/MYL/PRIMERA%20ERA/04ede69e-b1a5-47bb-9e57-68b6d9d9530e.png
82da5d25-1fc2-4990-86f4-839c59bada70,CRPE4 109 - 117,ABRAMELIN EL MAGO,5.0,5,,,,KIT RACIALES PRIMERA ERA 2025: CAZADOR,19,2000,3,https://pub-77824f6d0d4542d282fa48605bce7479.r2.dev/cards/MYL/PRIMERA%20ERA/82da5d25-1fc2-4990-86f4-839c59bada70.png
42164284-fb7e-4545-8229-5dff2d5f3dd7,LPE4 127/320,ACIHUATL,5.0,5,,,,LEYENDAS PE 4.0,46,600,6,https://pub-77824f6d0d4542d282fa48605bce7479.r2.dev/cards/MYL/PRIMERA%20ERA/42164284-fb7e-4545-8229-5dff2d5f3dd7.png
33649e5a-fca8-46f6-92b1-6d6a3fe2bdf5,TKPE24 24/28,ACTO DE FE,4.0,0,,,,TOOLKIT PREMIUM PUERTAS DEL VALHALLA,14,2500,3,https://pub-77824f6d0d4542d282fa48605bce7479.r2.dev/cards/MYL/PRIMERA%20ERA/33649e5a-fca8-46f6-92b1-6d6a3fe2bdf5.png
89d50b0c-29f1-49b7-bb39-e1dcce6bc801,151 - 236 / PRIMERA EDICION,ACUPUNTURA,4.0,0,,,,COLECCION: ESPIRITU DEL DRAGON,2,100,1,https://pub-77824f6d0d4542d282fa48605bce7479.r2.dev/cards/MYL/PRIMERA%20ERA/89d50b0c-29f1-49b7-bb39-e1dcce6bc801.png
02950a2f-7107-42bc-9be9-b049dfc94233,LPE23 112/300,ACUPUNTURA,4.0,0,,,,LEYENDAS PRIMERA ERA 3.0,23,600,5,https://pub-77824f6d0d4542d282fa48605bce7479.r2.dev/cards/MYL/PRIMERA%20ERA/02950a2f-7107-42bc-9be9-b049dfc94233.png
ca04347e-385b-4df1-a8bd-9bc25c4b273c,LPE23 252/300,ADIVINA,2.0,2,,,,LEYENDAS PRIMERA ERA 3.0,7,100,1,https://pub-77824f6d0d4542d282fa48605bce7479.r2.dev/cards/MYL/PRIMERA%20ERA/ca04347e-385b-4df1-a8bd-9bc25c4b273c.png
969ce34c-3466-46db-8e25-362800319f90,MPV 16/18,AEGIR,3.0,2,,,,MUNDOS PERDIDOS: LA SAGA DE VOLSUNG,5,3000,1,https://pub-77824f6d0d4542d282fa48605bce7479.r2.dev/cards/MYL/PRIMERA%20ERA/969ce34c-3466-46db-8e25-362800319f90.png
c1bcc3dd-0b37-4920-948b-5ac37f594c30,68 - 126 / PRIMERA EDICION,AEGIR,3.0,2,,,,COLECCION: RAGNAROK,8,400,2,https://pub-77824f6d0d4542d282fa48605bce7479.r2.dev/cards/MYL/PRIMERA%20ERA/c1bcc3dd-0b37-4920-948b-5ac37f594c30.png
85285d8e-2087-474d-afb4-c9981cc47722,CRPE-09-72,AEGIR,3.0,2,,,,KIT RACIALES PRIMERA ERA: ABOMINACION,4,2500,2,https://pub-77824f6d0d4542d282fa48605bce7479.r2.dev/cards/MYL/PRIMERA%20ERA/85285d8e-2087-474d-afb4-c9981cc47722.png
180ed6f7-6895-4c64-8fa5-8c4405b6dad2,TKPE25 13/28,AETGIR,2.0,0,,,,TOOLKIT 2025: VALENTIA Y DESOLACION,21,1500,5,https://pub-77824f6d0d4542d282fa48605bce7479.r2.dev/cards/MYL/PRIMERA%20ERA/180ed6f7-6895-4c64-8fa5-8c4405b6dad2.png
cc4b9391-ea0c-4c0d-87bf-25ebea43c7ca,163 - 126 / PRIMERA EDICION,AFRODITA,2.0,0,,,,COLECCION: EL RETO,1,100,1,https://pub-77824f6d0d4542d282fa48605bce7479.r2.dev/cards/MYL/PRIMERA%20ERA/cc4b9391-ea0c-4c0d-87bf-25ebea43c7ca.png
e9893fec-61b2-4d10-ac18-327f6a82ecf0,LPE23 248/300,AFRODITA,2.0,0,,,,LEYENDAS PRIMERA ERA 3.0,6,300,2,https://pub-77824f6d0d4542d282fa48605bce7479.r2.dev/cards/MYL/PRIMERA%20ERA/e9893fec-61b2-4d10-ac18-327f6a82ecf0.png
ad1b209f-14eb-42db-b1cb-044d4c49c9ed,LPE4 98/320,AGRAVAIN,2.0,2,,,,LEYENDAS PE 4.0,42,700,6,https://pub-77824f6d0d4542d282fa48605bce7479.r2.dev/cards/MYL/PRIMERA%20ERA/ad1b209f-14eb-42db-b1cb-044d4c49c9ed.png
bb2cbc8d-452d-4271-bb90-fbfa9cdb9490,LPE4 - 337/320,AH PUCH,5.0,0,,,,KIT DE BATALLA VINLAND,8,1500,3,https://pub-77824f6d0d4542d282fa48605bce7479.r2.dev/cards/MYL/PRIMERA%20ERA/bb2cbc8d-452d-4271-bb90-fbfa9cdb9490.png
fc93b0ff-0c7f-4a01-b61e-66e3fef1bcc1,MPRE 06/18,AHAYUTA,2.0,3,,,,MUNDOS PERDIDOS: NUBE ROJA,14,2000,5,https://pub-77824f6d0d4542d282fa48605bce7479.r2.dev/cards/MYL/PRIMERA%20ERA/fc93b0ff-0c7f-4a01-b61e-66e3fef1bcc1.png
66ffb55c-1cf1-4079-bae7-6eeb9eae4b07,093 - 126 / PRIMERA ERA,AHU KIN,3.0,3,,,,COLECCION: LA IRA DEL NAHUAL,4,300,4,https://pub-77824f6d0d4542d282fa48605bce7479.r2.dev/cards/MYL/PRIMERA%20ERA/66ffb55c-1cf1-4079-bae7-6eeb9eae4b07.png
b99c40de-c942-427f-8106-a0164e1dd806,LPE23 142/300,AHU KIN,3.0,3,,,,LEYENDAS PRIMERA ERA 3.0,17,600,6,https://pub-77824f6d0d4542d282fa48605bce7479.r2.dev/cards/MYL/PRIMERA%20ERA/b99c40de-c942-427f-8106-a0164e1dd806.png
6e37e761-7b68-466d-993b-eccede942d60,LPE4 331/320 P,ALABARDA DE SANGRE,3.0,0,,,,KIT DE BATALLA PAGANO,6,1500,3,https://pub-77824f6d0d4542d282fa48605bce7479.r2.dev/cards/MYL/PRIMERA%20ERA/6e37e761-7b68-466d-993b-eccede942d60.png
2d871b5e-0fb8-4ae2-8e48-43f0389f9577,LBPE24-04-21,ALBION,3.0,0,,,,LOOTBOX PRIMERA ERA 2024,6,2500,2,https://pub-77824f6d0d4542d282fa48605bce7479.r2.dev/cards/MYL/PRIMERA%20ERA/2d871b5e-0fb8-4ae2-8e48-43f0389f9577.png
dc7faa2d-8e3b-47a7-a919-5894239288a2,LPE4 136/320,ALCIS,2.0,5,,,,LEYENDAS PE 4.0,44,600,9,https://pub-77824f6d0d4542d282fa48605bce7479.r2.dev/cards/MYL/PRIMERA%20ERA/dc7faa2d-8e3b-47a7-a919-5894239288a2.png
c03cedf1-ca17-4f1d-9978-2acca1ce0a7a,53 - 126 / PRIMERA EDICION,ALFHEIM,2.0,0,,,,COLECCION: RAGNAROK,4,500,1,https://pub-77824f6d0d4542d282fa48605bce7479.r2.dev/cards/MYL/PRIMERA%20ERA/c03cedf1-ca17-4f1d-9978-2acca1ce0a7a.png
83fac7a3-8dbd-48a3-b5e5-f60a6d51405a,MPTO 11/18,ALIENDO DE CONSUNCION,1.0,0,,,,MUNDOS PERDIDOS: TOMBSTONE,18,2000,4,https://pub-77824f6d0d4542d282fa48605bce7479.r2.dev/cards/MYL/PRIMERA%20ERA/83fac7a3-8dbd-48a3-b5e5-f60a6d51405a.png
50e261de-14d6-4233-a104-9ee280794725,EDICION LIMITADA JO,ALIENTO ARDIENTE,3.0,0,,,,,5,8000,4,https://pub-77824f6d0d4542d282fa48605bce7479.r2.dev/cards/MYL/PRIMERA%20ERA/50e261de-14d6-4233-a104-9ee280794725.png
4a8789ad-c656-49ef-bab8-f5d7d863b054,LPE23 029/300,ALIENTO ARDIENTE,3.0,0,,,,LEYENDAS PRIMERA ERA 3.0,14,1500,5,https://pub-77824f6d0d4542d282fa48605bce7479.r2.dev/cards/MYL/PRIMERA%20ERA/4a8789ad-c656-49ef-bab8-f5d7d863b054.png
7fd68866-9dce-4674-93c6-d49b1eddc80c,LPE4 166/320,ALIENTO ARDIENTE,3.0,0,,,,LEYENDAS PE 4.0,41,600,7,https://pub-77824f6d0d4542d282fa48605bce7479.r2.dev/cards/MYL/PRIMERA%20ERA/7fd68866-9dce-4674-93c6-d49b1eddc80c.png
bef7bdef-5766-4996-ada3-50f497806eda,TKPE26 06/32,ALIENTO CONGELANTE,2.0,0,,,,TOOLKIT 2026: ANCESTRAL,40,2000,7,https://pub-77824f6d0d4542d282fa48605bce7479.r2.dev/cards/MYL/PRIMERA%20ERA/bef7bdef-5766-4996-ada3-50f497806eda.png
35994cf5-b5f3-466b-b6a1-c98961fbcea2,MPDI 10/18,ALIENTO DE FUEGO,,0,,,,MUNDOS PERDIDOS: ALIENTO DE FUEGO,36,2500,10,https://pub-77824f6d0d4542d282fa48605bce7479.r2.dev/pending-versions/a09cd627-0dac-4af7-96c4-4501b80b8882/1786239696720-0.webp
8902b356-6f69-4a99-a962-55895132183c,CRPE4 32 - 117,ALIMANA,1.0,2,,,,KIT RACIALES PRIMERA ERA 2025: VAMPIRO,21,2000,2,https://pub-77824f6d0d4542d282fa48605bce7479.r2.dev/cards/MYL/PRIMERA%20ERA/8902b356-6f69-4a99-a962-55895132183c.png
29be5020-98f5-49f1-8f20-889b64b6fef7,PREMIUM LPE25 08,ALIMANA,1.0,2,,,,LOOTBOX PRIMERA ERA 2025,12,1500,5,https://pub-77824f6d0d4542d282fa48605bce7479.r2.dev/cards/MYL/PRIMERA%20ERA/29be5020-98f5-49f1-8f20-889b64b6fef7.png
94d52914-7157-4735-af2d-f4b252f475a1,MPDI 03/18,ALPHART,,0,,,,MUNDOS PERDIDOS: ALIENTO DE FUEGO,38,3000,8,https://pub-77824f6d0d4542d282fa48605bce7479.r2.dev/pending-versions/a09cd627-0dac-4af7-96c4-4501b80b8882/1786063849250-0.webp
5551130f-7a10-4135-89aa-4ffda3fc8567,LPE4 279/320,ALTAR DE HADAS,4.0,0,,,,LEYENDAS PE 4.0,20,100,1,https://pub-77824f6d0d4542d282fa48605bce7479.r2.dev/cards/MYL/PRIMERA%20ERA/5551130f-7a10-4135-89aa-4ffda3fc8567.png
358085d8-3904-4266-856a-d95c81f069a2,CRPE4 108 - 117,ALTAR DE ODIN,3.0,0,,,,KIT RACIALES PRIMERA ERA 2025: DIOS,14,2000,3,https://pub-77824f6d0d4542d282fa48605bce7479.r2.dev/cards/MYL/PRIMERA%20ERA/358085d8-3904-4266-856a-d95c81f069a2.png
8472497b-b805-4886-a776-7f887d81452f,LPE4 328/320 P,ALTAR SACRO,3.0,0,,,,KIT DE BATALLA PAGANO,23,1500,6,https://pub-77824f6d0d4542d282fa48605bce7479.r2.dev/cards/MYL/PRIMERA%20ERA/8472497b-b805-4886-a776-7f887d81452f.png
68a36184-d35a-499f-a989-9389675aafc2,CRPE4 64-117,ALTO CESAR,2.0,3,,,,KIT RACIALES PRIMERA ERA 2025: GUERRERO,11,1000,4,https://pub-77824f6d0d4542d282fa48605bce7479.r2.dev/cards/MYL/PRIMERA%20ERA/68a36184-d35a-499f-a989-9389675aafc2.png
33c94314-e5f5-4fa8-82aa-476016626ad2,LPE4 190/320,ALTO CESAR,2.0,3,,,,LEYENDAS PE 4.0,34,800,4,https://pub-77824f6d0d4542d282fa48605bce7479.r2.dev/cards/MYL/PRIMERA%20ERA/33c94314-e5f5-4fa8-82aa-476016626ad2.png
357088e0-c450-4e12-8af4-2a1610906667,MPC 07/18,ALTO CESAR,2.0,3,,,,MUNDOS PERDIDOS: CIUDAD DE LOS CESARES,9,1500,2,https://pub-77824f6d0d4542d282fa48605bce7479.r2.dev/cards/MYL/PRIMERA%20ERA/357088e0-c450-4e12-8af4-2a1610906667.png
73f0653d-33ea-497f-9836-bc84734107ff,XINNIAN 3 08/30,AMA NO FUCHIGOMA,2.0,2,,,,XINNIAN 3: ANO DEL CABALLO,23,2500,2,https://pub-77824f6d0d4542d282fa48605bce7479.r2.dev/cards/MYL/PRIMERA%20ERA/73f0653d-33ea-497f-9836-bc84734107ff.png
a2535bfb-06cf-4170-b820-d3c5fc89c0f0,25 - 126 / PRIMERA EDICION,AMANECER,2.0,0,,,,COLECCION: MUNDO GOTICO,1,1000,1,https://pub-77824f6d0d4542d282fa48605bce7479.r2.dev/cards/MYL/PRIMERA%20ERA/a2535bfb-06cf-4170-b820-d3c5fc89c0f0.png
9b65979a-251f-4a3e-89b8-c47d3c19ef7d,LPE23 132/300,AMANECER,2.0,0,,,,LEYENDAS PRIMERA ERA 3.0,11,1000,3,https://pub-77824f6d0d4542d282fa48605bce7479.r2.dev/cards/MYL/PRIMERA%20ERA/9b65979a-251f-4a3e-89b8-c47d3c19ef7d.png
825e7232-2ace-4f1c-aa54-a3b8be079e08,LPE4 147/320,AMANOZAKO,2.0,3,,,,LEYENDAS PE 4.0,59,500,7,https://pub-77824f6d0d4542d282fa48605bce7479.r2.dev/cards/MYL/PRIMERA%20ERA/825e7232-2ace-4f1c-aa54-a3b8be079e08.png
eead676b-6570-4150-ab14-aae2e1af84d4,EXPE - 52 - 120,AMARU,5.0,5,,,,KIT EXTENSION PRIMERA ERA: LA IRA DEL NAHUAL,9,1500,1,https://pub-77824f6d0d4542d282fa48605bce7479.r2.dev/cards/MYL/PRIMERA%20ERA/eead676b-6570-4150-ab14-aae2e1af84d4.png
45a50442-499c-412c-9a9d-d77df69acb29,LPE23 167/300,AMATERATSU,3.0,3,,,,LEYENDAS PRIMERA ERA 3.0,27,700,7,https://pub-77824f6d0d4542d282fa48605bce7479.r2.dev/cards/MYL/PRIMERA%20ERA/45a50442-499c-412c-9a9d-d77df69acb29.png
f4829822-b66d-462a-a849-3f5243a68463,MPO 17/18,AMATERATSU,3.0,3,,,,MUNDOS PERDIDOS: VIAJE AL OESTE,22,1500,6,https://pub-77824f6d0d4542d282fa48605bce7479.r2.dev/cards/MYL/PRIMERA%20ERA/f4829822-b66d-462a-a849-3f5243a68463.png
93ba813f-8dbc-4f04-8daf-e7cd183a66a6,22 - 236 / PRIMERA EDICION,AMATERATSU,3.0,3,,,,COLECCION: ESPIRITU DEL DRAGON,4,400,3,https://pub-77824f6d0d4542d282fa48605bce7479.r2.dev/cards/MYL/PRIMERA%20ERA/93ba813f-8dbc-4f04-8daf-e7cd183a66a6.png
338ecc6a-5dff-4279-9ee7-27a919aa0611,LPE4 101/320,AMAZONAS,2.0,2,,,,LEYENDAS PE 4.0,50,800,7,https://pub-77824f6d0d4542d282fa48605bce7479.r2.dev/cards/MYL/PRIMERA%20ERA/338ecc6a-5dff-4279-9ee7-27a919aa0611.png
8064704e-d284-472e-be60-4c52307d3311,63 - 126 / PRIMERA EDICION,AMAZONAS,2.0,2,,,,COLECCION: EL RETO,10,1000,2,https://pub-77824f6d0d4542d282fa48605bce7479.r2.dev/cards/MYL/PRIMERA%20ERA/8064704e-d284-472e-be60-4c52307d3311.png
aa0ac8e3-2972-4bdb-82c5-19cbd057bcb4,171 - 126 / PRIMERA EDICION,AMBROCE,4.0,4,,,,COLECCION: MUNDO GOTICO,1,100,1,https://pub-77824f6d0d4542d282fa48605bce7479.r2.dev/cards/MYL/PRIMERA%20ERA/aa0ac8e3-2972-4bdb-82c5-19cbd057bcb4.png
d72c6bf9-d364-4cd6-a0c9-70caec903acb,LPE23 256/300,AMBROCE,4.0,4,,,,LEYENDAS PRIMERA ERA 3.0,8,300,2,https://pub-77824f6d0d4542d282fa48605bce7479.r2.dev/cards/MYL/PRIMERA%20ERA/d72c6bf9-d364-4cd6-a0c9-70caec903acb.png
add4a092-dd56-4983-ab30-945bdc752207,LPE4 - 341/320,AMOR DE VALKYRIA,1.0,0,,,,KIT DE BATALLA VINLAND,9,2000,3,https://pub-77824f6d0d4542d282fa48605bce7479.r2.dev/cards/MYL/PRIMERA%20ERA/add4a092-dd56-4983-ab30-945bdc752207.png
ffe7f99b-81bb-44a9-be3c-817940b936e1,49 - 126 / PRIMERA EDICION,AMOR DE VALKYRIA,1.0,0,,,,COLECCION: RAGNAROK,3,1500,1,https://pub-77824f6d0d4542d282fa48605bce7479.r2.dev/cards/MYL/PRIMERA%20ERA/ffe7f99b-81bb-44a9-be3c-817940b936e1.png
d6831d0b-9856-4cd2-9647-433e88b90abf,TKPE26 11/32,AMOR DE VALKYRIA,1.0,0,,,,TOOLKIT 2026: ANCESTRAL,40,1500,7,https://pub-77824f6d0d4542d282fa48605bce7479.r2.dev/cards/MYL/PRIMERA%20ERA/d6831d0b-9856-4cd2-9647-433e88b90abf.png
9e85125b-54cf-4a39-98fb-08b6b08aa4e1,TKPE26 32/32,AMULETO DE CARIBU,,0,,,,TOOLKIT 2026: ESPIRITU,8,5000,2,https://pub-77824f6d0d4542d282fa48605bce7479.r2.dev/cards/MYL/PRIMERA%20ERA/9e85125b-54cf-4a39-98fb-08b6b08aa4e1.png
93ed4d26-b132-45d0-b4cf-09ea9e5a74a1,43 - 126 / PRIMERA EDICION,AMULETO DE THOR,2.0,0,,,,COLECCION: RAGNAROK,1,100,1,https://pub-77824f6d0d4542d282fa48605bce7479.r2.dev/cards/MYL/PRIMERA%20ERA/93ed4d26-b132-45d0-b4cf-09ea9e5a74a1.png
79d0a65d-0d1a-4a28-9bd5-3cc0fe3adfbb,EDICION LIMITADA JO,AMULETO DE THOR,2.0,0,,,,,22,3500,7,https://pub-77824f6d0d4542d282fa48605bce7479.r2.dev/pending-versions/a09cd627-0dac-4af7-96c4-4501b80b8882/1783274705952-0.webp
ee4b146a-a053-4951-a863-d0963bb8375a,LPE23 219/300,AMULETO DE THOR,2.0,0,,,,LEYENDAS PRIMERA ERA 3.0,1,100,1,https://pub-77824f6d0d4542d282fa48605bce7479.r2.dev/cards/MYL/PRIMERA%20ERA/ee4b146a-a053-4951-a863-d0963bb8375a.png
d30f0e6c-86bb-4294-bca3-9339872542d0,TKPE26 19/32,AMULETO PAGANO,,0,,,,TOOLKIT 2026: ESPIRITU,28,3500,6,https://pub-77824f6d0d4542d282fa48605bce7479.r2.dev/cards/MYL/PRIMERA%20ERA/d30f0e6c-86bb-4294-bca3-9339872542d0.png
eab2f282-7ca6-466f-b47b-50a01b91ac8a,LPE4 332/320 P,AMULETO PAGANO,,0,,,,KIT DE BATALLA PAGANO,5,4000,4,https://pub-77824f6d0d4542d282fa48605bce7479.r2.dev/cards/MYL/PRIMERA%20ERA/eab2f282-7ca6-466f-b47b-50a01b91ac8a.png
c0778744-a027-4a09-b859-4542bb65d118,LPE23 209/300,ANCHANCHO,3.0,0,,,,LEYENDAS PRIMERA ERA 3.0,2,100,1,https://pub-77824f6d0d4542d282fa48605bce7479.r2.dev/cards/MYL/PRIMERA%20ERA/c0778744-a027-4a09-b859-4542bb65d118.png
6cf729d2-e154-48a4-88f7-37d97fe44a38,001 - 126 / PRIMERA ERA,ANCHANCHO,3.0,0,,,,COLECCION: LA IRA DEL NAHUAL,1,100,1,https://pub-77824f6d0d4542d282fa48605bce7479.r2.dev/cards/MYL/PRIMERA%20ERA/6cf729d2-e154-48a4-88f7-37d97fe44a38.png
58493aa6-5c2c-43ab-85df-f96a71820b12,REX 04/12,ANFIPTERO,3.0,3,,,,MUNDO MEDIEVAL,5,1500,3,https://pub-77824f6d0d4542d282fa48605bce7479.r2.dev/cards/MYL/PRIMERA%20ERA/58493aa6-5c2c-43ab-85df-f96a71820b12.png
27813924-9c6c-43de-82b1-2fd0032055b3,PREMIUM LPE25 02,ANFIPTERO,3.0,3,,,,LOOTBOX PRIMERA ERA 2025,16,2000,5,https://pub-77824f6d0d4542d282fa48605bce7479.r2.dev/cards/MYL/PRIMERA%20ERA/27813924-9c6c-43de-82b1-2fd0032055b3.png
98eae85d-1c33-4d6a-9f4d-5be5d7bfa632,38-126,ANIMA NEGRA,2.0,0,,,,,3,3000,1,https://pub-77824f6d0d4542d282fa48605bce7479.r2.dev/pending-versions/a09cd627-0dac-4af7-96c4-4501b80b8882/1789744141641-0.webp
615950df-ecca-4984-8538-705f912a96a5,MPT-11-18,ANIQUILAR,5.0,0,,,,MUNDOS PERDIDOS: SENORES DEL TRUENO,9,1000,4,https://pub-77824f6d0d4542d282fa48605bce7479.r2.dev/cards/MYL/PRIMERA%20ERA/615950df-ecca-4984-8538-705f912a96a5.png
960bab73-da09-42da-b501-584cc4298216,LPE4 56/320,ANTU,4.0,4,,,,LEYENDAS PE 4.0,29,2000,5,https://pub-77824f6d0d4542d282fa48605bce7479.r2.dev/cards/MYL/PRIMERA%20ERA/960bab73-da09-42da-b501-584cc4298216.png
218d2f2b-77f9-4dab-aca3-d508759f655e,MPC 04/18,ANTU,4.0,4,,,,MUNDOS PERDIDOS: CIUDAD DE LOS CESARES,8,2000,2,https://pub-77824f6d0d4542d282fa48605bce7479.r2.dev/cards/MYL/PRIMERA%20ERA/218d2f2b-77f9-4dab-aca3-d508759f655e.png
3899831b-586a-4449-88ec-34078f4020ee,CRPE4 50 - 117,ANTU,4.0,4,,,,KIT RACIALES PRIMERA ERA 2025: CHAMAN,17,2000,4,https://pub-77824f6d0d4542d282fa48605bce7479.r2.dev/cards/MYL/PRIMERA%20ERA/3899831b-586a-4449-88ec-34078f4020ee.png
aabd220d-b07e-48fa-8a1d-43acd449a2c7,LPE4 10/320,ANTU,4.0,4,,,,LEYENDAS PE 4.0,3,10000,3,https://pub-77824f6d0d4542d282fa48605bce7479.r2.dev/cards/MYL/PRIMERA%20ERA/aabd220d-b07e-48fa-8a1d-43acd449a2c7.png
fbb0e5dc-f1ec-4c54-9f04-bc3bdb0c2c4d,57 - 170 / PRIMERA EDICION,ANUBIS,2.0,0,,,,COLECCION: COFRADIA,1,1000,1,https://pub-77824f6d0d4542d282fa48605bce7479.r2.dev/cards/MYL/PRIMERA%20ERA/fbb0e5dc-f1ec-4c54-9f04-bc3bdb0c2c4d.png
348483e4-73e3-4070-abdf-9ba2033b48e2,67 - 126 / PRIMERA EDICION,ANUBIS,2.0,0,,,,COLECCION: EL RETO,4,2000,1,https://pub-77824f6d0d4542d282fa48605bce7479.r2.dev/cards/MYL/PRIMERA%20ERA/348483e4-73e3-4070-abdf-9ba2033b48e2.png
d9b79d55-1b3d-48d7-bf79-305a3cbb92f6,CRPE5 55 - 84,AO GUANG,3.0,3,,,,KIT RACIALES PRIMERA ERA 2025: CRIATURAS,11,2000,2,https://pub-77824f6d0d4542d282fa48605bce7479.r2.dev/cards/MYL/PRIMERA%20ERA/d9b79d55-1b3d-48d7-bf79-305a3cbb92f6.png
c722edb9-3e63-4205-918f-5c0ae2a80b8b,XINNIAN 02/32,AO GUANG,3.0,3,,,,XINNIAN: ANO DEL DRAGON,9,1500,3,https://pub-77824f6d0d4542d282fa48605bce7479.r2.dev/cards/MYL/PRIMERA%20ERA/c722edb9-3e63-4205-918f-5c0ae2a80b8b.png
18c67c0e-4f06-4c9a-a0aa-efd01d6b93d1,LPE4 238/320,APU ILLA,2.0,2,,,,LEYENDAS PE 4.0,20,100,1,https://pub-77824f6d0d4542d282fa48605bce7479.r2.dev/cards/MYL/PRIMERA%20ERA/18c67c0e-4f06-4c9a-a0aa-efd01d6b93d1.png
3b1b3615-581f-427a-9764-4c4b1249ed3f,LPE23 202/300,APU ILLA,2.0,2,,,,LEYENDAS PRIMERA ERA 3.0,4,100,1,https://pub-77824f6d0d4542d282fa48605bce7479.r2.dev/cards/MYL/PRIMERA%20ERA/3b1b3615-581f-427a-9764-4c4b1249ed3f.png
3d8ef342-fca3-401d-b0cc-e33c684e8a08,065 - 126 / PRIMERA ERA,APU ILLA,2.0,2,,,,COLECCION: LA IRA DEL NAHUAL,3,300,2,https://pub-77824f6d0d4542d282fa48605bce7479.r2.dev/cards/MYL/PRIMERA%20ERA/3d8ef342-fca3-401d-b0cc-e33c684e8a08.png
6a3fd153-e50e-48e4-93c7-6e57d38635d3,MPC 17/18,APU ILLA,2.0,2,,,,MUNDOS PERDIDOS: CIUDAD DE LOS CESARES,19,2000,3,https://pub-77824f6d0d4542d282fa48605bce7479.r2.dev/cards/MYL/PRIMERA%20ERA/6a3fd153-e50e-48e4-93c7-6e57d38635d3.png
af0a7b43-047e-4e2a-981f-b2250a7e2c3e,LPE23 047/300,ARANA TROLL,2.0,2,,,,LEYENDAS PRIMERA ERA 3.0,10,1500,3,https://pub-77824f6d0d4542d282fa48605bce7479.r2.dev/cards/MYL/PRIMERA%20ERA/af0a7b43-047e-4e2a-981f-b2250a7e2c3e.png
0b77dfbd-c1d6-4796-8a95-4fb21b217c5c,CRPE4 75 - 117,ARANA TROLL,2.0,2,,,,KIT RACIALES PRIMERA ERA 2025: ABOMINACION,15,1500,3,https://pub-77824f6d0d4542d282fa48605bce7479.r2.dev/cards/MYL/PRIMERA%20ERA/0b77dfbd-c1d6-4796-8a95-4fb21b217c5c.png
6317d963-33d4-4652-8aa3-c935b1dda141,LPE4 194/320,ARANA TROLL,2.0,2,,,,LEYENDAS PE 4.0,31,800,6,https://pub-77824f6d0d4542d282fa48605bce7479.r2.dev/cards/MYL/PRIMERA%20ERA/6317d963-33d4-4652-8aa3-c935b1dda141.png
0fb81828-ea1b-4277-b171-7955a58cb3ed,140 - 126 / PRIMERA EDICION,ARBOL DE LA JUSTICIA,4.0,0,,,,COLECCION: MUNDO GOTICO,1,100,1,https://pub-77824f6d0d4542d282fa48605bce7479.r2.dev/cards/MYL/PRIMERA%20ERA/0fb81828-ea1b-4277-b171-7955a58cb3ed.png
c98e32db-37da-404f-aa49-fa6a47072efb,LPE23 259/300,ARBOL DE LA JUSTICIA,4.0,0,,,,LEYENDAS PRIMERA ERA 3.0,7,100,1,https://pub-77824f6d0d4542d282fa48605bce7479.r2.dev/cards/MYL/PRIMERA%20ERA/c98e32db-37da-404f-aa49-fa6a47072efb.png
a297ee30-839e-4e93-bf44-9510b19941dd,LPE4 293/320,ARCABUZ,2.0,0,,,,LEYENDAS PE 4.0,23,300,2,https://pub-77824f6d0d4542d282fa48605bce7479.r2.dev/cards/MYL/PRIMERA%20ERA/a297ee30-839e-4e93-bf44-9510b19941dd.png
8685c616-51e4-4776-bed9-a0d7dc042187,LPE23 006/300,ARCO DE ULLR,3.0,0,,,,LEYENDAS PRIMERA ERA 3.0,5,10000,4,https://pub-77824f6d0d4542d282fa48605bce7479.r2.dev/cards/MYL/PRIMERA%20ERA/8685c616-51e4-4776-bed9-a0d7dc042187.png
19ceda76-2d31-4c39-ae42-a802bed48669,LPE23 224/300,ARCO DE ULLR,3.0,0,,,,LEYENDAS PRIMERA ERA 3.0,13,500,2,https://pub-77824f6d0d4542d282fa48605bce7479.r2.dev/cards/MYL/PRIMERA%20ERA/19ceda76-2d31-4c39-ae42-a802bed48669.png
0985284e-1c3d-4f12-b035-ffc65175461c,61 - 126 / PRIMERA EDICION,ARCO DE ULLR,3.0,0,,,,COLECCION: RAGNAROK,6,500,2,https://pub-77824f6d0d4542d282fa48605bce7479.r2.dev/cards/MYL/PRIMERA%20ERA/0985284e-1c3d-4f12-b035-ffc65175461c.png
f1ea3d93-8d56-4e86-a619-3178bfcf3d26,TKPE1 - 03 - 13,ARCO DE ULLR,3.0,0,,,,TOOLKIT PRIMERA ERA: WALKIRIAS,4,3000,1,https://pub-77824f6d0d4542d282fa48605bce7479.r2.dev/cards/MYL/PRIMERA%20ERA/f1ea3d93-8d56-4e86-a619-3178bfcf3d26.png
a18712ff-0e0d-4957-9af9-e525638a7659,TKPE26 31/32,ARCO DELAWARE,2.0,0,,,,TOOLKIT 2026: ESPIRITU,24,2500,5,https://pub-77824f6d0d4542d282fa48605bce7479.r2.dev/cards/MYL/PRIMERA%20ERA/a18712ff-0e0d-4957-9af9-e525638a7659.png
9e08dd11-2930-4413-a258-9865f60552bd,MPAT 12/18,ARCO HUNO,,0,,,,MUNDOS PERDIDOS: HORDA ESTEPARIA,41,2500,9,https://pub-77824f6d0d4542d282fa48605bce7479.r2.dev/pending-versions/b457c3e0-41ed-4a6b-8d6b-438846ff4e1d/1785700004427-0.webp
c8958c5f-b166-4409-a7d4-4f2615211153,LPE4 - 335/320,ARCO NASKAPI,3.0,0,,,,KIT DE BATALLA VINLAND,16,3000,2,https://pub-77824f6d0d4542d282fa48605bce7479.r2.dev/cards/MYL/PRIMERA%20ERA/c8958c5f-b166-4409-a7d4-4f2615211153.png
f0d142e2-b2bc-4105-bf8a-2db416002352,TKPE26 25/32,ARCO NASKAPI,3.0,0,,,,TOOLKIT 2026: ESPIRITU,37,2000,8,https://pub-77824f6d0d4542d282fa48605bce7479.r2.dev/cards/MYL/PRIMERA%20ERA/f0d142e2-b2bc-4105-bf8a-2db416002352.png
45e0bbbb-ebc7-472d-baaf-25d713c3dcc3,EDICION LIMITADA JO,ARCO Y FLECHAS,3.0,0,,,,,6,3500,4,https://pub-77824f6d0d4542d282fa48605bce7479.r2.dev/pending-versions/a09cd627-0dac-4af7-96c4-4501b80b8882/1783272415931-0.webp
5d7d1acc-05b1-4c34-990b-32b663e20339,49 - 126 / PRIMERA EDICION,ARCO Y FLECHAS,3.0,0,,,,,2,3000,2,https://pub-77824f6d0d4542d282fa48605bce7479.r2.dev/pending-versions/a09cd627-0dac-4af7-96c4-4501b80b8882/1783275457206-0.webp
094122e8-2f60-433b-af99-6f51754d7e8a,LPE23 146/300,ARCO Y FLECHAS,3.0,0,,,,LEYENDAS PRIMERA ERA 3.0,15,700,6,https://pub-77824f6d0d4542d282fa48605bce7479.r2.dev/cards/MYL/PRIMERA%20ERA/094122e8-2f60-433b-af99-6f51754d7e8a.png
238cdcfb-6869-4409-ba40-f2bbda9060a8,049 - 126 / PRIMERA ERA,ARCO Y FLECHAS,3.0,0,,,,COLECCION: LA IRA DEL NAHUAL,5,200,2,https://pub-77824f6d0d4542d282fa48605bce7479.r2.dev/cards/MYL/PRIMERA%20ERA/238cdcfb-6869-4409-ba40-f2bbda9060a8.png
4612862e-6e9c-4a3a-8153-d59ed9831d6f,4 - 236 / PRIMERA EDICION,ARLEQUIN,3.0,0,,,,LEYENDAS PRIMERA ERA 1.0,1,9000,1,https://pub-77824f6d0d4542d282fa48605bce7479.r2.dev/cards/MYL/PRIMERA%20ERA/4612862e-6e9c-4a3a-8153-d59ed9831d6f.png
3092e051-2431-4668-9bc8-bbcf826072ad,58 - 170 / PRIMERA EDICION,ARLEQUIN,3.0,0,,,,COLECCION: COFRADIA,5,1000,2,https://pub-77824f6d0d4542d282fa48605bce7479.r2.dev/cards/MYL/PRIMERA%20ERA/3092e051-2431-4668-9bc8-bbcf826072ad.png
c5446f14-8142-4e44-921c-568a8699bae2,11 - 126 / PRIMERA EDICION,ARLEQUIN,3.0,0,,,,COLECCION: MUNDO GOTICO,24,1500,6,https://pub-77824f6d0d4542d282fa48605bce7479.r2.dev/cards/MYL/PRIMERA%20ERA/c5446f14-8142-4e44-921c-568a8699bae2.png
cdfcd8ed-ceae-49fe-b982-5a6b337870cf,LPE4 92/320,ARMADURA DE VALKYRIA,,0,,,,LEYENDAS PE 4.0,7,3000,2,https://pub-77824f6d0d4542d282fa48605bce7479.r2.dev/cards/MYL/PRIMERA%20ERA/cdfcd8ed-ceae-49fe-b982-5a6b337870cf.png
2d257254-baea-4890-971a-ae271ca01e1c,EDICION LIMITADA JO,ARMADURA DE VALKYRIA,,0,,,,,27,6000,4,https://pub-77824f6d0d4542d282fa48605bce7479.r2.dev/pending-versions/a09cd627-0dac-4af7-96c4-4501b80b8882/1783274818558-0.webp
eb5982a0-96a5-4cb7-b7ce-75e7090f1401,TKPE26 10/32,ARMADURA DE VALKYRIA,,0,,,,TOOLKIT 2026: ANCESTRAL,37,2000,9,https://pub-77824f6d0d4542d282fa48605bce7479.r2.dev/cards/MYL/PRIMERA%20ERA/eb5982a0-96a5-4cb7-b7ce-75e7090f1401.png
d931e9a7-6bb6-4531-b0c9-75c176979fc1,EXPE - 80 - 120,ARMADURA DE VALKYRIA,,0,,,,KIT EXTENSION PRIMERA ERA: RAGNAROK,9,2500,3,https://pub-77824f6d0d4542d282fa48605bce7479.r2.dev/cards/MYL/PRIMERA%20ERA/d931e9a7-6bb6-4531-b0c9-75c176979fc1.png
c9ef5774-2eaf-4aa8-823a-28c774f89524,TKPE24 20/28,ARMADURA DE VALKYRIA,,0,,,,TOOLKIT PREMIUM PUERTAS DEL VALHALLA,6,2500,2,https://pub-77824f6d0d4542d282fa48605bce7479.r2.dev/cards/MYL/PRIMERA%20ERA/c9ef5774-2eaf-4aa8-823a-28c774f89524.png
a6959c0a-7a91-44d6-a2f4-0cee9a2afb9b,TKPE24 05/28,ARMADURA DORADA,2.0,0,,,,TOOLKIT PREMIUM JUSTA,18,1500,3,https://pub-77824f6d0d4542d282fa48605bce7479.r2.dev/cards/MYL/PRIMERA%20ERA/a6959c0a-7a91-44d6-a2f4-0cee9a2afb9b.png
1e553771-0c50-4a68-863d-164dcbce31a8,PROMO EXCLUSIVA PE 01,ARMADURA DORADA,2.0,0,,,,TOOLKIT: ODIN,2,3000,1,https://pub-77824f6d0d4542d282fa48605bce7479.r2.dev/cards/MYL/PRIMERA%20ERA/1e553771-0c50-4a68-863d-164dcbce31a8.png
0cb379d6-f18a-4aeb-a59b-5b5f0df7e11d,LPE4 281/320,ARMSTRONG,3.0,3,,,,LEYENDAS PE 4.0,20,100,1,https://pub-77824f6d0d4542d282fa48605bce7479.r2.dev/cards/MYL/PRIMERA%20ERA/0cb379d6-f18a-4aeb-a59b-5b5f0df7e11d.png
59524ab2-b7b2-495b-83d6-631fc21968f5,101 - 126 / PRIMERA EDICION,ARMSTRONG,3.0,3,,,,COLECCION: MUNDO GOTICO,1,100,1,https://pub-77824f6d0d4542d282fa48605bce7479.r2.dev/cards/MYL/PRIMERA%20ERA/59524ab2-b7b2-495b-83d6-631fc21968f5.png
e77b9c0e-4b94-4b11-af89-c170a9788ce0,EXPE - 31 - 120,ARMSTRONG,3.0,3,,,,KIT EXTENSION PRIMERA ERA: MUNDO GOTICO,6,2000,2,https://pub-77824f6d0d4542d282fa48605bce7479.r2.dev/cards/MYL/PRIMERA%20ERA/e77b9c0e-4b94-4b11-af89-c170a9788ce0.png
22b82471-a033-4650-b66c-46266aa56c66,PROMOCIONAL LPE25 06,ARMSTRONG,3.0,3,,,,LOOTBOX PRIMERA ERA 2025,13,1500,3,https://pub-77824f6d0d4542d282fa48605bce7479.r2.dev/cards/MYL/PRIMERA%20ERA/22b82471-a033-4650-b66c-46266aa56c66.png
29cca995-383f-4538-8708-7bc86f086e99,LBPE24-01-21,ARTEGALL,1.0,3,,,,LOOTBOX PRIMERA ERA 2024,18,1500,3,https://pub-77824f6d0d4542d282fa48605bce7479.r2.dev/cards/MYL/PRIMERA%20ERA/29cca995-383f-4538-8708-7bc86f086e99.png
42e00f11-ba38-4228-a6de-ca2f1d0132e6,LPE4 161/320,ARTEGALL,1.0,3,,,,LEYENDAS PE 4.0,44,600,7,https://pub-77824f6d0d4542d282fa48605bce7479.r2.dev/cards/MYL/PRIMERA%20ERA/42e00f11-ba38-4228-a6de-ca2f1d0132e6.png
f961620e-ce64-4d67-8986-5d91b87ae022,CRPE5 07 - 84,ARTEGALL,1.0,3,,,,KIT RACIALES PRIMERA ERA 2025: CABALLERO,16,1000,3,https://pub-77824f6d0d4542d282fa48605bce7479.r2.dev/cards/MYL/PRIMERA%20ERA/f961620e-ce64-4d67-8986-5d91b87ae022.png
6e39a93d-ae34-4b4e-814c-c5ed5042ecf3,LPE23 315/300,ASALTAR SANTUARIO,3.0,0,,,,LEYENDAS PRIMERA ERA 3.0,11,2000,3,https://pub-77824f6d0d4542d282fa48605bce7479.r2.dev/cards/MYL/PRIMERA%20ERA/6e39a93d-ae34-4b4e-814c-c5ed5042ecf3.png
aab14a2a-28cc-453f-b75b-c4632c7a880d,EXPE - 73 - 120,ASALTAR SANTUARIO,3.0,0,,,,KIT EXTENSION PRIMERA ERA: RAGNAROK,13,2000,4,https://pub-77824f6d0d4542d282fa48605bce7479.r2.dev/cards/MYL/PRIMERA%20ERA/aab14a2a-28cc-453f-b75b-c4632c7a880d.png
8c109fda-c713-4edd-936f-378b4b08c204,MPSG 07/18,ASKAFROA,,0,,,,MUNDOS PERDIDOS: LOCURA DE DRAGON,30,2500,7,https://pub-77824f6d0d4542d282fa48605bce7479.r2.dev/pending-versions/b457c3e0-41ed-4a6b-8d6b-438846ff4e1d/1785705860984-0.webp
3f78a4af-0cdb-44b6-9210-50fe825ca8b3,LPE4 252/320,ASTUCIA DE LOKI,4.0,0,,,,LEYENDAS PE 4.0,21,500,2,https://pub-77824f6d0d4542d282fa48605bce7479.r2.dev/cards/MYL/PRIMERA%20ERA/3f78a4af-0cdb-44b6-9210-50fe825ca8b3.png
54e9b3cb-0641-42cc-bf8d-ddbfb6c261a7,MPO 12/18,ATAQUE DRAGON,6.0,0,,,,MUNDOS PERDIDOS: VIAJE AL OESTE,18,2000,5,https://pub-77824f6d0d4542d282fa48605bce7479.r2.dev/cards/MYL/PRIMERA%20ERA/54e9b3cb-0641-42cc-bf8d-ddbfb6c261a7.png
1771c9a1-5732-48ed-a52a-ac4bbcda5213,MPRE 10/18,ATAQUE RELAMPAGO,2.0,0,,,,MUNDOS PERDIDOS: NUBE ROJA,9,2500,3,https://pub-77824f6d0d4542d282fa48605bce7479.r2.dev/cards/MYL/PRIMERA%20ERA/1771c9a1-5732-48ed-a52a-ac4bbcda5213.png
efd2b513-f8fd-4617-945c-02b620ab0a7b,139 - 126 / PRIMERA EDICION,ATAQUE SUICIDA,,0,,,,COLECCION: MUNDO GOTICO,8,500,2,https://pub-77824f6d0d4542d282fa48605bce7479.r2.dev/cards/MYL/PRIMERA%20ERA/efd2b513-f8fd-4617-945c-02b620ab0a7b.png
3edf07b2-ea67-4d0f-990b-9970b67393d1,13 - 174 / PRIMERA EDICION,ATAQUE SUICIDA,,0,,,,PRIMERA EDICION,6,1000,3,https://pub-77824f6d0d4542d282fa48605bce7479.r2.dev/pending-versions/b457c3e0-41ed-4a6b-8d6b-438846ff4e1d/1786468324293-0.webp
48cdef2e-583d-4c29-8914-54381d61a57c,114 - 126 / PRIMERA EDICION,ATAUD DE MARFIL,,0,,,,COLECCION: RAGNAROK,9,1000,4,https://pub-77824f6d0d4542d282fa48605bce7479.r2.dev/cards/MYL/PRIMERA%20ERA/48cdef2e-583d-4c29-8914-54381d61a57c.png
585ae1bd-fa99-4865-86a8-66bf0c9547ed,PROMOCIONAL LPE25 20,ATAUD DE MARFIL,,0,,,,LOOTBOX PRIMERA ERA 2025,5,3000,3,https://pub-77824f6d0d4542d282fa48605bce7479.r2.dev/cards/MYL/PRIMERA%20ERA/585ae1bd-fa99-4865-86a8-66bf0c9547ed.png
f7a72cb1-072d-4e2b-a6d1-aab3a7aa740f,114 - 126 / PRIMERA EDICION,ATAUD DE MARFIL,,0,,,,,3,11000,2,https://pub-77824f6d0d4542d282fa48605bce7479.r2.dev/pending-versions/a09cd627-0dac-4af7-96c4-4501b80b8882/1783276916840-0.webp
cb2fea73-2b11-4101-8d21-83f42396dfdd,MPAT 01/18,ATILA,,0,,,,MUNDOS PERDIDOS: HORDA ESTEPARIA,47,2500,9,https://pub-77824f6d0d4542d282fa48605bce7479.r2.dev/pending-versions/b457c3e0-41ed-4a6b-8d6b-438846ff4e1d/1785628114195-0.webp
79456587-534f-4304-a166-9b7ccf04cc55,LPE23 123/300,ATLASOV,3.0,2,,,,LEYENDAS PRIMERA ERA 3.0,25,600,6,https://pub-77824f6d0d4542d282fa48605bce7479.r2.dev/cards/MYL/PRIMERA%20ERA/79456587-534f-4304-a166-9b7ccf04cc55.png
35723c64-d842-4797-9ab5-e918c8e06823,042 - 126 / PRIMERA ERA,ATLATL,3.0,0,,,,COLECCION: LA IRA DEL NAHUAL,1,1500,1,https://pub-77824f6d0d4542d282fa48605bce7479.r2.dev/cards/MYL/PRIMERA%20ERA/35723c64-d842-4797-9ab5-e918c8e06823.png
b3516161-d625-414c-9b9f-8032716dd2a5,LBPE24-09-21,ATOTOLIN,1.0,1,,,,LOOTBOX PRIMERA ERA 2024,6,1000,3,https://pub-77824f6d0d4542d282fa48605bce7479.r2.dev/cards/MYL/PRIMERA%20ERA/b3516161-d625-414c-9b9f-8032716dd2a5.png
a31a61bb-35e3-4d4a-938a-e0cee3239a3a,LPE4 184/320,ATOTOLIN,1.0,1,,,,LEYENDAS PE 4.0,49,600,8,https://pub-77824f6d0d4542d282fa48605bce7479.r2.dev/cards/MYL/PRIMERA%20ERA/a31a61bb-35e3-4d4a-938a-e0cee3239a3a.png
5ae04000-a1fb-45b1-8eb7-a8ec6e38f7ee,CRPE4 42 - 117,ATOTOLIN,1.0,1,,,,KIT RACIALES PRIMERA ERA 2025: BESTIA,14,1000,3,https://pub-77824f6d0d4542d282fa48605bce7479.r2.dev/cards/MYL/PRIMERA%20ERA/5ae04000-a1fb-45b1-8eb7-a8ec6e38f7ee.png
fd2f4a71-a191-4df8-8ce1-5f266102fb66,003 - 126 / PRIMERA ERA,AUCA,1.0,0,,,,COLECCION: LA IRA DEL NAHUAL,4,600,3,https://pub-77824f6d0d4542d282fa48605bce7479.r2.dev/cards/MYL/PRIMERA%20ERA/fd2f4a71-a191-4df8-8ce1-5f266102fb66.png
d8dca88f-fd99-461f-b68e-598921324d2a,LPE4 106/320,AVALON,2.0,0,,,,LEYENDAS PE 4.0,48,700,7,https://pub-77824f6d0d4542d282fa48605bce7479.r2.dev/cards/MYL/PRIMERA%20ERA/d8dca88f-fd99-461f-b68e-598921324d2a.png
57e8341b-ad95-40fb-a8ce-998efc832f13,MPA-00-18,AVALON,2.0,0,,,,MUNDOS PERDIDOS: LEYENDAS DE AVALON,9,2000,3,https://pub-77824f6d0d4542d282fa48605bce7479.r2.dev/cards/MYL/PRIMERA%20ERA/57e8341b-ad95-40fb-a8ce-998efc832f13.png
be5a6423-9af6-4691-aa5d-a3e34c8e3c97,EDICIÓN LIMITADA JO,AVE FENIX,3.0,2,,,,JUEGO ORGANIZADO,10,5500,2,https://pub-77824f6d0d4542d282fa48605bce7479.r2.dev/pending-versions/efaa6295-f0d9-4ace-a854-648c041539e0/1787852704139-0.webp
28ff13d3-27dc-4e34-b1ef-5fd7573731be,CRPE5 32 - 84,AVE FENIX,3.0,2,,,,KIT RACIALES PRIMERA ERA 2025: FAERIE,2,4000,2,https://pub-77824f6d0d4542d282fa48605bce7479.r2.dev/cards/MYL/PRIMERA%20ERA/28ff13d3-27dc-4e34-b1ef-5fd7573731be.png
c8654a6d-2adb-4b8d-bf67-aa7e5ba69fd4,MPC 01/18,AYAYEMA,4.0,4,,,,MUNDOS PERDIDOS: CIUDAD DE LOS CESARES,14,2000,3,https://pub-77824f6d0d4542d282fa48605bce7479.r2.dev/cards/MYL/PRIMERA%20ERA/c8654a6d-2adb-4b8d-bf67-aa7e5ba69fd4.png
cc7b0d67-8b2c-47c8-bfa6-6795396f3271,LBPE24-12-21,AZTLAN,3.0,0,,,,LOOTBOX PRIMERA ERA 2024,1,1500,1,https://pub-77824f6d0d4542d282fa48605bce7479.r2.dev/cards/MYL/PRIMERA%20ERA/cc7b0d67-8b2c-47c8-bfa6-6795396f3271.png
cd6ac1e0-c6e5-4deb-8470-1aab444980b3,TKPE25 22/28,BAAL,3.0,0,,,,TOOLKIT 2025: HONOR Y FEROCIDAD,28,1500,4,https://pub-77824f6d0d4542d282fa48605bce7479.r2.dev/cards/MYL/PRIMERA%20ERA/cd6ac1e0-c6e5-4deb-8470-1aab444980b3.png
e705dad9-8963-43dc-9160-e5c40f151192,LPE4 278/320,BAAL,3.0,0,,,,LEYENDAS PE 4.0,23,300,2,https://pub-77824f6d0d4542d282fa48605bce7479.r2.dev/cards/MYL/PRIMERA%20ERA/e705dad9-8963-43dc-9160-e5c40f151192.png
b5967206-8a98-45fa-91eb-8d253b59bcd1,LPE4 116/320,BACULO,,0,,,,LEYENDAS PE 4.0,45,1500,8,https://pub-77824f6d0d4542d282fa48605bce7479.r2.dev/cards/MYL/PRIMERA%20ERA/b5967206-8a98-45fa-91eb-8d253b59bcd1.png
746dab07-91ad-48c3-a07c-99d7ac929aa1,EDICION LIMITADA JO,BACULO,,0,,,,,10,6500,3,https://pub-77824f6d0d4542d282fa48605bce7479.r2.dev/pending-versions/a09cd627-0dac-4af7-96c4-4501b80b8882/1783266764124-0.webp
9e97663d-f9de-460d-8f55-7c3c6a72a216,MPT-14-18,BACULO DEL TRUENO,2.0,0,,,,MUNDOS PERDIDOS: SENORES DEL TRUENO,7,500,2,https://pub-77824f6d0d4542d282fa48605bce7479.r2.dev/cards/MYL/PRIMERA%20ERA/9e97663d-f9de-460d-8f55-7c3c6a72a216.png
a8ecf588-0aae-4d5a-aa98-fc4fe219359b,LPE4 82/320,BAFOMETH,,0,,,,LEYENDAS PE 4.0,1,4500,1,https://pub-77824f6d0d4542d282fa48605bce7479.r2.dev/cards/MYL/PRIMERA%20ERA/a8ecf588-0aae-4d5a-aa98-fc4fe219359b.png
5ad2c46d-5d84-4a03-ad36-164ebecbfc29,SECRETA-EXCLUSIVA-05,BAFOMETH,,0,,,,LOOTBOX PRIMERA ERA 2024,4,6500,2,https://pub-77824f6d0d4542d282fa48605bce7479.r2.dev/cards/MYL/PRIMERA%20ERA/5ad2c46d-5d84-4a03-ad36-164ebecbfc29.png
91333abb-6504-4c23-b7b7-fb436c335243,EDICION LIMITADA JO,BAFOMETH,,0,,,,,11,5500,2,https://pub-77824f6d0d4542d282fa48605bce7479.r2.dev/pending-versions/a09cd627-0dac-4af7-96c4-4501b80b8882/1783266442396-0.webp
431d47ab-279b-49d2-a0dc-c3492a97e900,LPE23 038/300,BAFOMETH,,0,,,,LEYENDAS PRIMERA ERA 3.0,7,4500,2,https://pub-77824f6d0d4542d282fa48605bce7479.r2.dev/cards/MYL/PRIMERA%20ERA/431d47ab-279b-49d2-a0dc-c3492a97e900.png
123ed925-4bce-4325-ac31-03e6d9cd30d1,MPSG 03/18,BAHKAUV,,0,,,,MUNDOS PERDIDOS: LOCURA DE DRAGON,28,2000,5,https://pub-77824f6d0d4542d282fa48605bce7479.r2.dev/pending-versions/a09cd627-0dac-4af7-96c4-4501b80b8882/1786241562035-0.webp
60bedee1-475a-477a-9c32-838079e80849,XINNIAN 2 17/30,BAI SHE JIAN,2.0,0,,,,XINNIAN 2: ANO DE LA SERPIENTE,13,1500,4,https://pub-77824f6d0d4542d282fa48605bce7479.r2.dev/cards/MYL/PRIMERA%20ERA/60bedee1-475a-477a-9c32-838079e80849.png
acaae51a-b4b5-449b-9c94-b55a2eb47219,XINNIAN 04/32,BAI SUZHEN,2.0,2,,,,XINNIAN: ANO DEL DRAGON,11,1500,3,https://pub-77824f6d0d4542d282fa48605bce7479.r2.dev/cards/MYL/PRIMERA%20ERA/acaae51a-b4b5-449b-9c94-b55a2eb47219.png
c598b419-cb4f-4725-bc30-c6f8a7d90110,97 - 236 / PRIMERA EDICION,BAI YU FENG,1.0,1,,,,COLECCION: ESPIRITU DEL DRAGON,1,100,1,https://pub-77824f6d0d4542d282fa48605bce7479.r2.dev/cards/MYL/PRIMERA%20ERA/c598b419-cb4f-4725-bc30-c6f8a7d90110.png
136df3d7-fc66-4571-b0e1-7d85a446852a,LPE23 285/300,BAI YU FENG,1.0,1,,,,LEYENDAS PRIMERA ERA 3.0,7,100,1,https://pub-77824f6d0d4542d282fa48605bce7479.r2.dev/cards/MYL/PRIMERA%20ERA/136df3d7-fc66-4571-b0e1-7d85a446852a.png
0d404bac-1357-40c2-82f9-2c1203f6458c,MPO 08/18,BAIGUJING,4.0,4,,,,MUNDOS PERDIDOS: VIAJE AL OESTE,10,1500,4,https://pub-77824f6d0d4542d282fa48605bce7479.r2.dev/cards/MYL/PRIMERA%20ERA/0d404bac-1357-40c2-82f9-2c1203f6458c.png
17198b25-a24d-49f8-b3f5-340d990a4c63,CRPE5 79 - 84,BAIGUJING,4.0,4,,,,KIT RACIALES PRIMERA ERA 2025: XIAN,9,1500,2,https://pub-77824f6d0d4542d282fa48605bce7479.r2.dev/cards/MYL/PRIMERA%20ERA/17198b25-a24d-49f8-b3f5-340d990a4c63.png
2ebdc391-b55e-4545-8423-4858fbf8b025,XINNIAN 3 16/30,BAIMA SI,3.0,0,,,,XINNIAN 3: ANO DEL CABALLO,17,2500,2,https://pub-77824f6d0d4542d282fa48605bce7479.r2.dev/cards/MYL/PRIMERA%20ERA/2ebdc391-b55e-4545-8423-4858fbf8b025.png
49a41ef0-5628-4e21-82ac-a4235634e184,LPE4 215/320,BAISHE TU XIN,1.0,0,,,,LEYENDAS PE 4.0,34,800,7,https://pub-77824f6d0d4542d282fa48605bce7479.r2.dev/cards/MYL/PRIMERA%20ERA/49a41ef0-5628-4e21-82ac-a4235634e184.png
7ab1a553-b032-4124-b339-7c899e986081,CRPE5 46 - 84,BAK MEI,4.0,5,,,,KIT RACIALES PRIMERA ERA 2025: CAMPEON,13,2000,2,https://pub-77824f6d0d4542d282fa48605bce7479.r2.dev/cards/MYL/PRIMERA%20ERA/7ab1a553-b032-4124-b339-7c899e986081.png
9635ac6d-57d2-465e-b764-4b145398a8c1,MPAT 16/18,BAKU,,0,,,,MUNDOS PERDIDOS: HORDA ESTEPARIA,37,2500,6,https://pub-77824f6d0d4542d282fa48605bce7479.r2.dev/pending-versions/a09cd627-0dac-4af7-96c4-4501b80b8882/1786240256772-0.webp
b1a6b57a-0cf6-4a07-94c6-894d469bfd42,113 - 236 / PRIMERA EDICION,BAKU,3.0,5,,,,COLECCION: ESPIRITU DEL DRAGON,3,700,3,https://pub-77824f6d0d4542d282fa48605bce7479.r2.dev/cards/MYL/PRIMERA%20ERA/b1a6b57a-0cf6-4a07-94c6-894d469bfd42.png
727c73ce-c439-4296-8af3-03e85be0a8a5,EXPE - 28 - 120,BALAS DE PLATA,2.0,0,,,,KIT EXTENSION PRIMERA ERA: MUNDO GOTICO,15,1000,4,https://pub-77824f6d0d4542d282fa48605bce7479.r2.dev/cards/MYL/PRIMERA%20ERA/727c73ce-c439-4296-8af3-03e85be0a8a5.png
43fb828c-4203-4d66-93bb-fa1450694d32,TKPE24 23/28,BALAS DE PLATA,2.0,0,,,,TOOLKIT PREMIUM PUERTAS DEL VALHALLA,20,1000,3,https://pub-77824f6d0d4542d282fa48605bce7479.r2.dev/cards/MYL/PRIMERA%20ERA/43fb828c-4203-4d66-93bb-fa1450694d32.png
84e00afd-e7e2-445e-85cf-155114c48e27,MPSG 09/18,BALDRAZ,,0,,,,MUNDOS PERDIDOS: LOCURA DE DRAGON,35,2500,7,https://pub-77824f6d0d4542d282fa48605bce7479.r2.dev/pending-versions/b457c3e0-41ed-4a6b-8d6b-438846ff4e1d/1785701875642-0.webp
3805160f-c904-4f47-8cd8-f598a374ec33,LPE23 216/300,BALDUR,3.0,3,,,,LEYENDAS PRIMERA ERA 3.0,3,100,1,https://pub-77824f6d0d4542d282fa48605bce7479.r2.dev/cards/MYL/PRIMERA%20ERA/3805160f-c904-4f47-8cd8-f598a374ec33.png
6ee1e023-47a4-44ec-9111-a9ebb0c449f5,CRPE-41-72,BALDUR,3.0,3,,,,KIT RACIALES PRIMERA ERA: DIOS,5,1500,3,https://pub-77824f6d0d4542d282fa48605bce7479.r2.dev/cards/MYL/PRIMERA%20ERA/6ee1e023-47a4-44ec-9111-a9ebb0c449f5.png
d57f4cb4-9430-40f3-b088-9bc3cebb711e,65 - 126 / PRIMERA EDICION,BALDUR,3.0,3,,,,COLECCION: RAGNAROK,4,100,1,https://pub-77824f6d0d4542d282fa48605bce7479.r2.dev/cards/MYL/PRIMERA%20ERA/d57f4cb4-9430-40f3-b088-9bc3cebb711e.png
a3ad96fc-41e7-4869-a72b-bb2b0b55ce50,TKPE1 - 07 - 13,BALLESTA,2.0,0,,,,TOOLKIT PRIMERA ERA: WALKIRIAS,8,2500,2,https://pub-77824f6d0d4542d282fa48605bce7479.r2.dev/cards/MYL/PRIMERA%20ERA/a3ad96fc-41e7-4869-a72b-bb2b0b55ce50.png
b3185469-cc51-4dfc-b04f-a944d8fb7ff2,36 - 126 / PRIMERA EDICION,BALLESTA,2.0,0,,,,COLECCION: MUNDO GOTICO,4,1500,2,https://pub-77824f6d0d4542d282fa48605bce7479.r2.dev/cards/MYL/PRIMERA%20ERA/b3185469-cc51-4dfc-b04f-a944d8fb7ff2.png
bba19975-427a-460a-9321-5ba1524a63c6,MPSG 13/18,BALMUNG,,0,,,,MUNDOS PERDIDOS: LOCURA DE DRAGON,28,2000,5,https://pub-77824f6d0d4542d282fa48605bce7479.r2.dev/pending-versions/b457c3e0-41ed-4a6b-8d6b-438846ff4e1d/1785705029474-0.webp
c99c5854-5e5a-4fbe-b5ab-09283c5f9213,LPE23 055/300,BANQUETE JAPONES,1.0,0,,,,LEYENDAS PRIMERA ERA 3.0,3,2500,2,https://pub-77824f6d0d4542d282fa48605bce7479.r2.dev/cards/MYL/PRIMERA%20ERA/c99c5854-5e5a-4fbe-b5ab-09283c5f9213.png
8ff8b695-53ca-4399-b1c7-d5d261fcc58b,CRPE4 093 - 117,BARBARO,3.0,2,,,,KIT RACIALES PRIMERA ERA 2025: BARBARO,13,2000,3,https://pub-77824f6d0d4542d282fa48605bce7479.r2.dev/cards/MYL/PRIMERA%20ERA/8ff8b695-53ca-4399-b1c7-d5d261fcc58b.png
267ea779-e74b-4bfd-b713-3828d9ba2c80,MPV 14/18,BARNSTOKK,2.0,0,,,,MUNDOS PERDIDOS: LA SAGA DE VOLSUNG,8,1500,3,https://pub-77824f6d0d4542d282fa48605bce7479.r2.dev/cards/MYL/PRIMERA%20ERA/267ea779-e74b-4bfd-b713-3828d9ba2c80.png
2a4bb866-cf8f-425d-aeca-a86c7c901755,XINNIAN 2 05/30,BASHE,5.0,5,,,,XINNIAN 2: ANO DE LA SERPIENTE,20,2000,4,https://pub-77824f6d0d4542d282fa48605bce7479.r2.dev/cards/MYL/PRIMERA%20ERA/2a4bb866-cf8f-425d-aeca-a86c7c901755.png
4d0e454a-9958-46da-801f-0d20a1baed0e,LPE4 37/320,BASHE,5.0,5,,,,LEYENDAS PE 4.0,19,2500,6,https://pub-77824f6d0d4542d282fa48605bce7479.r2.dev/cards/MYL/PRIMERA%20ERA/4d0e454a-9958-46da-801f-0d20a1baed0e.png
4a081d86-0c9c-43b1-9bd3-d80c8851cb7a,CRPE5 84 - 84,BASHO SEN,2.0,0,,,,KIT RACIALES PRIMERA ERA 2025: XIAN,3,2000,2,https://pub-77824f6d0d4542d282fa48605bce7479.r2.dev/cards/MYL/PRIMERA%20ERA/4a081d86-0c9c-43b1-9bd3-d80c8851cb7a.png
0ca9cf5c-5ab4-4f8e-a451-060aa8015773,CRPE4 45 - 117,BASILISCO,2.0,2,,,,KIT RACIALES PRIMERA ERA 2025: BESTIA,16,2000,3,https://pub-77824f6d0d4542d282fa48605bce7479.r2.dev/cards/MYL/PRIMERA%20ERA/0ca9cf5c-5ab4-4f8e-a451-060aa8015773.png
a743ca64-7552-4599-959a-a06121a70da0,101 - 126 / PRIMERA ERA,BASILISCO,2.0,2,,,,COLECCION: LA IRA DEL NAHUAL,1,200,1,https://pub-77824f6d0d4542d282fa48605bce7479.r2.dev/cards/MYL/PRIMERA%20ERA/a743ca64-7552-4599-959a-a06121a70da0.png
393fcbeb-721e-4eec-88e5-fc40534c2581,MPTO 03/18,BAT MASTERSON,3.0,3,,,,MUNDOS PERDIDOS: TOMBSTONE,18,2000,4,https://pub-77824f6d0d4542d282fa48605bce7479.r2.dev/cards/MYL/PRIMERA%20ERA/393fcbeb-721e-4eec-88e5-fc40534c2581.png
b76f8546-a6e7-4dbf-9f54-6d252e973217,LBPE25 04/21,BAYARD,1.0,0,,,,LOOTBOX PRIMERA ERA 2025,4,6500,2,https://pub-77824f6d0d4542d282fa48605bce7479.r2.dev/cards/MYL/PRIMERA%20ERA/b76f8546-a6e7-4dbf-9f54-6d252e973217.png
e722c476-7b5f-425d-968a-e3f9339e165a,CRPE5 24 - 84,BEDD Y DRAIG,4.0,0,,,,KIT RACIALES PRIMERA ERA 2025: DRAGON,1,1500,1,https://pub-77824f6d0d4542d282fa48605bce7479.r2.dev/cards/MYL/PRIMERA%20ERA/e722c476-7b5f-425d-968a-e3f9339e165a.png
08ffcbb7-97b4-4af0-9585-2f969668bcf7,EDICIÓN LIMITADA JO,BEERWOLF,5.0,4,,,,,4,6000,3,https://pub-77824f6d0d4542d282fa48605bce7479.r2.dev/pending-versions/a09cd627-0dac-4af7-96c4-4501b80b8882/1787026390000-0.webp
1b88d8f1-9b15-448f-80f3-cd4da0b56581,42 - 236 / PRIMERA EDICION,BEERWOLF,5.0,4,,,,LEYENDAS PRIMERA ERA 2.0,4,2000,1,https://pub-77824f6d0d4542d282fa48605bce7479.r2.dev/cards/MYL/PRIMERA%20ERA/1b88d8f1-9b15-448f-80f3-cd4da0b56581.png
06084b43-8481-43df-a3cd-b6b4e04aabab,ANIVERSARIO LPE25 07,BEERWOLF,5.0,4,,,,,2,4000,2,https://pub-77824f6d0d4542d282fa48605bce7479.r2.dev/cards/MYL/PRIMERA%20ERA/06084b43-8481-43df-a3cd-b6b4e04aabab.png
c464de61-3c51-47a9-ae14-cd05de6e55a8,CRPE-59-72,BEERWOLF,5.0,4,,,,KIT RACIALES PRIMERA ERA: LICANTROPO,1,3000,1,https://pub-77824f6d0d4542d282fa48605bce7479.r2.dev/cards/MYL/PRIMERA%20ERA/c464de61-3c51-47a9-ae14-cd05de6e55a8.png
17f75760-5a92-4819-a284-9b5e4c07fdb5,CRPE4 16 - 117,BEERWOLF,5.0,4,,,,KIT RACIALES PRIMERA ERA 2025: LICANTROPO,15,1000,3,https://pub-77824f6d0d4542d282fa48605bce7479.r2.dev/cards/MYL/PRIMERA%20ERA/17f75760-5a92-4819-a284-9b5e4c07fdb5.png
8218b532-83fd-40b8-95cc-a8179ac0fb5e,LPE23 126/300,BEERWOLF,5.0,4,,,,LEYENDAS PRIMERA ERA 3.0,19,900,5,https://pub-77824f6d0d4542d282fa48605bce7479.r2.dev/cards/MYL/PRIMERA%20ERA/8218b532-83fd-40b8-95cc-a8179ac0fb5e.png
72b3068f-3635-4458-80a0-6fd64ff21d4f,MPAT 08/18,BEGTSE,,0,,,,MUNDOS PERDIDOS: HORDA ESTEPARIA,42,2500,8,https://pub-77824f6d0d4542d282fa48605bce7479.r2.dev/pending-versions/b457c3e0-41ed-4a6b-8d6b-438846ff4e1d/1785698573528-0.webp
f03fa176-52ac-4a1a-8100-ea79198b371a,REX 10/12,BENDICION,2.0,0,,,,MUNDO MEDIEVAL,11,1500,4,https://pub-77824f6d0d4542d282fa48605bce7479.r2.dev/cards/MYL/PRIMERA%20ERA/f03fa176-52ac-4a1a-8100-ea79198b371a.png
c54cdecd-8581-4980-9d68-087b50a0d00b,MPAT 17/18,BENTEN,4.0,4,,,,MUNDOS PERDIDOS: HORDA ESTEPARIA,51,2500,9,https://pub-77824f6d0d4542d282fa48605bce7479.r2.dev/pending-versions/b457c3e0-41ed-4a6b-8d6b-438846ff4e1d/1785698347306-0.webp
d866cdb3-d74d-4696-b34f-768376d52425,CRPE3 - 08 - 36,BEOWULF,2.0,2,,,,KIT RACIALES PRIMERA ERA: CABALLERO,7,1000,2,https://pub-77824f6d0d4542d282fa48605bce7479.r2.dev/cards/MYL/PRIMERA%20ERA/d866cdb3-d74d-4696-b34f-768376d52425.png
ef8519a8-c863-435e-a1c5-31341532a595,LPE4 163/320,BEOWULF,2.0,2,,,,LEYENDAS PE 4.0,42,600,7,https://pub-77824f6d0d4542d282fa48605bce7479.r2.dev/cards/MYL/PRIMERA%20ERA/ef8519a8-c863-435e-a1c5-31341532a595.png
1ffe6f4b-e830-428b-a774-228a14f65366,LBPE24-13-21,BERGSRA,4.0,4,,,,LOOTBOX PRIMERA ERA 2024,4,2000,3,https://pub-77824f6d0d4542d282fa48605bce7479.r2.dev/cards/MYL/PRIMERA%20ERA/1ffe6f4b-e830-428b-a774-228a14f65366.png
e55d578b-49c2-475e-b965-95977ce33ffb,CRPE4 092 - 117,BERSERKER,3.0,3,,,,KIT RACIALES PRIMERA ERA 2025: BARBARO,15,2000,4,https://pub-77824f6d0d4542d282fa48605bce7479.r2.dev/cards/MYL/PRIMERA%20ERA/e55d578b-49c2-475e-b965-95977ce33ffb.png
6d70a3ec-af4d-4567-81db-44acf24c9a5c,CRPE2-24-84,BESTIAS FURIOSAS,,0,,,,KIT RACIALES PRIMERA ERA: BESTIA,4,4000,2,https://pub-77824f6d0d4542d282fa48605bce7479.r2.dev/cards/MYL/PRIMERA%20ERA/6d70a3ec-af4d-4567-81db-44acf24c9a5c.png
80596407-48c4-42a1-b376-a3c373353cb5,PROMO PE-04,BESTIAS FURIOSAS,,0,,,,LOOTBOX PRIMERA ERA 2024,8,3500,3,https://pub-77824f6d0d4542d282fa48605bce7479.r2.dev/cards/MYL/PRIMERA%20ERA/80596407-48c4-42a1-b376-a3c373353cb5.png
792b2678-cde6-49b2-8563-4d8128a6d8a6,MPS 07/18,BETTY PARRIS,2.0,2,,,,MUNDOS PERDIDOS: HORRORES DE SALEM,4,1500,3,https://pub-77824f6d0d4542d282fa48605bce7479.r2.dev/cards/MYL/PRIMERA%20ERA/792b2678-cde6-49b2-8563-4d8128a6d8a6.png
ce7b965a-f26c-4c67-b965-b2a4e9872b6b,19 - 236 / PRIMERA EDICION,BISHAMON,4.0,4,,,,COLECCION: ESPIRITU DEL DRAGON,5,700,3,https://pub-77824f6d0d4542d282fa48605bce7479.r2.dev/cards/MYL/PRIMERA%20ERA/ce7b965a-f26c-4c67-b965-b2a4e9872b6b.png
77bcd762-3afb-4e56-8ba5-cd3ca5301ad1,211 - 236 / PRIMERA EDICION,BISHAMON,4.0,4,,,,LEYENDAS PRIMERA ERA 1.0,1,300,1,https://pub-77824f6d0d4542d282fa48605bce7479.r2.dev/cards/MYL/PRIMERA%20ERA/77bcd762-3afb-4e56-8ba5-cd3ca5301ad1.png
27502148-54d2-44c9-9524-4051392cc0f8,CRPE-22-72,BJORN RAGNARSSON,4.0,3,,,,KIT RACIALES PRIMERA ERA: BARBARO,1,3000,1,https://pub-77824f6d0d4542d282fa48605bce7479.r2.dev/cards/MYL/PRIMERA%20ERA/27502148-54d2-44c9-9524-4051392cc0f8.png
02813b33-f6c6-4ede-bfe9-11e4613c9f2e,CRPE4 086 - 117,BJORN RAGNARSSON,4.0,3,,,,KIT RACIALES PRIMERA ERA 2025: BARBARO,7,1500,2,https://pub-77824f6d0d4542d282fa48605bce7479.r2.dev/cards/MYL/PRIMERA%20ERA/02813b33-f6c6-4ede-bfe9-11e4613c9f2e.png
019ac45c-446c-4396-976d-6b4815484b85,LPE23 003/300,BJORN RAGNARSSON,4.0,3,,,,LEYENDAS PRIMERA ERA 3.0,2,14000,1,https://pub-77824f6d0d4542d282fa48605bce7479.r2.dev/cards/MYL/PRIMERA%20ERA/019ac45c-446c-4396-976d-6b4815484b85.png
6f8d679c-5660-4f2e-af07-69fe7c742e29,LPE4 - 62/320 MR,BJORN RAGNARSSON,4.0,3,,,,LEYENDAS PE 4.0,14,1500,3,https://pub-77824f6d0d4542d282fa48605bce7479.r2.dev/pending-versions/b457c3e0-41ed-4a6b-8d6b-438846ff4e1d/1786044020199-0.webp
ec74887c-f61d-4af1-8eb7-5a096ff82cf4,LPE23 154/300,BJORN RAGNARSSON,4.0,3,,,,LEYENDAS PRIMERA ERA 3.0,15,800,4,https://pub-77824f6d0d4542d282fa48605bce7479.r2.dev/cards/MYL/PRIMERA%20ERA/ec74887c-f61d-4af1-8eb7-5a096ff82cf4.png
8d4ea1df-f178-4c52-842e-4926652ab0d3,MPAT 02/18,BLEDA,,0,,,,MUNDOS PERDIDOS: HORDA ESTEPARIA,33,2000,7,https://pub-77824f6d0d4542d282fa48605bce7479.r2.dev/pending-versions/b457c3e0-41ed-4a6b-8d6b-438846ff4e1d/1785629453483-0.webp
49f6caf7-945e-4401-8201-e05891f473ca,205 - 236 / PRIMERA EDICION,BO,3.0,0,,,,COLECCION: ESPIRITU DEL DRAGON,3,1000,1,https://pub-77824f6d0d4542d282fa48605bce7479.r2.dev/cards/MYL/PRIMERA%20ERA/49f6caf7-945e-4401-8201-e05891f473ca.png
9868daeb-6979-4d29-83d6-0f59e2539d3d,TKPE26 15/32,BOGTROLL,4.0,0,,,,TOOLKIT 2026: ANCESTRAL,16,3500,6,https://pub-77824f6d0d4542d282fa48605bce7479.r2.dev/cards/MYL/PRIMERA%20ERA/9868daeb-6979-4d29-83d6-0f59e2539d3d.png
0d089b8a-5330-4da7-a0b7-44b394ddf8f6,LBPE25 08/21,BOLG,3.0,0,,,,LOOTBOX PRIMERA ERA 2025,19,1500,4,https://pub-77824f6d0d4542d282fa48605bce7479.r2.dev/cards/MYL/PRIMERA%20ERA/0d089b8a-5330-4da7-a0b7-44b394ddf8f6.png
2c95c947-5678-49d1-aefe-ae99824083a1,LPE4 45/320,BOORES,3.0,3,,,,LEYENDAS PE 4.0,29,1500,6,https://pub-77824f6d0d4542d282fa48605bce7479.r2.dev/cards/MYL/PRIMERA%20ERA/2c95c947-5678-49d1-aefe-ae99824083a1.png
f27354c3-661c-4de5-bc8d-f2f138392332,CRPE5 04 - 84,BOORES,3.0,3,,,,KIT RACIALES PRIMERA ERA 2025: CABALLERO,13,1500,3,https://pub-77824f6d0d4542d282fa48605bce7479.r2.dev/cards/MYL/PRIMERA%20ERA/f27354c3-661c-4de5-bc8d-f2f138392332.png
daaef203-42bc-4259-bd3e-766f98741fdd,MPA-01-18,BOORES,3.0,3,,,,MUNDOS PERDIDOS: LEYENDAS DE AVALON,15,1500,5,https://pub-77824f6d0d4542d282fa48605bce7479.r2.dev/cards/MYL/PRIMERA%20ERA/daaef203-42bc-4259-bd3e-766f98741fdd.png
3b62861e-2d16-45f4-9a64-2d0f25f1f00c,LPE23 033/300,BOTIN TEMPLARIO,,0,,,,LEYENDAS PRIMERA ERA 3.0,16,1500,5,https://pub-77824f6d0d4542d282fa48605bce7479.r2.dev/cards/MYL/PRIMERA%20ERA/3b62861e-2d16-45f4-9a64-2d0f25f1f00c.png
98325768-ba4e-4681-aa9e-fb3478907ea3,EDICIÓN LIMITADA PE 24,BOTIN TEMPLARIO,,0,,,,JUEGO ORGANIZADO,2,5000,2,https://pub-77824f6d0d4542d282fa48605bce7479.r2.dev/pending-versions/efaa6295-f0d9-4ace-a854-648c041539e0/1787853927760-0.webp
ab532c4b-c020-4cca-855d-d68e0c9357f9,TKPE25 16/28,BOTIN TEMPLARIO,,0,,,,TOOLKIT 2025: HONOR Y FEROCIDAD,21,2000,3,https://pub-77824f6d0d4542d282fa48605bce7479.r2.dev/cards/MYL/PRIMERA%20ERA/ab532c4b-c020-4cca-855d-d68e0c9357f9.png
8a041fc7-85ca-4bcc-8638-e427dc04d64c,LPE4 168/320,BOTIN TEMPLARIO,,0,,,,LEYENDAS PE 4.0,45,900,8,https://pub-77824f6d0d4542d282fa48605bce7479.r2.dev/cards/MYL/PRIMERA%20ERA/8a041fc7-85ca-4bcc-8638-e427dc04d64c.png
34c57422-fa23-4892-884b-e0e7cc5bf17f,CRPE4 15 - 117,BOUDA,2.0,3,,,,KIT RACIALES PRIMERA ERA 2025: LICANTROPO,16,1000,3,https://pub-77824f6d0d4542d282fa48605bce7479.r2.dev/cards/MYL/PRIMERA%20ERA/34c57422-fa23-4892-884b-e0e7cc5bf17f.png
3f927cd4-351e-4dab-bb06-90ca68ebc117,LBPE24-06-21,BOUDA,2.0,3,,,,LOOTBOX PRIMERA ERA 2024,11,1500,3,https://pub-77824f6d0d4542d282fa48605bce7479.r2.dev/cards/MYL/PRIMERA%20ERA/3f927cd4-351e-4dab-bb06-90ca68ebc117.png
be8263f1-dead-4f4c-b1a9-8e86de7b5eeb,CRPE-45-72,BRAGI,4.0,2,,,,KIT RACIALES PRIMERA ERA: DIOS,4,1500,3,https://pub-77824f6d0d4542d282fa48605bce7479.r2.dev/cards/MYL/PRIMERA%20ERA/be8263f1-dead-4f4c-b1a9-8e86de7b5eeb.png
7844174f-611e-4d39-9f98-eab0edbb7d6a,96 - 126 / PRIMERA EDICION,BRAGI,4.0,2,,,,COLECCION: RAGNAROK,1,200,1,https://pub-77824f6d0d4542d282fa48605bce7479.r2.dev/cards/MYL/PRIMERA%20ERA/7844174f-611e-4d39-9f98-eab0edbb7d6a.png
73504c88-21e8-4596-bb2e-6c91fcd8b3a4,167 - 126 / PRIMERA EDICION,BRAZO FUERTE,1.0,2,,,,COLECCION: MUNDO GOTICO,3,100,1,https://pub-77824f6d0d4542d282fa48605bce7479.r2.dev/cards/MYL/PRIMERA%20ERA/73504c88-21e8-4596-bb2e-6c91fcd8b3a4.png
e0524f8b-8eab-4b91-951a-dbe4cc965e12,LPE4 282/320,BRAZO FUERTE,1.0,2,,,,LEYENDAS PE 4.0,20,100,1,https://pub-77824f6d0d4542d282fa48605bce7479.r2.dev/cards/MYL/PRIMERA%20ERA/e0524f8b-8eab-4b91-951a-dbe4cc965e12.png
b7bdd5ba-cfb7-4a89-b1cf-3b1f6bba0ed6,HPE 13/21,BREHUS,3.0,4,,,,VIGILANTES DE LA NOCHE,11,1500,3,https://pub-77824f6d0d4542d282fa48605bce7479.r2.dev/cards/MYL/PRIMERA%20ERA/b7bdd5ba-cfb7-4a89-b1cf-3b1f6bba0ed6.png
4db0018b-a948-4dbe-8f78-6e6ccb3baceb,CRPE4 74 - 117,BREHUS,3.0,4,,,,KIT RACIALES PRIMERA ERA 2025: ABOMINACION,13,1500,3,https://pub-77824f6d0d4542d282fa48605bce7479.r2.dev/cards/MYL/PRIMERA%20ERA/4db0018b-a948-4dbe-8f78-6e6ccb3baceb.png
dc217918-132e-4c99-a813-bc61691e1682,CRPE-03-72,BROKK,2.0,3,,,,KIT RACIALES PRIMERA ERA: ABOMINACION,3,3000,2,https://pub-77824f6d0d4542d282fa48605bce7479.r2.dev/cards/MYL/PRIMERA%20ERA/dc217918-132e-4c99-a813-bc61691e1682.png
8fde4821-15c4-47e5-919d-f967685bda59,LPE23 088/300,BROKK,2.0,3,,,,LEYENDAS PRIMERA ERA 3.0,22,800,4,https://pub-77824f6d0d4542d282fa48605bce7479.r2.dev/cards/MYL/PRIMERA%20ERA/8fde4821-15c4-47e5-919d-f967685bda59.png
8f99c07d-1d42-4856-9354-bf52b31c4c83,18 - 126 / PRIMERA EDICION,BROKK,2.0,3,,,,COLECCION: RAGNAROK,4,400,2,https://pub-77824f6d0d4542d282fa48605bce7479.r2.dev/cards/MYL/PRIMERA%20ERA/8f99c07d-1d42-4856-9354-bf52b31c4c83.png
0784ae8d-9853-4d37-9ebb-c2147f425722,VPE 01,BROKK,2.0,3,,,,,6,4500,3,https://pub-77824f6d0d4542d282fa48605bce7479.r2.dev/pending-versions/a09cd627-0dac-4af7-96c4-4501b80b8882/1783273339299-0.webp
845d16cc-d536-4d89-bd6d-f029b0ec0243,LPE4 49/320,BRUCOLACO,5.0,5,,,,LEYENDAS PE 4.0,28,3000,6,https://pub-77824f6d0d4542d282fa48605bce7479.r2.dev/cards/MYL/PRIMERA%20ERA/845d16cc-d536-4d89-bd6d-f029b0ec0243.png
32d5d159-b6f8-4fd5-ac67-3f760d7c4908,LPE4 329/320 P,BRUJA CARABUSSE,1.0,0,,,,KIT DE BATALLA PAGANO,13,1500,4,https://pub-77824f6d0d4542d282fa48605bce7479.r2.dev/cards/MYL/PRIMERA%20ERA/32d5d159-b6f8-4fd5-ac67-3f760d7c4908.png
647c867a-2961-44df-aa23-0b1fc1db7ca1,104 - 236 / PRIMERA EDICION,BRUJA DE LA MONTANA,2.0,2,,,,COLECCION: ESPIRITU DEL DRAGON,3,1000,1,https://pub-77824f6d0d4542d282fa48605bce7479.r2.dev/cards/MYL/PRIMERA%20ERA/647c867a-2961-44df-aa23-0b1fc1db7ca1.png
6c172fec-4592-49c0-97ad-da095fbc0372,CRPE2-53-84,BRUJA DE LA MONTANA,2.0,2,,,,KIT RACIALES PRIMERA ERA: CRIATURAS,2,2000,2,https://pub-77824f6d0d4542d282fa48605bce7479.r2.dev/cards/MYL/PRIMERA%20ERA/6c172fec-4592-49c0-97ad-da095fbc0372.png
352eb860-c8e3-4395-87b1-6fdae78b6001,MPV 02/18,BRUJA LOBO,3.0,2,,,,MUNDOS PERDIDOS: LA SAGA DE VOLSUNG,8,2000,2,https://pub-77824f6d0d4542d282fa48605bce7479.r2.dev/cards/MYL/PRIMERA%20ERA/352eb860-c8e3-4395-87b1-6fdae78b6001.png
eb291253-1237-4c89-91cb-49ccadda8463,CRPE4 78 - 117,BRUJA LOBO,3.0,2,,,,KIT RACIALES PRIMERA ERA 2025: ABOMINACION,15,1500,4,https://pub-77824f6d0d4542d282fa48605bce7479.r2.dev/cards/MYL/PRIMERA%20ERA/eb291253-1237-4c89-91cb-49ccadda8463.png
3391d77a-02d2-417f-accd-710903df12bc,LPE4 196/320,BRUJA LOBO,3.0,2,,,,LEYENDAS PE 4.0,42,700,6,https://pub-77824f6d0d4542d282fa48605bce7479.r2.dev/cards/MYL/PRIMERA%20ERA/3391d77a-02d2-417f-accd-710903df12bc.png
c2c82f00-58b4-40e5-ac5a-049307602cc7,LPE23 076/300,BRUJO CHILOTE,3.0,2,,,,LEYENDAS PRIMERA ERA 3.0,20,900,6,https://pub-77824f6d0d4542d282fa48605bce7479.r2.dev/cards/MYL/PRIMERA%20ERA/c2c82f00-58b4-40e5-ac5a-049307602cc7.png
ad5059a2-92ee-4e0c-960a-aa123f2c7b3d,EXPE - 86 - 120,BRUJO CHILOTE,3.0,2,,,,KIT EXTENSION PRIMERA ERA: COFRADIA,5,900,4,https://pub-77824f6d0d4542d282fa48605bce7479.r2.dev/cards/MYL/PRIMERA%20ERA/ad5059a2-92ee-4e0c-960a-aa123f2c7b3d.png
700e5f42-1722-4ca0-a74e-461d56b2a95f,123 - 126 / PRIMERA EDICION,BRUJO CHILOTE,3.0,2,,,,COLECCION: EL RETO,1,100,1,https://pub-77824f6d0d4542d282fa48605bce7479.r2.dev/cards/MYL/PRIMERA%20ERA/700e5f42-1722-4ca0-a74e-461d56b2a95f.png
ef9026fd-aaef-4ec3-b6b3-fd4d364759f2,59 - 170 / PRIMERA EDICION,BRUJO CHILOTE,3.0,2,,,,COLECCION: COFRADIA,1,100,1,https://pub-77824f6d0d4542d282fa48605bce7479.r2.dev/cards/MYL/PRIMERA%20ERA/ef9026fd-aaef-4ec3-b6b3-fd4d364759f2.png
d0fda9a7-86eb-42cf-a4bb-d0cbb7bc9806,LPE4 188/320,BRUJO DE SALAMANCA,3.0,3,,,,LEYENDAS PE 4.0,27,800,8,https://pub-77824f6d0d4542d282fa48605bce7479.r2.dev/cards/MYL/PRIMERA%20ERA/d0fda9a7-86eb-42cf-a4bb-d0cbb7bc9806.png
f0409681-8bc9-475c-b478-e233fdfbebad,PREMIUM PE-08,BRUJO DE SALAMANCA,3.0,3,,,,LOOTBOX PRIMERA ERA 2024,3,3000,2,https://pub-77824f6d0d4542d282fa48605bce7479.r2.dev/cards/MYL/PRIMERA%20ERA/f0409681-8bc9-475c-b478-e233fdfbebad.png
aaab5cf7-3057-4a69-8f48-9732298eb481,CRPE4 113 - 117,BRUJO DE SALAMANCA,3.0,3,,,,KIT RACIALES PRIMERA ERA 2025: CHAMAN,15,2500,2,https://pub-77824f6d0d4542d282fa48605bce7479.r2.dev/cards/MYL/PRIMERA%20ERA/aaab5cf7-3057-4a69-8f48-9732298eb481.png
c28a6c3b-6629-4d51-a42b-e18b8c4be3ee,EXPE - 44 - 120,BRUJO DE SALAMANCA,3.0,3,,,,KIT EXTENSION PRIMERA ERA: LA IRA DEL NAHUAL,8,2000,1,https://pub-77824f6d0d4542d282fa48605bce7479.r2.dev/cards/MYL/PRIMERA%20ERA/c28a6c3b-6629-4d51-a42b-e18b8c4be3ee.png
c343c36d-b6d5-4168-83e4-c021a20e3a4c,MPSG 20/18,BRUNHILD,,0,,,,MUNDOS PERDIDOS: LOCURA DE DRAGON,1,15000,1,https://pub-77824f6d0d4542d282fa48605bce7479.r2.dev/pending-versions/a09cd627-0dac-4af7-96c4-4501b80b8882/1786281769477-0.webp
3fc8d739-ea3f-4138-89c7-ea5d43a963c0,EXPE - 62 - 120,BRUNNMIGI,5.0,4,,,,KIT EXTENSION PRIMERA ERA: RAGNAROK,6,2000,1,https://pub-77824f6d0d4542d282fa48605bce7479.r2.dev/cards/MYL/PRIMERA%20ERA/3fc8d739-ea3f-4138-89c7-ea5d43a963c0.png
4c0d6552-b1cb-48d9-9902-dca19aeeab4f,EDICION LIMITADA JO,BRUNNMIGI,5.0,4,,,,,10,5000,5,https://pub-77824f6d0d4542d282fa48605bce7479.r2.dev/pending-versions/a09cd627-0dac-4af7-96c4-4501b80b8882/1783273983352-0.webp
85c62524-c3a0-4ddb-b169-41b7eded6fee,LPE4 197/320,BRUNNMIGI,5.0,4,,,,LEYENDAS PE 4.0,39,600,6,https://pub-77824f6d0d4542d282fa48605bce7479.r2.dev/cards/MYL/PRIMERA%20ERA/85c62524-c3a0-4ddb-b169-41b7eded6fee.png
9611aaeb-7a07-426e-a65a-fb3f8246da95,PREMIUM PE-010,BRUNNMIGI,5.0,4,,,,LOOTBOX PRIMERA ERA 2024,1,3000,1,https://pub-77824f6d0d4542d282fa48605bce7479.r2.dev/cards/MYL/PRIMERA%20ERA/9611aaeb-7a07-426e-a65a-fb3f8246da95.png
5e225014-e4aa-4044-8503-c04fe3653b50,MPA-19-18,BRUNOR,4.0,4,,,,MUNDOS PERDIDOS: LEYENDAS DE AVALON,6,3000,3,https://pub-77824f6d0d4542d282fa48605bce7479.r2.dev/cards/MYL/PRIMERA%20ERA/5e225014-e4aa-4044-8503-c04fe3653b50.png
3fdc09e1-1717-457f-a9fc-2850cb1a66d3,LPE4 105/320,BRUNOR,4.0,4,,,,LEYENDAS PE 4.0,50,600,9,https://pub-77824f6d0d4542d282fa48605bce7479.r2.dev/cards/MYL/PRIMERA%20ERA/3fdc09e1-1717-457f-a9fc-2850cb1a66d3.png
1dcfeef3-9345-4663-abc6-0d4bb510d642,LPE4 149/320,BUDA TATHAGATA,4.0,4,,,,LEYENDAS PE 4.0,58,600,6,https://pub-77824f6d0d4542d282fa48605bce7479.r2.dev/cards/MYL/PRIMERA%20ERA/1dcfeef3-9345-4663-abc6-0d4bb510d642.png
ecc1b96e-9dcd-40cd-91a3-220cbd4702b8,MPO 06/18,BUDA TATHAGATA,4.0,4,,,,MUNDOS PERDIDOS: VIAJE AL OESTE,19,1500,6,https://pub-77824f6d0d4542d282fa48605bce7479.r2.dev/cards/MYL/PRIMERA%20ERA/ecc1b96e-9dcd-40cd-91a3-220cbd4702b8.png
27471d4f-e433-4d4b-b7a8-9cdc4ca471f7,XINNIAN 2 20/30,BUEY,,0,,,,XINNIAN 2: ANO DE LA SERPIENTE,11,1000,3,https://pub-77824f6d0d4542d282fa48605bce7479.r2.dev/cards/MYL/PRIMERA%20ERA/27471d4f-e433-4d4b-b7a8-9cdc4ca471f7.png
086c40a4-1fed-4109-9a87-0892dc1511dd,XINNIAN 21/32,BUEY,,0,,,,XINNIAN: ANO DEL DRAGON,7,1000,2,https://pub-77824f6d0d4542d282fa48605bce7479.r2.dev/cards/MYL/PRIMERA%20ERA/086c40a4-1fed-4109-9a87-0892dc1511dd.png
324c0bde-fb0e-4440-a2dc-ec130cebed94,XINNIAN 3 20/30,BUEY,,0,,,,XINNIAN 3: ANO DEL CABALLO,13,1000,2,https://pub-77824f6d0d4542d282fa48605bce7479.r2.dev/cards/MYL/PRIMERA%20ERA/324c0bde-fb0e-4440-a2dc-ec130cebed94.png
f3a44352-a49f-4df4-9abf-c5dad119c1e9,TKPE1 - 11 - 13,BUFALO BLANCO,3.0,0,,,,TOOLKIT PRIMERA ERA: WALKIRIAS,5,1000,2,https://pub-77824f6d0d4542d282fa48605bce7479.r2.dev/cards/MYL/PRIMERA%20ERA/f3a44352-a49f-4df4-9abf-c5dad119c1e9.png
e6e2c078-9514-4f35-8a6d-9f3a43039e0c,LPE4 225/320,BUFALO BLANCO,3.0,0,,,,LEYENDAS PE 4.0,20,100,1,https://pub-77824f6d0d4542d282fa48605bce7479.r2.dev/cards/MYL/PRIMERA%20ERA/e6e2c078-9514-4f35-8a6d-9f3a43039e0c.png
3d687e28-98ec-40e3-be0c-1900f88a7e91,12 - 126 / PRIMERA EDICION,BUFALO BLANCO,3.0,0,,,,COLECCION: EL RETO,2,1500,2,https://pub-77824f6d0d4542d282fa48605bce7479.r2.dev/cards/MYL/PRIMERA%20ERA/3d687e28-98ec-40e3-be0c-1900f88a7e91.png
cfb3165c-ca2a-49be-9689-f6870f4577a0,EXPE - 24 - 120,BULTUNGIN,3.0,3,,,,KIT EXTENSION PRIMERA ERA: MUNDO GOTICO,3,1000,2,https://pub-77824f6d0d4542d282fa48605bce7479.r2.dev/cards/MYL/PRIMERA%20ERA/cfb3165c-ca2a-49be-9689-f6870f4577a0.png
fa5cb7a4-3968-43b9-a8d9-45f3819f96ce,LPE4 175/320,BULTUNGIN,3.0,3,,,,LEYENDAS PE 4.0,58,600,7,https://pub-77824f6d0d4542d282fa48605bce7479.r2.dev/cards/MYL/PRIMERA%20ERA/fa5cb7a4-3968-43b9-a8d9-45f3819f96ce.png
cd89383a-e484-46fd-858d-55648757c6ae,EDICION LIMITADA JO,BULTUNGIN,3.0,3,,,,,21,4000,5,https://pub-77824f6d0d4542d282fa48605bce7479.r2.dev/pending-versions/a09cd627-0dac-4af7-96c4-4501b80b8882/1783265658001-0.webp
d45bd37b-348c-4424-a40c-705ccb6d8fe1,CRPE4 17 - 117,BULTUNGIN,3.0,3,,,,KIT RACIALES PRIMERA ERA 2025: LICANTROPO,9,1000,4,https://pub-77824f6d0d4542d282fa48605bce7479.r2.dev/cards/MYL/PRIMERA%20ERA/d45bd37b-348c-4424-a40c-705ccb6d8fe1.png
ed928468-03ed-4cab-8a03-0a8eaa109ddd,CRPE3 - 18 - 36,BUNYIP,4.0,6,,,,KIT RACIALES PRIMERA ERA: DRAGON,4,400,2,https://pub-77824f6d0d4542d282fa48605bce7479.r2.dev/cards/MYL/PRIMERA%20ERA/ed928468-03ed-4cab-8a03-0a8eaa109ddd.png
3a0edbdb-cc5a-4858-8441-90cb5ece1c8a,EDICION LIMITADA JO,CABALA,3.0,0,,,,,14,4500,4,https://pub-77824f6d0d4542d282fa48605bce7479.r2.dev/pending-versions/a09cd627-0dac-4af7-96c4-4501b80b8882/1783266239904-0.webp
87ea14e8-aac1-4b7c-816c-b8a81c7acbc7,TKPE25 26/28,CABALA,3.0,0,,,,TOOLKIT 2025: HONOR Y FEROCIDAD,12,2000,5,https://pub-77824f6d0d4542d282fa48605bce7479.r2.dev/cards/MYL/PRIMERA%20ERA/87ea14e8-aac1-4b7c-816c-b8a81c7acbc7.png
3cee680c-6d39-45c8-a326-40791f146095,LPE4 25/320,CABALA,3.0,0,,,,LEYENDAS PE 4.0,27,2500,5,https://pub-77824f6d0d4542d282fa48605bce7479.r2.dev/cards/MYL/PRIMERA%20ERA/3cee680c-6d39-45c8-a326-40791f146095.png
1e7393b9-2506-4262-b4df-58371e466bff,CRPE2-35-84,CABALLERO AGUILA,2.0,2,,,,KIT RACIALES PRIMERA ERA: GUERRERO,9,2000,2,https://pub-77824f6d0d4542d282fa48605bce7479.r2.dev/cards/MYL/PRIMERA%20ERA/1e7393b9-2506-4262-b4df-58371e466bff.png
903b4af1-1c92-4776-9897-dbfcbdf25434,PREMIUM PE-09,CABALLERO AGUILA,2.0,2,,,,LOOTBOX PRIMERA ERA 2024,7,2500,3,https://pub-77824f6d0d4542d282fa48605bce7479.r2.dev/cards/MYL/PRIMERA%20ERA/903b4af1-1c92-4776-9897-dbfcbdf25434.png
e705dcee-6cb4-499d-b63d-f7bcd618ee21,CRPE4 61-117,CABALLERO AGUILA,2.0,2,,,,KIT RACIALES PRIMERA ERA 2025: GUERRERO,12,2000,4,https://pub-77824f6d0d4542d282fa48605bce7479.r2.dev/cards/MYL/PRIMERA%20ERA/e705dcee-6cb4-499d-b63d-f7bcd618ee21.png
08a55c8f-736e-4ac4-9e88-c81718a4e4b2,96 - 126 / PRIMERA EDICION,CABALLERO BLANCO,1.0,1,,,,COLECCION: EL RETO,1,100,1,https://pub-77824f6d0d4542d282fa48605bce7479.r2.dev/cards/MYL/PRIMERA%20ERA/08a55c8f-736e-4ac4-9e88-c81718a4e4b2.png
abd076e5-9db2-415e-89b8-f5b10cbfb9ff,EXPE - 13 - 120,CABALLERO BLANCO,1.0,1,,,,KIT EXTENSION PRIMERA ERA: EL RETO,11,2000,4,https://pub-77824f6d0d4542d282fa48605bce7479.r2.dev/cards/MYL/PRIMERA%20ERA/abd076e5-9db2-415e-89b8-f5b10cbfb9ff.png
5e533e8e-3c97-4b11-8d7a-d07de8d99031,LPE4 270/320,CABALLERO BLANCO,1.0,1,,,,LEYENDAS PE 4.0,20,100,1,https://pub-77824f6d0d4542d282fa48605bce7479.r2.dev/cards/MYL/PRIMERA%20ERA/5e533e8e-3c97-4b11-8d7a-d07de8d99031.png
d2f44c1d-d1d8-43ac-be99-c32f166d4a3a,REX 01/12,CABALLERO HOSPITALARIO,2.0,2,,,,MUNDO MEDIEVAL,7,2000,3,https://pub-77824f6d0d4542d282fa48605bce7479.r2.dev/cards/MYL/PRIMERA%20ERA/d2f44c1d-d1d8-43ac-be99-c32f166d4a3a.png
cbcaa6c1-de3f-4e79-a0d3-e720d536d9ca,CRPE3 - 03 - 36,CABALLERO NEGRO,2.0,2,,,,KIT RACIALES PRIMERA ERA: CABALLERO,14,1500,3,https://pub-77824f6d0d4542d282fa48605bce7479.r2.dev/cards/MYL/PRIMERA%20ERA/cbcaa6c1-de3f-4e79-a0d3-e720d536d9ca.png
e65820cf-6d4d-4d5c-b5ff-619ba538b38c,107 - 126 / PRIMERA EDICION,CABALLERO NEGRO,2.0,2,,,,COLECCION: EL RETO,9,1500,5,https://pub-77824f6d0d4542d282fa48605bce7479.r2.dev/cards/MYL/PRIMERA%20ERA/e65820cf-6d4d-4d5c-b5ff-619ba538b38c.png
3c1408a1-449f-4538-ab96-983f3612736e,REX 02/12,CABALLERO TEMPLARIO,3.0,3,,,,MUNDO MEDIEVAL,7,2000,3,https://pub-77824f6d0d4542d282fa48605bce7479.r2.dev/cards/MYL/PRIMERA%20ERA/3c1408a1-449f-4538-ab96-983f3612736e.png
9aae8a40-3192-4446-88d3-194114a24895,EDICION LIMITADA JO,CABALLERO VERDE,,0,,,,,9,6000,5,https://pub-77824f6d0d4542d282fa48605bce7479.r2.dev/pending-versions/a09cd627-0dac-4af7-96c4-4501b80b8882/1783397550559-0.webp
1c8cf55a-0ad3-43cf-b53c-892895988a59,XINNIAN 26/32,CABALLO,,0,,,,XINNIAN: ANO DEL DRAGON,7,1000,3,https://pub-77824f6d0d4542d282fa48605bce7479.r2.dev/cards/MYL/PRIMERA%20ERA/1c8cf55a-0ad3-43cf-b53c-892895988a59.png
7d30e55c-77b7-4ead-b563-8e0ca9029c06,XINNIAN 3 25/30,CABALLO,,0,,,,XINNIAN 3: ANO DEL CABALLO,15,1000,2,https://pub-77824f6d0d4542d282fa48605bce7479.r2.dev/cards/MYL/PRIMERA%20ERA/7d30e55c-77b7-4ead-b563-8e0ca9029c06.png
0529985a-e20b-443b-9b87-84dee6a40bb7,XINNIAN 2 25/30,CABALLO,,0,,,,XINNIAN 2: ANO DE LA SERPIENTE,10,1000,2,https://pub-77824f6d0d4542d282fa48605bce7479.r2.dev/cards/MYL/PRIMERA%20ERA/0529985a-e20b-443b-9b87-84dee6a40bb7.png
481b6fde-4d1c-41e4-add6-6285397c1ddf,CRPE5 28 - 84,CABALLO DE MAR,3.0,3,,,,KIT RACIALES PRIMERA ERA 2025: FAERIE,3,2500,1,https://pub-77824f6d0d4542d282fa48605bce7479.r2.dev/cards/MYL/PRIMERA%20ERA/481b6fde-4d1c-41e4-add6-6285397c1ddf.png
0183242e-af03-430a-9526-d9a002051256,CRPE3 - 25 - 36,CABALLO DE MAR,3.0,3,,,,KIT RACIALES PRIMERA ERA: FAERIE,6,3000,2,https://pub-77824f6d0d4542d282fa48605bce7479.r2.dev/cards/MYL/PRIMERA%20ERA/0183242e-af03-430a-9526-d9a002051256.png
4a3d1be6-42e1-4306-a131-c47a949280aa,EXPE - 6 - 120,CABALLO DE MAR,3.0,3,,,,KIT EXTENSION PRIMERA ERA: EL RETO,5,2000,2,https://pub-77824f6d0d4542d282fa48605bce7479.r2.dev/cards/MYL/PRIMERA%20ERA/4a3d1be6-42e1-4306-a131-c47a949280aa.png
b2098293-dc33-4c04-8fb1-a8d8021128a5,140 - 126 / PRIMERA EDICION,CABALLO DE TROYA,4.0,0,,,,COLECCION: EL RETO,6,300,2,https://pub-77824f6d0d4542d282fa48605bce7479.r2.dev/cards/MYL/PRIMERA%20ERA/b2098293-dc33-4c04-8fb1-a8d8021128a5.png
5d8e002e-36ec-4299-a8d1-2f4d122d135f,MPAT 03/18,CABALLO DE VIENTO,,0,,,,MUNDOS PERDIDOS: HORDA ESTEPARIA,23,3500,5,https://pub-77824f6d0d4542d282fa48605bce7479.r2.dev/pending-versions/a09cd627-0dac-4af7-96c4-4501b80b8882/1786240029974-0.webp
7a930c56-7df8-446c-ba92-14b8d26c09c8,LPE23 073/300,CABALLO MARINO,2.0,2,,,,LEYENDAS PRIMERA ERA 3.0,19,600,7,https://pub-77824f6d0d4542d282fa48605bce7479.r2.dev/cards/MYL/PRIMERA%20ERA/7a930c56-7df8-446c-ba92-14b8d26c09c8.png
90ed274e-ba07-45e0-8f05-9c2597f696e6,LPE4 100/320,CABALLO PESADILLA,4.0,5,,,,LEYENDAS PE 4.0,46,900,7,https://pub-77824f6d0d4542d282fa48605bce7479.r2.dev/cards/MYL/PRIMERA%20ERA/90ed274e-ba07-45e0-8f05-9c2597f696e6.png
b30a1293-a290-4c72-8aac-668c5989b6e2,XINNIAN 3 11/30,CABEZA DE BUEY,2.0,3,,,,XINNIAN 3: ANO DEL CABALLO,6,2500,2,https://pub-77824f6d0d4542d282fa48605bce7479.r2.dev/cards/MYL/PRIMERA%20ERA/b30a1293-a290-4c72-8aac-668c5989b6e2.png
ebc4840a-fec9-4a4f-bf74-4c6d7d02edeb,XINNIAN 2 26/30,CABRA,,0,,,,XINNIAN 2: ANO DE LA SERPIENTE,13,1000,3,https://pub-77824f6d0d4542d282fa48605bce7479.r2.dev/cards/MYL/PRIMERA%20ERA/ebc4840a-fec9-4a4f-bf74-4c6d7d02edeb.png
88dfdfd0-d3ee-4461-a8fd-e365cd26302a,XINNIAN 27/32,CABRA,,0,,,,XINNIAN: ANO DEL DRAGON,5,1000,2,https://pub-77824f6d0d4542d282fa48605bce7479.r2.dev/cards/MYL/PRIMERA%20ERA/88dfdfd0-d3ee-4461-a8fd-e365cd26302a.png
90caf617-c905-472e-bf76-69391da297dc,XINNIAN 3 26/30,CABRA,,0,,,,XINNIAN 3: ANO DEL CABALLO,15,1000,2,https://pub-77824f6d0d4542d282fa48605bce7479.r2.dev/cards/MYL/PRIMERA%20ERA/90caf617-c905-472e-bf76-69391da297dc.png
29e2bed6-1ec2-423c-bbdd-dfd97b851904,CRPE4 68-117,CABRACAN,3.0,2,,,,KIT RACIALES PRIMERA ERA 2025: GUERRERO,18,1500,4,https://pub-77824f6d0d4542d282fa48605bce7479.r2.dev/cards/MYL/PRIMERA%20ERA/29e2bed6-1ec2-423c-bbdd-dfd97b851904.png
c2c39dff-5861-4110-bd9e-bb4a02aab83f,026 - 126 / PRIMERA ERA,CACERIA DEL PEYOLT,1.0,0,,,,COLECCION: LA IRA DEL NAHUAL,1,2500,1,https://pub-77824f6d0d4542d282fa48605bce7479.r2.dev/cards/MYL/PRIMERA%20ERA/c2c39dff-5861-4110-bd9e-bb4a02aab83f.png
7f3ff68e-f50f-4b3a-accd-ed0c39283c03,CRPE-53-72,CACHORRO,2.0,0,,,,KIT RACIALES PRIMERA ERA: LICANTROPO,5,2000,1,https://pub-77824f6d0d4542d282fa48605bce7479.r2.dev/cards/MYL/PRIMERA%20ERA/7f3ff68e-f50f-4b3a-accd-ed0c39283c03.png
445da27f-9c9a-4303-a1c1-d23059d3cb2c,EDICION LIMITADA JO,CADOR,1.0,2,,,,,21,5000,4,https://pub-77824f6d0d4542d282fa48605bce7479.r2.dev/pending-versions/a09cd627-0dac-4af7-96c4-4501b80b8882/1783264972918-0.webp
a45e594c-d0a1-47f7-9442-72518ee30633,CRPE5 11 - 84,CADOR,1.0,2,,,,KIT RACIALES PRIMERA ERA 2025: CABALLERO,2,3000,1,https://pub-77824f6d0d4542d282fa48605bce7479.r2.dev/cards/MYL/PRIMERA%20ERA/a45e594c-d0a1-47f7-9442-72518ee30633.png
7b9e4008-9f60-46f7-b623-7775f9c2646e,LBPE24-03-21,CAELIA,1.0,2,,,,LOOTBOX PRIMERA ERA 2024,8,1500,3,https://pub-77824f6d0d4542d282fa48605bce7479.r2.dev/cards/MYL/PRIMERA%20ERA/7b9e4008-9f60-46f7-b623-7775f9c2646e.png
f2a82eac-37d1-4da1-aab2-97835a4c075b,LPE4 315/320,CAI SHEN,1.0,2,,,,LEYENDAS PE 4.0,20,100,1,https://pub-77824f6d0d4542d282fa48605bce7479.r2.dev/cards/MYL/PRIMERA%20ERA/f2a82eac-37d1-4da1-aab2-97835a4c075b.png
230618a8-0b8a-414b-a41d-4efc0fca5638,161 - 126 / PRIMERA EDICION,CAJA DE PANDORA,3.0,0,,,,COLECCION: EL RETO,4,1500,3,https://pub-77824f6d0d4542d282fa48605bce7479.r2.dev/cards/MYL/PRIMERA%20ERA/230618a8-0b8a-414b-a41d-4efc0fca5638.png
715286b9-1dbc-402a-b63f-c0a9bb5e0e8a,EDICION LIMITADA JO,CALABAZA DEL INMORTAL,,0,,,,,16,5000,5,https://pub-77824f6d0d4542d282fa48605bce7479.r2.dev/pending-versions/a09cd627-0dac-4af7-96c4-4501b80b8882/1785116345551-0.webp
b21d81f4-9ff0-4de6-828d-a0ee18f38db9,LPE4 156/320,CALABAZA DEL INMORTAL,,0,,,,LEYENDAS PE 4.0,67,1500,8,https://pub-77824f6d0d4542d282fa48605bce7479.r2.dev/cards/MYL/PRIMERA%20ERA/b21d81f4-9ff0-4de6-828d-a0ee18f38db9.png
8f422194-c5fe-4681-b007-ddf44607c8d9,SECRETA PLATEADA PE 05,CALABAZA DEL INMORTAL,,0,,,,LOOTBOX PRIMERA ERA 2025,1,6000,1,https://pub-77824f6d0d4542d282fa48605bce7479.r2.dev/cards/MYL/PRIMERA%20ERA/8f422194-c5fe-4681-b007-ddf44607c8d9.png
d651ccda-775e-4009-9fa9-5bb9e6eabf40,225 - 236 / PRIMERA EDICION,CALABAZA DEL INMORTAL,,0,,,,COLECCION: ESPIRITU DEL DRAGON,1,100,1,https://pub-77824f6d0d4542d282fa48605bce7479.r2.dev/cards/MYL/PRIMERA%20ERA/d651ccda-775e-4009-9fa9-5bb9e6eabf40.png
65b817b2-7de9-4c79-b020-c97e8615e60c,28 - 126 / PRIMERA EDICION,CALEUCHE,3.0,0,,,,COLECCION: EL RETO,4,400,3,https://pub-77824f6d0d4542d282fa48605bce7479.r2.dev/cards/MYL/PRIMERA%20ERA/65b817b2-7de9-4c79-b020-c97e8615e60c.png
31efb031-f21e-4db3-85e5-bf71f512a749,CRPE-56-72,CALIXTO,1.0,1,,,,KIT RACIALES PRIMERA ERA: LICANTROPO,2,1000,1,https://pub-77824f6d0d4542d282fa48605bce7479.r2.dev/cards/MYL/PRIMERA%20ERA/31efb031-f21e-4db3-85e5-bf71f512a749.png
2623b1cc-9929-4fce-adcd-8e02fb8db5ec,CRPE4 21 - 117,CALIXTO,1.0,1,,,,KIT RACIALES PRIMERA ERA 2025: LICANTROPO,20,1500,5,https://pub-77824f6d0d4542d282fa48605bce7479.r2.dev/cards/MYL/PRIMERA%20ERA/2623b1cc-9929-4fce-adcd-8e02fb8db5ec.png
891d4d5a-b8ed-487a-b439-b3b492f6a837,EDICIÓN LIMITADA JO,CALMET,,0,,,,,2,6000,2,https://pub-77824f6d0d4542d282fa48605bce7479.r2.dev/pending-versions/a09cd627-0dac-4af7-96c4-4501b80b8882/1790045958808-0.webp
1f557449-6ad0-4e30-a2e6-9d0b0734875a,102 - 126 / PRIMERA ERA,CAMAHUETO,2.0,3,,,,COLECCION: LA IRA DEL NAHUAL,3,200,2,https://pub-77824f6d0d4542d282fa48605bce7479.r2.dev/cards/MYL/PRIMERA%20ERA/1f557449-6ad0-4e30-a2e6-9d0b0734875a.png
fd1fe249-0b13-47dd-9217-450d5011ec63,LPE23 263/300,CAMAHUETO,2.0,3,,,,LEYENDAS PRIMERA ERA 3.0,10,100,1,https://pub-77824f6d0d4542d282fa48605bce7479.r2.dev/cards/MYL/PRIMERA%20ERA/fd1fe249-0b13-47dd-9217-450d5011ec63.png
1f92adc2-5881-4c9b-adb9-802c9a24f393,CRPE2-14-84,CAMAHUETO,2.0,3,,,,KIT RACIALES PRIMERA ERA: BESTIA,5,1500,1,https://pub-77824f6d0d4542d282fa48605bce7479.r2.dev/cards/MYL/PRIMERA%20ERA/1f92adc2-5881-4c9b-adb9-802c9a24f393.png
040cde3b-eb1a-40a3-b638-011c8705e00a,TKPE24 34/28,CAMPANA DEDAHMMAZEDI,,0,,,,TOOLKIT PREMIUM PUERTAS DEL VALHALLA,2,3000,1,https://pub-77824f6d0d4542d282fa48605bce7479.r2.dev/cards/MYL/PRIMERA%20ERA/040cde3b-eb1a-40a3-b638-011c8705e00a.png
79ee0071-2118-4edd-89b4-3a0ed8503a01,PROMO PE-11,CAMPEONES DE ORIENTE,,0,,,,LOOTBOX PRIMERA ERA 2024,1,7000,1,https://pub-77824f6d0d4542d282fa48605bce7479.r2.dev/cards/MYL/PRIMERA%20ERA/79ee0071-2118-4edd-89b4-3a0ed8503a01.png
d3260b63-c109-47c9-9a21-d5396827bd47,CRPE2-48-84,CAMPEONES DE ORIENTE,,0,,,,KIT RACIALES PRIMERA ERA: CAMPEON,2,6000,2,https://pub-77824f6d0d4542d282fa48605bce7479.r2.dev/cards/MYL/PRIMERA%20ERA/d3260b63-c109-47c9-9a21-d5396827bd47.png
b36a68e4-8983-4eeb-994a-cc9ed0073fc2,MPTO 16/18,CAMPESINA,2.0,1,,,,MUNDOS PERDIDOS: TOMBSTONE,14,3500,4,https://pub-77824f6d0d4542d282fa48605bce7479.r2.dev/cards/MYL/PRIMERA%20ERA/b36a68e4-8983-4eeb-994a-cc9ed0073fc2.png
c080ca1f-59e1-487e-8333-c3545034406d,LPE23 059/300,CANCERBERO,1.0,0,,,,LEYENDAS PRIMERA ERA 3.0,38,600,8,https://pub-77824f6d0d4542d282fa48605bce7479.r2.dev/cards/MYL/PRIMERA%20ERA/c080ca1f-59e1-487e-8333-c3545034406d.png
848bbe96-92ad-4635-bfab-f8db06a8aeb8,46 - 126 / PRIMERA EDICION,CANCERBERO,1.0,0,,,,COLECCION: EL RETO,1,400,1,https://pub-77824f6d0d4542d282fa48605bce7479.r2.dev/cards/MYL/PRIMERA%20ERA/848bbe96-92ad-4635-bfab-f8db06a8aeb8.png
e0bee3e0-f91b-49c0-ac8b-9e5fbdb7eb10,9 - 170 / PRIMERA EDICION,CANCERBERO,1.0,0,,,,COLECCION: COFRADIA,1,1000,1,https://pub-77824f6d0d4542d282fa48605bce7479.r2.dev/cards/MYL/PRIMERA%20ERA/e0bee3e0-f91b-49c0-ac8b-9e5fbdb7eb10.png
6b28c81b-37dd-4f8d-b553-0ec3006c8a2b,MPS 12/18,CANCION COYOTE,3.0,0,,,,MUNDOS PERDIDOS: HORRORES DE SALEM,19,1000,5,https://pub-77824f6d0d4542d282fa48605bce7479.r2.dev/cards/MYL/PRIMERA%20ERA/6b28c81b-37dd-4f8d-b553-0ec3006c8a2b.png
0d0f30fa-bbad-4db0-bb7f-06eb27ea410b,XINNIAN 3 12/30,CARA DE CABALLO,2.0,3,,,,XINNIAN 3: ANO DEL CABALLO,12,2000,3,https://pub-77824f6d0d4542d282fa48605bce7479.r2.dev/cards/MYL/PRIMERA%20ERA/0d0f30fa-bbad-4db0-bb7f-06eb27ea410b.png
1833f8de-9b83-422f-8b3b-16e553e3ec65,CRPE4 38 - 117,CARCANCHO,2.0,2,,,,KIT RACIALES PRIMERA ERA 2025: BESTIA,5,2000,2,https://pub-77824f6d0d4542d282fa48605bce7479.r2.dev/cards/MYL/PRIMERA%20ERA/1833f8de-9b83-422f-8b3b-16e553e3ec65.png
10c7a2ee-1b5d-4290-9ca3-86ae27afac65,MPC 03/18,CARCANCHO,2.0,2,,,,MUNDOS PERDIDOS: CIUDAD DE LOS CESARES,14,2000,3,https://pub-77824f6d0d4542d282fa48605bce7479.r2.dev/cards/MYL/PRIMERA%20ERA/10c7a2ee-1b5d-4290-9ca3-86ae27afac65.png
53e66c0f-e548-4080-ad65-c3d02b361bee,LPE23 068/300,CARMILLA,2.0,3,,,,LEYENDAS PRIMERA ERA 3.0,29,800,7,https://pub-77824f6d0d4542d282fa48605bce7479.r2.dev/cards/MYL/PRIMERA%20ERA/53e66c0f-e548-4080-ad65-c3d02b361bee.png
686c50a9-7fc6-48f6-ac78-ddb99a39479c,LPE4 177/320,CARMILLA,2.0,3,,,,LEYENDAS PE 4.0,35,600,6,https://pub-77824f6d0d4542d282fa48605bce7479.r2.dev/cards/MYL/PRIMERA%20ERA/686c50a9-7fc6-48f6-ac78-ddb99a39479c.png
911683a3-fd5c-4f15-aa98-222ce9fc6908,CRPE-70-72,CARMILLA,2.0,3,,,,KIT RACIALES PRIMERA ERA: VAMPIRO,1,3000,1,https://pub-77824f6d0d4542d282fa48605bce7479.r2.dev/cards/MYL/PRIMERA%20ERA/911683a3-fd5c-4f15-aa98-222ce9fc6908.png
2d34d9d6-dff1-4dd2-a8b8-ff2681334076,CRPE4 28 - 117,CARMILLA,2.0,3,,,,KIT RACIALES PRIMERA ERA 2025: VAMPIRO,10,1000,2,https://pub-77824f6d0d4542d282fa48605bce7479.r2.dev/cards/MYL/PRIMERA%20ERA/2d34d9d6-dff1-4dd2-a8b8-ff2681334076.png
ee56d114-c85f-4c1a-a1b0-3c713e7d0dc3,83 - 126 / PRIMERA EDICION,CARO,,0,,,,COLECCION: EL RETO,2,1000,1,https://pub-77824f6d0d4542d282fa48605bce7479.r2.dev/cards/MYL/PRIMERA%20ERA/ee56d114-c85f-4c1a-a1b0-3c713e7d0dc3.png
8184b19a-4f74-4f68-b36b-272e348492cc,EXPE - 117 - 120,CASTILLO DE SHURI,4.0,0,,,,KIT EXTENSION PRIMERA ERA: ESPIRITU DEL DRAGON,2,2000,1,https://pub-77824f6d0d4542d282fa48605bce7479.r2.dev/cards/MYL/PRIMERA%20ERA/8184b19a-4f74-4f68-b36b-272e348492cc.png
b2c96fb9-a900-435c-9f55-7ada76eb49f7,EDICION LIMITADA JO,CASTILLO DE SHURI,4.0,0,,,,,25,3500,4,https://pub-77824f6d0d4542d282fa48605bce7479.r2.dev/pending-versions/a09cd627-0dac-4af7-96c4-4501b80b8882/1783267440164-0.webp
7634bcb2-86d6-4924-bd3b-25f6ed865c72,LPE23 322/300,CASTILLO DE SHURI,4.0,0,,,,LEYENDAS PRIMERA ERA 3.0,10,2000,2,https://pub-77824f6d0d4542d282fa48605bce7479.r2.dev/cards/MYL/PRIMERA%20ERA/7634bcb2-86d6-4924-bd3b-25f6ed865c72.png
e9d48026-eceb-43cd-a26b-c354ecb7acd6,EDICION LIMITADA PE 24,CASTILLO SOMBRIO,,0,,,,,2,4000,1,https://pub-77824f6d0d4542d282fa48605bce7479.r2.dev/pending-versions/a09cd627-0dac-4af7-96c4-4501b80b8882/1785297280210-0.webp
d9fb4029-698b-43a3-81ea-73c7cfd81d23,017 - 126 / PRIMERA ERA,CATARATAS DEL IGUAZU,4.0,0,,,,COLECCION: LA IRA DEL NAHUAL,11,2500,3,https://pub-77824f6d0d4542d282fa48605bce7479.r2.dev/cards/MYL/PRIMERA%20ERA/d9fb4029-698b-43a3-81ea-73c7cfd81d23.png
36ec1aff-1f70-466e-9aec-3797af00514a,CRPE4 69-117,CAUPOLICAN,3.0,2,,,,KIT RACIALES PRIMERA ERA 2025: GUERRERO,19,1500,3,https://pub-77824f6d0d4542d282fa48605bce7479.r2.dev/cards/MYL/PRIMERA%20ERA/36ec1aff-1f70-466e-9aec-3797af00514a.png
b0a76567-f6b3-4aee-b63e-663ddc3f9637,LPE4 143/320,CAVERNA DE LOKI,4.0,0,,,,LEYENDAS PE 4.0,48,600,7,https://pub-77824f6d0d4542d282fa48605bce7479.r2.dev/cards/MYL/PRIMERA%20ERA/b0a76567-f6b3-4aee-b63e-663ddc3f9637.png
ebdba72d-0241-4935-97bb-f46113630daa,MPSG 14/18,CAVERNA DEL DRAGON,,0,,,,MUNDOS PERDIDOS: LOCURA DE DRAGON,26,2500,5,https://pub-77824f6d0d4542d282fa48605bce7479.r2.dev/pending-versions/a09cd627-0dac-4af7-96c4-4501b80b8882/1786241794868-0.webp
07badc3e-ec3a-4f2e-a2de-d888a6e05ac7,TKPE26 30/32,CAZA DEL CARIBU,2.0,0,,,,TOOLKIT 2026: ESPIRITU,31,2000,6,https://pub-77824f6d0d4542d282fa48605bce7479.r2.dev/cards/MYL/PRIMERA%20ERA/07badc3e-ec3a-4f2e-a2de-d888a6e05ac7.png
fa80fae5-5e45-4527-975c-ffa93aa26808,PROMO PE-01,CAZADORES IMPLACABLES,,0,,,,LOOTBOX PRIMERA ERA 2024,6,5500,3,https://pub-77824f6d0d4542d282fa48605bce7479.r2.dev/cards/MYL/PRIMERA%20ERA/fa80fae5-5e45-4527-975c-ffa93aa26808.png
221d1caa-0314-4cc3-a375-19ade1d6ef5c,PREMIUM LPE25 09,CAZADORES IMPLACABLES,,0,,,,LOOTBOX PRIMERA ERA 2025,6,5000,4,https://pub-77824f6d0d4542d282fa48605bce7479.r2.dev/cards/MYL/PRIMERA%20ERA/221d1caa-0314-4cc3-a375-19ade1d6ef5c.png
b20703ed-0ca0-4782-8f5d-99b9aaace5ac,CRPE2-12-84,CAZADORES IMPLACABLES,,0,,,,KIT RACIALES PRIMERA ERA: CAZADOR,4,5000,1,https://pub-77824f6d0d4542d282fa48605bce7479.r2.dev/cards/MYL/PRIMERA%20ERA/b20703ed-0ca0-4782-8f5d-99b9aaace5ac.png
09a7c2f5-bbc3-450a-8916-a3ee14325f7f,MPRE 12/18,CAZAR BIZONTES,3.0,0,,,,MUNDOS PERDIDOS: NUBE ROJA,23,1500,5,https://pub-77824f6d0d4542d282fa48605bce7479.r2.dev/cards/MYL/PRIMERA%20ERA/09a7c2f5-bbc3-450a-8916-a3ee14325f7f.png
529ad715-cd78-40d4-bdd9-ff9b2713497f,EDICION LIMITADA JO,CAZAR VAMPIRO,4.0,0,,,,,8,9000,3,https://pub-77824f6d0d4542d282fa48605bce7479.r2.dev/pending-versions/a09cd627-0dac-4af7-96c4-4501b80b8882/1783266806939-0.webp
17f6a38b-9ccf-4666-9237-2b504df535fe,LPE4 113/320,CAZAR VAMPIRO,4.0,0,,,,LEYENDAS PE 4.0,52,1500,8,https://pub-77824f6d0d4542d282fa48605bce7479.r2.dev/cards/MYL/PRIMERA%20ERA/17f6a38b-9ccf-4666-9237-2b504df535fe.png
959f317b-0ff1-4ef9-ab14-822b2e575590,EDICION LIMITADA PE25,CAZAR VAMPIRO,4.0,0,,,,LOOTBOX PRIMERA ERA 2025,11,3500,3,https://pub-77824f6d0d4542d282fa48605bce7479.r2.dev/cards/MYL/PRIMERA%20ERA/959f317b-0ff1-4ef9-ab14-822b2e575590.png
3f16d08d-ca8f-4d40-8b20-249e7adabddb,110 - 170 / PRIMERA EDICION,CENTAURO,1.0,1,,,,COLECCION: COFRADIA,1,200,1,https://pub-77824f6d0d4542d282fa48605bce7479.r2.dev/cards/MYL/PRIMERA%20ERA/3f16d08d-ca8f-4d40-8b20-249e7adabddb.png
10599c2e-03e4-4b7f-bc48-e3503bdb8fcb,045 - 126 / PRIMERA ERA,CERBATANA,2.0,0,,,,COLECCION: LA IRA DEL NAHUAL,5,2000,2,https://pub-77824f6d0d4542d282fa48605bce7479.r2.dev/cards/MYL/PRIMERA%20ERA/10599c2e-03e4-4b7f-bc48-e3503bdb8fcb.png
ab436efe-eb2d-45b8-9954-5b746601963f,XINNIAN 3 30/30,CERDO,,0,,,,XINNIAN 3: ANO DEL CABALLO,16,1000,3,https://pub-77824f6d0d4542d282fa48605bce7479.r2.dev/cards/MYL/PRIMERA%20ERA/ab436efe-eb2d-45b8-9954-5b746601963f.png
37d6afc3-a79f-410b-b84d-569558b4d112,XINNIAN 31/32,CERDO,,0,,,,XINNIAN: ANO DEL DRAGON,5,1000,2,https://pub-77824f6d0d4542d282fa48605bce7479.r2.dev/cards/MYL/PRIMERA%20ERA/37d6afc3-a79f-410b-b84d-569558b4d112.png
75b64b11-cafe-4672-b261-9454606c4109,XINNIAN 2 30/30,CERDO,,0,,,,XINNIAN 2: ANO DE LA SERPIENTE,10,1000,2,https://pub-77824f6d0d4542d282fa48605bce7479.r2.dev/cards/MYL/PRIMERA%20ERA/75b64b11-cafe-4672-b261-9454606c4109.png
e60a044f-adee-453a-b7cc-2ddd79cf1d99,LPE4 173/320,CERDO CALAVERA,2.0,3,,,,LEYENDAS PE 4.0,51,600,7,https://pub-77824f6d0d4542d282fa48605bce7479.r2.dev/cards/MYL/PRIMERA%20ERA/e60a044f-adee-453a-b7cc-2ddd79cf1d99.png
745ff9a8-a5d1-4c41-88c7-0fa1bce67f33,HPE 06/21,CERDO CALAVERA,2.0,3,,,,VIGILANTES DE LA NOCHE,3,1000,1,https://pub-77824f6d0d4542d282fa48605bce7479.r2.dev/cards/MYL/PRIMERA%20ERA/745ff9a8-a5d1-4c41-88c7-0fa1bce67f33.png
e18b6858-bfd6-4963-bf00-e95bb50d92c2,CRPE4 110 - 117,CERDO CALAVERA,2.0,3,,,,KIT RACIALES PRIMERA ERA 2025: LICANTROPO,17,1500,4,https://pub-77824f6d0d4542d282fa48605bce7479.r2.dev/cards/MYL/PRIMERA%20ERA/e18b6858-bfd6-4963-bf00-e95bb50d92c2.png
f430d100-ff5f-48f0-ae98-14e031256f4d,LPE4 158/320,CERNUNNO,2.0,3,,,,LEYENDAS PE 4.0,42,700,6,https://pub-77824f6d0d4542d282fa48605bce7479.r2.dev/cards/MYL/PRIMERA%20ERA/f430d100-ff5f-48f0-ae98-14e031256f4d.png
53bd6624-a7bb-4355-9d4d-6e2e4f16cfd3,CRPE3 - 33 - 36,CERNUNNO,2.0,3,,,,KIT RACIALES PRIMERA ERA: FAERIE,2,2500,1,https://pub-77824f6d0d4542d282fa48605bce7479.r2.dev/cards/MYL/PRIMERA%20ERA/53bd6624-a7bb-4355-9d4d-6e2e4f16cfd3.png
8727dbfe-3b81-49df-9ef7-a3198fedd5f3,PROMO PE-13,CERNUNNO,2.0,3,,,,LOOTBOX PRIMERA ERA 2024,3,3000,1,https://pub-77824f6d0d4542d282fa48605bce7479.r2.dev/cards/MYL/PRIMERA%20ERA/8727dbfe-3b81-49df-9ef7-a3198fedd5f3.png
20abeeb0-13fb-4daa-9756-a02237a4a997,CRPE5 31 - 84,CERNUNNO,2.0,3,,,,KIT RACIALES PRIMERA ERA 2025: FAERIE,4,2500,1,https://pub-77824f6d0d4542d282fa48605bce7479.r2.dev/cards/MYL/PRIMERA%20ERA/20abeeb0-13fb-4daa-9756-a02237a4a997.png
e26aa199-4717-4a20-9c74-28337e5a31bb,LPE23 207/300,CH AYIN NA,4.0,0,,,,LEYENDAS PRIMERA ERA 3.0,1,300,1,https://pub-77824f6d0d4542d282fa48605bce7479.r2.dev/cards/MYL/PRIMERA%20ERA/e26aa199-4717-4a20-9c74-28337e5a31bb.png
0d6c4091-8b0f-4650-9483-f130cf33438b,079 - 126 / PRIMERA ERA,CHACS,,6,,,,COLECCION: LA IRA DEL NAHUAL,2,1500,2,https://pub-77824f6d0d4542d282fa48605bce7479.r2.dev/cards/MYL/PRIMERA%20ERA/0d6c4091-8b0f-4650-9483-f130cf33438b.png
b42c0db2-1c0c-47bd-ba96-2fc45671b9eb,LPE4 316/320,CHANGQUAN,1.0,0,,,,LEYENDAS PE 4.0,46,400,3,https://pub-77824f6d0d4542d282fa48605bce7479.r2.dev/cards/MYL/PRIMERA%20ERA/b42c0db2-1c0c-47bd-ba96-2fc45671b9eb.png
f5f74a91-b650-4959-afe0-10e094ae866d,EDICION LIMITADA JO,CHANGQUAN,1.0,0,,,,,2,10000,1,https://pub-77824f6d0d4542d282fa48605bce7479.r2.dev/pending-versions/a09cd627-0dac-4af7-96c4-4501b80b8882/1790653165582-0.webp
54aea7b9-ad9c-43b8-abf8-05580a21683e,CRPE2-33-84,CHASQUI,2.0,4,,,,KIT RACIALES PRIMERA ERA: GUERRERO,2,1500,1,https://pub-77824f6d0d4542d282fa48605bce7479.r2.dev/cards/MYL/PRIMERA%20ERA/54aea7b9-ad9c-43b8-abf8-05580a21683e.png
b9bbd96a-ff57-4ec7-bb14-0dedf59473b4,095 - 126 / PRIMERA ERA,CHASQUI,2.0,4,,,,COLECCION: LA IRA DEL NAHUAL,4,400,2,https://pub-77824f6d0d4542d282fa48605bce7479.r2.dev/cards/MYL/PRIMERA%20ERA/b9bbd96a-ff57-4ec7-bb14-0dedf59473b4.png
3b5a3533-eb07-48c2-83f2-9169904ffe4b,PREMIUM LPE25 15,CHEMAMULL,2.0,0,,,,LOOTBOX PRIMERA ERA 2025,6,3000,2,https://pub-77824f6d0d4542d282fa48605bce7479.r2.dev/cards/MYL/PRIMERA%20ERA/3b5a3533-eb07-48c2-83f2-9169904ffe4b.png
227c8f91-37ea-45b0-b55c-d480b4ad0c6f,CRPE4 60 - 117,CHEMAMULL,2.0,0,,,,KIT RACIALES PRIMERA ERA 2025: CHAMAN,7,1500,2,https://pub-77824f6d0d4542d282fa48605bce7479.r2.dev/cards/MYL/PRIMERA%20ERA/227c8f91-37ea-45b0-b55c-d480b4ad0c6f.png
22909479-e918-40b1-a689-85d8adb6efcd,200 - 236 / PRIMERA EDICION,CHEN,5.0,0,,,,COLECCION: ESPIRITU DEL DRAGON,1,100,1,https://pub-77824f6d0d4542d282fa48605bce7479.r2.dev/cards/MYL/PRIMERA%20ERA/22909479-e918-40b1-a689-85d8adb6efcd.png
cc870db2-14ad-4c48-8bab-cebf2f11e73d,EXPE - 106 - 120,CHIANG SHIH,3.0,3,,,,KIT EXTENSION PRIMERA ERA: ESPIRITU DEL DRAGON,1,1500,1,https://pub-77824f6d0d4542d282fa48605bce7479.r2.dev/cards/MYL/PRIMERA%20ERA/cc870db2-14ad-4c48-8bab-cebf2f11e73d.png
6ca824a3-45aa-44b7-bc96-0b3f335b4a44,TKPE2 - 13 - 13,CHIEN,4.0,0,,,,TOOLKIT: ODIN,5,1500,2,https://pub-77824f6d0d4542d282fa48605bce7479.r2.dev/cards/MYL/PRIMERA%20ERA/6ca824a3-45aa-44b7-bc96-0b3f335b4a44.png
da96f09e-b3d7-4ae4-8477-bcca4c7d94f6,191 - 236 / PRIMERA EDICION,CHIEN,4.0,0,,,,COLECCION: ESPIRITU DEL DRAGON,1,100,1,https://pub-77824f6d0d4542d282fa48605bce7479.r2.dev/cards/MYL/PRIMERA%20ERA/da96f09e-b3d7-4ae4-8477-bcca4c7d94f6.png
48bbaf43-feb3-4f7d-bca7-456f265bfe97,TKPE24 29/28,CHIEN,4.0,0,,,,TOOLKIT PREMIUM PUERTAS DEL VALHALLA,21,2000,3,https://pub-77824f6d0d4542d282fa48605bce7479.r2.dev/cards/MYL/PRIMERA%20ERA/48bbaf43-feb3-4f7d-bca7-456f265bfe97.png
23713186-5b52-4b92-8e0c-056295f09704,LPE4 319/320,CHIEN,4.0,0,,,,LEYENDAS PE 4.0,20,100,1,https://pub-77824f6d0d4542d282fa48605bce7479.r2.dev/cards/MYL/PRIMERA%20ERA/23713186-5b52-4b92-8e0c-056295f09704.png
c8972ab1-710c-4136-845d-87f8d6b68da3,59 - 170 / FIRST EDITION,CHILOTEAN WITCH,,0,,,,,2,3000,1,https://pub-77824f6d0d4542d282fa48605bce7479.r2.dev/pending-versions/b457c3e0-41ed-4a6b-8d6b-438846ff4e1d/1785175462774-0.webp
7b3898b0-fb1c-4c79-9552-4e5ecd11681a,EXPE - 51 - 120,CHINIVILU,2.0,2,,,,KIT EXTENSION PRIMERA ERA: LA IRA DEL NAHUAL,14,900,4,https://pub-77824f6d0d4542d282fa48605bce7479.r2.dev/cards/MYL/PRIMERA%20ERA/7b3898b0-fb1c-4c79-9552-4e5ecd11681a.png
f54ab413-74d2-4aac-bdb7-6551a7b6cbcf,EXPE - 107 - 120,CHIYOME MOCHIZUKI,3.0,3,,,,KIT EXTENSION PRIMERA ERA: ESPIRITU DEL DRAGON,4,2000,1,https://pub-77824f6d0d4542d282fa48605bce7479.r2.dev/cards/MYL/PRIMERA%20ERA/f54ab413-74d2-4aac-bdb7-6551a7b6cbcf.png
0a2b3adc-1503-4a4f-9c3a-2b9176fc5975,CRPE5 43 - 84,CHIYOME MOCHIZUKI,3.0,3,,,,KIT RACIALES PRIMERA ERA 2025: CAMPEON,21,2000,2,https://pub-77824f6d0d4542d282fa48605bce7479.r2.dev/cards/MYL/PRIMERA%20ERA/0a2b3adc-1503-4a4f-9c3a-2b9176fc5975.png
f4678968-aa7c-4daa-9b0a-38310b432109,TKPE26 04/32,CHON-CHON,2.0,0,,,,TOOLKIT 2026: ANCESTRAL,25,2500,8,https://pub-77824f6d0d4542d282fa48605bce7479.r2.dev/cards/MYL/PRIMERA%20ERA/f4678968-aa7c-4daa-9b0a-38310b432109.png
fd24a096-fc9c-4bdf-9f36-60f88013f016,65 - 126 / PRIMERA EDICION,CICLOPE,3.0,0,,,,COLECCION: EL RETO,13,500,4,https://pub-77824f6d0d4542d282fa48605bce7479.r2.dev/cards/MYL/PRIMERA%20ERA/fd24a096-fc9c-4bdf-9f36-60f88013f016.png
8c716d17-436c-4cb1-b876-b1376cb239b4,LPE23 012/300,CICLOPE,3.0,0,,,,LEYENDAS PRIMERA ERA 3.0,12,2000,5,https://pub-77824f6d0d4542d282fa48605bce7479.r2.dev/cards/MYL/PRIMERA%20ERA/8c716d17-436c-4cb1-b876-b1376cb239b4.png
4b9a5aa0-f08b-4f56-8886-1ef32c3becd2,CRPE2-55-84,CIENPIES,2.0,2,,,,KIT RACIALES PRIMERA ERA: CRIATURAS,6,1500,3,https://pub-77824f6d0d4542d282fa48605bce7479.r2.dev/cards/MYL/PRIMERA%20ERA/4b9a5aa0-f08b-4f56-8886-1ef32c3becd2.png
ac0007f6-0425-4ab5-ae18-d16b82a9ffbc,086 - 126 / PRIMERA ERA,CIHUATE TEOTL,3.0,2,,,,COLECCION: LA IRA DEL NAHUAL,1,100,1,https://pub-77824f6d0d4542d282fa48605bce7479.r2.dev/cards/MYL/PRIMERA%20ERA/ac0007f6-0425-4ab5-ae18-d16b82a9ffbc.png
26679c00-391d-4cbb-91a6-e8bd612fdd4b,LPE4 128/320,CIHUATE TEOTL,3.0,2,,,,LEYENDAS PE 4.0,60,700,7,https://pub-77824f6d0d4542d282fa48605bce7479.r2.dev/cards/MYL/PRIMERA%20ERA/26679c00-391d-4cbb-91a6-e8bd612fdd4b.png
b0c1bcd8-02d1-4e47-8b8f-522e6dc0b5ac,PROMOCIONAL LPE25 12,CIN TEOTL,2.0,3,,,,LOOTBOX PRIMERA ERA 2025,20,1500,5,https://pub-77824f6d0d4542d282fa48605bce7479.r2.dev/cards/MYL/PRIMERA%20ERA/b0c1bcd8-02d1-4e47-8b8f-522e6dc0b5ac.png
6aff7677-47c0-4b05-8dda-4165677f6fb3,CRPE4 57 - 117,CIN TEOTL,2.0,3,,,,KIT RACIALES PRIMERA ERA 2025: CHAMAN,9,1500,2,https://pub-77824f6d0d4542d282fa48605bce7479.r2.dev/cards/MYL/PRIMERA%20ERA/6aff7677-47c0-4b05-8dda-4165677f6fb3.png
d727e94a-fdd9-43c3-90c0-a4d0a63e7ecd,LPE23 281/300,CINTURON DE THOR,2.0,0,,,,LEYENDAS PRIMERA ERA 3.0,10,100,1,https://pub-77824f6d0d4542d282fa48605bce7479.r2.dev/cards/MYL/PRIMERA%20ERA/d727e94a-fdd9-43c3-90c0-a4d0a63e7ecd.png
409826d0-077d-4639-a3dc-06362c7626a1,87 - 126 / PRIMERA EDICION,CINTURON DE THOR,2.0,0,,,,COLECCION: RAGNAROK,9,200,2,https://pub-77824f6d0d4542d282fa48605bce7479.r2.dev/cards/MYL/PRIMERA%20ERA/409826d0-077d-4639-a3dc-06362c7626a1.png
8d667987-d6ed-4c9d-9f71-ad4025214993,PREMIUM PE-07,CIPACTLI,2.0,3,,,,LOOTBOX PRIMERA ERA 2024,3,3000,2,https://pub-77824f6d0d4542d282fa48605bce7479.r2.dev/cards/MYL/PRIMERA%20ERA/8d667987-d6ed-4c9d-9f71-ad4025214993.png
17f2ff50-94ec-4efd-acc6-cb1c2208278a,CRPE4 39 - 117,CIPACTLI,2.0,3,,,,KIT RACIALES PRIMERA ERA 2025: BESTIA,22,2500,3,https://pub-77824f6d0d4542d282fa48605bce7479.r2.dev/cards/MYL/PRIMERA%20ERA/17f2ff50-94ec-4efd-acc6-cb1c2208278a.png
10f8d777-e585-453d-9b58-64ec8ed7bcdf,CRPE2-22-84,CIPACTLI,2.0,3,,,,KIT RACIALES PRIMERA ERA: BESTIA,5,2500,2,https://pub-77824f6d0d4542d282fa48605bce7479.r2.dev/cards/MYL/PRIMERA%20ERA/10f8d777-e585-453d-9b58-64ec8ed7bcdf.png
3b9dd747-35ac-4543-ae85-ac9e8e09054e,PROMOCIONAL LPE25 11,CIPACTLI,2.0,3,,,,LOOTBOX PRIMERA ERA 2025,11,2000,3,https://pub-77824f6d0d4542d282fa48605bce7479.r2.dev/cards/MYL/PRIMERA%20ERA/3b9dd747-35ac-4543-ae85-ac9e8e09054e.png
0cd30476-1ccf-4bfa-aafb-e6ecd4b68d10,070 - 126 / PRIMERA ERA,CIPACTONAL Y OXMOCO,4.0,3,,,,COLECCION: LA IRA DEL NAHUAL,1,300,1,https://pub-77824f6d0d4542d282fa48605bce7479.r2.dev/cards/MYL/PRIMERA%20ERA/0cd30476-1ccf-4bfa-aafb-e6ecd4b68d10.png
3de544b5-4308-4673-8a5e-04f39a973d00,CRPE4 56 - 117,CIPACTONAL Y OXMOCO,4.0,3,,,,KIT RACIALES PRIMERA ERA 2025: CHAMAN,6,3500,2,https://pub-77824f6d0d4542d282fa48605bce7479.r2.dev/cards/MYL/PRIMERA%20ERA/3de544b5-4308-4673-8a5e-04f39a973d00.png
2d3a069b-1813-4258-9cfe-185e18ba42b1,TKPE26 02/32,CIRCULO DE PIEDRA,4.0,0,,,,TOOLKIT 2026: ANCESTRAL,22,2500,7,https://pub-77824f6d0d4542d282fa48605bce7479.r2.dev/cards/MYL/PRIMERA%20ERA/2d3a069b-1813-4258-9cfe-185e18ba42b1.png
59b8d0a8-5169-48b5-a6b2-6f8c9e013a54,CRPE5 36 - 84,CIRCULO DE PIEDRA,4.0,0,,,,KIT RACIALES PRIMERA ERA 2025: FAERIE,2,3500,2,https://pub-77824f6d0d4542d282fa48605bce7479.r2.dev/cards/MYL/PRIMERA%20ERA/59b8d0a8-5169-48b5-a6b2-6f8c9e013a54.png
c33e1caa-7d4e-4a12-bd2a-84fc42ed9a38,LPE4 30/320,CIUDAD DE LOS CESARES,2.0,0,,,,LEYENDAS PE 4.0,17,2500,5,https://pub-77824f6d0d4542d282fa48605bce7479.r2.dev/cards/MYL/PRIMERA%20ERA/c33e1caa-7d4e-4a12-bd2a-84fc42ed9a38.png
7db24d45-f46a-4a3f-bf14-8fefacf08346,MPC 00/18,CIUDAD DE LOS CESARES,2.0,0,,,,MUNDOS PERDIDOS: CIUDAD DE LOS CESARES,11,2500,2,https://pub-77824f6d0d4542d282fa48605bce7479.r2.dev/cards/MYL/PRIMERA%20ERA/7db24d45-f46a-4a3f-bf14-8fefacf08346.png
e8a22946-0367-4e1f-8aa9-ca54bd361c3d,TKPE25 06/28,CIUDAD DE LOS CESARES,2.0,0,,,,TOOLKIT 2025: VALENTIA Y DESOLACION,28,1500,5,https://pub-77824f6d0d4542d282fa48605bce7479.r2.dev/cards/MYL/PRIMERA%20ERA/e8a22946-0367-4e1f-8aa9-ca54bd361c3d.png
3089ef0a-088f-4f71-9191-0ec1b49c7927,MPO 19/18,CIUDAD PROHIBIDA,3.0,0,,,,MUNDOS PERDIDOS: VIAJE AL OESTE,2,3000,1,https://pub-77824f6d0d4542d282fa48605bce7479.r2.dev/cards/MYL/PRIMERA%20ERA/3089ef0a-088f-4f71-9191-0ec1b49c7927.png
88095324-02e4-45cb-9252-0f5c6f697df2,117 - 126 / PRIMERA EDICION,CIZIN,5.0,0,,,,COLECCION: EL RETO,2,500,2,https://pub-77824f6d0d4542d282fa48605bce7479.r2.dev/cards/MYL/PRIMERA%20ERA/88095324-02e4-45cb-9252-0f5c6f697df2.png
a2f2c31c-c8d6-46cd-9283-0410bd055f18,MPA-13-18,CLARENT,3.0,0,,,,MUNDOS PERDIDOS: LEYENDAS DE AVALON,19,1000,6,https://pub-77824f6d0d4542d282fa48605bce7479.r2.dev/cards/MYL/PRIMERA%20ERA/a2f2c31c-c8d6-46cd-9283-0410bd055f18.png
14d8d686-cbd7-4a9f-8524-fc403e79cb6d,EDICION LIMITADA JO,CLAVICEPS PURPUREA,,0,,,,,27,4000,5,https://pub-77824f6d0d4542d282fa48605bce7479.r2.dev/pending-versions/a09cd627-0dac-4af7-96c4-4501b80b8882/1783266920522-0.webp
5a959014-7839-4f7e-b398-4dcfab7ee3d6,LPE4 09/320,CLAVICEPS PURPUREA,,0,,,,LEYENDAS PE 4.0,5,14000,3,https://pub-77824f6d0d4542d282fa48605bce7479.r2.dev/cards/MYL/PRIMERA%20ERA/5a959014-7839-4f7e-b398-4dcfab7ee3d6.png
a8ff864c-2846-4ec0-917e-224c04b22fc6,LBPE25 22/21,CLAVICEPS PURPUREA,,0,,,,LOOTBOX PRIMERA ERA 2025,6,7000,3,https://pub-77824f6d0d4542d282fa48605bce7479.r2.dev/cards/MYL/PRIMERA%20ERA/a8ff864c-2846-4ec0-917e-224c04b22fc6.png
4863837a-5072-44d8-bdb4-f870e255cc62,LPE4 52/320,CLAVICEPS PURPUREA,,0,,,,LEYENDAS PE 4.0,15,3000,4,https://pub-77824f6d0d4542d282fa48605bce7479.r2.dev/cards/MYL/PRIMERA%20ERA/4863837a-5072-44d8-bdb4-f870e255cc62.png
94038328-ab7f-4141-b50c-86cb6d42033e,TKPE25 18/28,CLAVICEPS PURPUREA,,0,,,,TOOLKIT 2025: HONOR Y FEROCIDAD,17,2500,5,https://pub-77824f6d0d4542d282fa48605bce7479.r2.dev/cards/MYL/PRIMERA%20ERA/94038328-ab7f-4141-b50c-86cb6d42033e.png
dd6cd983-3c70-4e41-a287-94c8c925bacf,MPS 15/18,CLAVICEPS PURPUREA,,0,,,,MUNDOS PERDIDOS: HORRORES DE SALEM,20,2500,5,https://pub-77824f6d0d4542d282fa48605bce7479.r2.dev/cards/MYL/PRIMERA%20ERA/dd6cd983-3c70-4e41-a287-94c8c925bacf.png
dccfc643-0329-4c82-82d5-6faa42057965,CRPE5 23 - 84,COCATRIZ,2.0,4,,,,KIT RACIALES PRIMERA ERA 2025: DRAGON,6,3000,2,https://pub-77824f6d0d4542d282fa48605bce7479.r2.dev/cards/MYL/PRIMERA%20ERA/dccfc643-0329-4c82-82d5-6faa42057965.png
d9e5171a-9333-452e-83e5-80b36eb60d38,MPRE 07/18,COCHISE,4.0,4,,,,MUNDOS PERDIDOS: NUBE ROJA,15,2000,3,https://pub-77824f6d0d4542d282fa48605bce7479.r2.dev/cards/MYL/PRIMERA%20ERA/d9e5171a-9333-452e-83e5-80b36eb60d38.png
65d7fd7e-7f0d-4be3-8354-b166ec87546e,122 - 126 / PRIMERA EDICION,CODEX RUNICUS,,0,,,,COLECCION: RAGNAROK,1,100,1,https://pub-77824f6d0d4542d282fa48605bce7479.r2.dev/cards/MYL/PRIMERA%20ERA/65d7fd7e-7f0d-4be3-8354-b166ec87546e.png
a0df9c57-1310-453c-be7b-26e7421b7e20,LPE4 142/320,CODEX RUNICUS,,0,,,,LEYENDAS PE 4.0,59,1000,7,https://pub-77824f6d0d4542d282fa48605bce7479.r2.dev/cards/MYL/PRIMERA%20ERA/a0df9c57-1310-453c-be7b-26e7421b7e20.png
5cf178e9-3413-4309-998f-645ca53d9e74,SECRETA PLATEADA PE 04,CODEX RUNICUS,,0,,,,LOOTBOX PRIMERA ERA 2025,7,4500,5,https://pub-77824f6d0d4542d282fa48605bce7479.r2.dev/cards/MYL/PRIMERA%20ERA/5cf178e9-3413-4309-998f-645ca53d9e74.png
07312451-3365-4b07-9669-721a209e6d0b,TKPE26 35/32,COLGANTE IMPIO,,0,,,,TOOLKIT 2026: ESPIRITU,46,2500,9,https://pub-77824f6d0d4542d282fa48605bce7479.r2.dev/cards/MYL/PRIMERA%20ERA/07312451-3365-4b07-9669-721a209e6d0b.png
f0dafce9-db27-476c-a93e-d15c47da3a0b,LPE4 114/320,COLGANTE IMPIO,,0,,,,LEYENDAS PE 4.0,62,800,10,https://pub-77824f6d0d4542d282fa48605bce7479.r2.dev/cards/MYL/PRIMERA%20ERA/f0dafce9-db27-476c-a93e-d15c47da3a0b.png
1fe8d7bf-f9ea-40d7-8668-79c887e7485b,EDICION LIMITADA JO,COLGANTE IMPIO,,0,,,,,4,9000,3,https://pub-77824f6d0d4542d282fa48605bce7479.r2.dev/cards/MYL/PRIMERA%20ERA/1fe8d7bf-f9ea-40d7-8668-79c887e7485b.png
4503fa11-f2aa-4723-8843-f6a4e2ad9730,SECRETA PLATEADA PE 02,COLGANTE IMPIO,,0,,,,LOOTBOX PRIMERA ERA 2025,9,4000,7,https://pub-77824f6d0d4542d282fa48605bce7479.r2.dev/cards/MYL/PRIMERA%20ERA/4503fa11-f2aa-4723-8843-f6a4e2ad9730.png
81846977-674a-4810-84d5-3038fc9abee0,EDICION LIMITADA JO,COLINA DEL AHORCADO,3.0,0,,,,,12,4500,4,https://pub-77824f6d0d4542d282fa48605bce7479.r2.dev/pending-versions/a09cd627-0dac-4af7-96c4-4501b80b8882/1783266645711-0.webp
3c550a54-91d5-4b43-8e02-d4484458ff48,TKPE25 19/28,COLINA DEL AHORCADO,3.0,0,,,,TOOLKIT 2025: HONOR Y FEROCIDAD,9,2000,2,https://pub-77824f6d0d4542d282fa48605bce7479.r2.dev/cards/MYL/PRIMERA%20ERA/3c550a54-91d5-4b43-8e02-d4484458ff48.png
62bbd515-65f6-4d1b-b92f-88a44d252d40,MPS 14/18,COLINA DEL AHORCADO,3.0,0,,,,MUNDOS PERDIDOS: HORRORES DE SALEM,13,2500,4,https://pub-77824f6d0d4542d282fa48605bce7479.r2.dev/cards/MYL/PRIMERA%20ERA/62bbd515-65f6-4d1b-b92f-88a44d252d40.png
3ccab450-76de-42b1-b84f-83a8e7ceae41,TKPE26 18/32,COLINA DEL AHORCADO,3.0,0,,,,TOOLKIT 2026: ESPIRITU,31,1500,8,https://pub-77824f6d0d4542d282fa48605bce7479.r2.dev/cards/MYL/PRIMERA%20ERA/3ccab450-76de-42b1-b84f-83a8e7ceae41.png
fbe5c967-8e82-49d7-b30d-ea3485357ee5,LPE4 24/320,COLINA DEL AHORCADO,3.0,0,,,,LEYENDAS PE 4.0,15,3000,3,https://pub-77824f6d0d4542d282fa48605bce7479.r2.dev/cards/MYL/PRIMERA%20ERA/fbe5c967-8e82-49d7-b30d-ea3485357ee5.png
0aa21e20-602c-41c7-845e-952ca8b93476,LPE4 111/320,COLMILLO SANGRIENTO,2.0,2,,,,LEYENDAS PE 4.0,46,700,8,https://pub-77824f6d0d4542d282fa48605bce7479.r2.dev/cards/MYL/PRIMERA%20ERA/0aa21e20-602c-41c7-845e-952ca8b93476.png
0b6adb01-ee3e-458d-b392-45917080a50e,TKPE26 29/32,COLUMNAS DE THULAN,1.0,0,,,,TOOLKIT 2026: ESPIRITU,16,2500,6,https://pub-77824f6d0d4542d282fa48605bce7479.r2.dev/cards/MYL/PRIMERA%20ERA/0b6adb01-ee3e-458d-b392-45917080a50e.png
89e5b6a1-853c-4a16-a1f1-367ac8e78ff3,TKPE25 11/28,COMERCIANTES DEL RIO,,0,,,,TOOLKIT 2025: VALENTIA Y DESOLACION,19,4000,4,https://pub-77824f6d0d4542d282fa48605bce7479.r2.dev/cards/MYL/PRIMERA%20ERA/89e5b6a1-853c-4a16-a1f1-367ac8e78ff3.png
b5f5fefd-731a-4299-8b5f-d690f3329fd8,CRPE-48-72,CONCILIO DE DIOSES,,0,,,,KIT RACIALES PRIMERA ERA: DIOS,8,3500,2,https://pub-77824f6d0d4542d282fa48605bce7479.r2.dev/cards/MYL/PRIMERA%20ERA/b5f5fefd-731a-4299-8b5f-d690f3329fd8.png
e0552ca1-8b55-4ea4-af8e-c6765e0b1325,PROMO PE-09,CONCILIO DE DIOSES,,0,,,,LOOTBOX PRIMERA ERA 2024,4,5500,2,https://pub-77824f6d0d4542d282fa48605bce7479.r2.dev/cards/MYL/PRIMERA%20ERA/e0552ca1-8b55-4ea4-af8e-c6765e0b1325.png
897b51ab-cf4d-47d4-81f3-8053ac49f1b3,LPE23 164/300,CONCILIO DE DIOSES,,0,,,,LEYENDAS PRIMERA ERA 3.0,20,1000,5,https://pub-77824f6d0d4542d282fa48605bce7479.r2.dev/cards/MYL/PRIMERA%20ERA/897b51ab-cf4d-47d4-81f3-8053ac49f1b3.png
d3543a3d-fdef-4c7c-b1e3-878b5e83ed3b,XINNIAN 3 22/30,CONEJO,,0,,,,XINNIAN 3: ANO DEL CABALLO,15,1000,2,https://pub-77824f6d0d4542d282fa48605bce7479.r2.dev/cards/MYL/PRIMERA%20ERA/d3543a3d-fdef-4c7c-b1e3-878b5e83ed3b.png
f4ca318a-cbad-4af7-970e-0a13cb884601,XINNIAN 2 22/30,CONEJO,,0,,,,XINNIAN 2: ANO DE LA SERPIENTE,8,1000,3,https://pub-77824f6d0d4542d282fa48605bce7479.r2.dev/cards/MYL/PRIMERA%20ERA/f4ca318a-cbad-4af7-970e-0a13cb884601.png
5b07d722-e25e-45d2-8c0b-a19e0898876b,XINNIAN 23/32,CONEJO,,0,,,,XINNIAN: ANO DEL DRAGON,4,1000,1,https://pub-77824f6d0d4542d282fa48605bce7479.r2.dev/cards/MYL/PRIMERA%20ERA/5b07d722-e25e-45d2-8c0b-a19e0898876b.png
6ceabbb9-dd71-4995-894c-a0313ac3862e,LPE4 17/320,CONQUISTADOR,3.0,3,,,,LEYENDAS PE 4.0,37,2000,6,https://pub-77824f6d0d4542d282fa48605bce7479.r2.dev/cards/MYL/PRIMERA%20ERA/6ceabbb9-dd71-4995-894c-a0313ac3862e.png
34a6c37e-cc35-4395-8cb5-b8abaebbed9a,LBPE24-02-21,CONQUISTADOR,3.0,3,,,,LOOTBOX PRIMERA ERA 2024,8,1500,3,https://pub-77824f6d0d4542d282fa48605bce7479.r2.dev/cards/MYL/PRIMERA%20ERA/34a6c37e-cc35-4395-8cb5-b8abaebbed9a.png
b4259f08-ab1e-4db5-a363-58cbf72504b5,CRPE5 16 - 84,CONQUISTADOR,3.0,3,,,,KIT RACIALES PRIMERA ERA 2025: DRAGON,5,1500,3,https://pub-77824f6d0d4542d282fa48605bce7479.r2.dev/cards/MYL/PRIMERA%20ERA/b4259f08-ab1e-4db5-a363-58cbf72504b5.png
5607f52c-ab19-4cca-92d5-70c16029995f,MPA-07-18,CONSTANTINE III,2.0,1,,,,MUNDOS PERDIDOS: LEYENDAS DE AVALON,22,1500,7,https://pub-77824f6d0d4542d282fa48605bce7479.r2.dev/cards/MYL/PRIMERA%20ERA/5607f52c-ab19-4cca-92d5-70c16029995f.png
e7a04f76-ef48-4844-b01d-ad18613acf63,EDICION LIMITADA PE 24,CONTROLAR ENREDADERA,2.0,0,,,,,10,4500,3,https://pub-77824f6d0d4542d282fa48605bce7479.r2.dev/pending-versions/a09cd627-0dac-4af7-96c4-4501b80b8882/1783266101860-0.webp
7a2fdce6-f7ce-473f-b9aa-2043c3dc4399,LPE4 78/320,CONTROLAR ENREDADERA,2.0,0,,,,LEYENDAS PE 4.0,3,2000,2,https://pub-77824f6d0d4542d282fa48605bce7479.r2.dev/cards/MYL/PRIMERA%20ERA/7a2fdce6-f7ce-473f-b9aa-2043c3dc4399.png
5715e71b-4d9a-4b2b-80f2-69a06637e81f,LPE23 037/300,CONTROLAR ENREDADERA,2.0,0,,,,LEYENDAS PRIMERA ERA 3.0,20,1500,6,https://pub-77824f6d0d4542d282fa48605bce7479.r2.dev/cards/MYL/PRIMERA%20ERA/5715e71b-4d9a-4b2b-80f2-69a06637e81f.png
4de77ab8-8b8b-49eb-b21f-24a78f3c3e42,214 - 236 / PRIMERA EDICION,CORAZA CHINA,3.0,0,,,,COLECCION: ESPIRITU DEL DRAGON,1,100,1,https://pub-77824f6d0d4542d282fa48605bce7479.r2.dev/cards/MYL/PRIMERA%20ERA/4de77ab8-8b8b-49eb-b21f-24a78f3c3e42.png
250aca42-d930-4bfa-8014-c69b396af6ef,LPE23 243/300,CORAZA CHINA,3.0,0,,,,LEYENDAS PRIMERA ERA 3.0,4,100,1,https://pub-77824f6d0d4542d282fa48605bce7479.r2.dev/cards/MYL/PRIMERA%20ERA/250aca42-d930-4bfa-8014-c69b396af6ef.png
7785a1c9-3015-4c06-9cd6-26adff9b34f7,LPE4 227/320,CORAZON DE LEON,2.0,2,,,,LEYENDAS PE 4.0,20,100,1,https://pub-77824f6d0d4542d282fa48605bce7479.r2.dev/cards/MYL/PRIMERA%20ERA/7785a1c9-3015-4c06-9cd6-26adff9b34f7.png
767b1bfa-06c1-4ce0-a917-e7110cb642db,TKPE24 36/28,CORONA DUCAL,,0,,,,TOOLKIT PREMIUM JUSTA,1,3000,1,https://pub-77824f6d0d4542d282fa48605bce7479.r2.dev/cards/MYL/PRIMERA%20ERA/767b1bfa-06c1-4ce0-a917-e7110cb642db.png
907145f4-5f4d-4484-b9cd-e228f0b1215e,TKPE24 31/28,CORONA TRIUNFAL,,0,,,,TOOLKIT PREMIUM PUERTAS DEL VALHALLA,2,3000,1,https://pub-77824f6d0d4542d282fa48605bce7479.r2.dev/cards/MYL/PRIMERA%20ERA/907145f4-5f4d-4484-b9cd-e228f0b1215e.png
aa97f671-2fe7-4b00-ba81-a71a3c129162,EXPE - 36 - 120,COROT,2.0,3,,,,KIT EXTENSION PRIMERA ERA: MUNDO GOTICO,1,3000,1,https://pub-77824f6d0d4542d282fa48605bce7479.r2.dev/cards/MYL/PRIMERA%20ERA/aa97f671-2fe7-4b00-ba81-a71a3c129162.png
33f96e4a-22a1-47cf-b285-457b2bb732fe,PROMO PE-16,COROT,2.0,3,,,,LOOTBOX PRIMERA ERA 2024,5,3000,2,https://pub-77824f6d0d4542d282fa48605bce7479.r2.dev/cards/MYL/PRIMERA%20ERA/33f96e4a-22a1-47cf-b285-457b2bb732fe.png
4d27f682-82ab-4813-b953-2ead7ccc751f,CRPE4 13 - 117,COROT,2.0,3,,,,KIT RACIALES PRIMERA ERA 2025: LICANTROPO,22,1500,3,https://pub-77824f6d0d4542d282fa48605bce7479.r2.dev/cards/MYL/PRIMERA%20ERA/4d27f682-82ab-4813-b953-2ead7ccc751f.png
00e31ba8-d121-4c11-aecb-67488e055513,LPE4 285/320,COROT,2.0,3,,,,LEYENDAS PE 4.0,24,100,2,https://pub-77824f6d0d4542d282fa48605bce7479.r2.dev/cards/MYL/PRIMERA%20ERA/00e31ba8-d121-4c11-aecb-67488e055513.png
8df115dd-18ba-49e3-9b1c-b5ba8ae1b53f,PREMIUM LPE25 11,CORTADORA,3.0,3,,,,LOOTBOX PRIMERA ERA 2025,20,1500,4,https://pub-77824f6d0d4542d282fa48605bce7479.r2.dev/cards/MYL/PRIMERA%20ERA/8df115dd-18ba-49e3-9b1c-b5ba8ae1b53f.png
617e0e22-9ba0-4c3c-be4b-761bd0518aa5,LPE4 182/320,CORTADORA,3.0,3,,,,LEYENDAS PE 4.0,25,900,5,https://pub-77824f6d0d4542d282fa48605bce7479.r2.dev/cards/MYL/PRIMERA%20ERA/617e0e22-9ba0-4c3c-be4b-761bd0518aa5.png
6ca7cfb3-9f5c-4f52-8809-4213272ccb18,LPE23 138/300,CORTADORA,3.0,3,,,,LEYENDAS PRIMERA ERA 3.0,11,2000,2,https://pub-77824f6d0d4542d282fa48605bce7479.r2.dev/cards/MYL/PRIMERA%20ERA/6ca7cfb3-9f5c-4f52-8809-4213272ccb18.png
f09789ef-fcc2-4350-89b9-d72ed0ebe9d9,EDICION LIMITADA JO,CORTADORA,3.0,3,,,,,13,5000,5,https://pub-77824f6d0d4542d282fa48605bce7479.r2.dev/pending-versions/a09cd627-0dac-4af7-96c4-4501b80b8882/1783272157885-0.webp
53ac7b96-5beb-41ad-a188-c8ec0100033e,MPTO 04/18,COYOTE ROJO,4.0,4,,,,MUNDOS PERDIDOS: TOMBSTONE,13,2500,3,https://pub-77824f6d0d4542d282fa48605bce7479.r2.dev/cards/MYL/PRIMERA%20ERA/53ac7b96-5beb-41ad-a188-c8ec0100033e.png
3c4e2454-2390-46fb-9a31-f538fa674d89,LPE23 149/300,CRANEO DE CRISTAL,,0,,,,LEYENDAS PRIMERA ERA 3.0,14,1500,3,https://pub-77824f6d0d4542d282fa48605bce7479.r2.dev/cards/MYL/PRIMERA%20ERA/3c4e2454-2390-46fb-9a31-f538fa674d89.png
cbcf0a3c-1277-4daf-b7d8-3058568b7a4c,119 - 126 / PRIMERA ERA,CRANEO DE CRISTAL,,0,,,,COLECCION: LA IRA DEL NAHUAL,2,100,1,https://pub-77824f6d0d4542d282fa48605bce7479.r2.dev/cards/MYL/PRIMERA%20ERA/cbcf0a3c-1277-4daf-b7d8-3058568b7a4c.png
c21916a9-490d-4297-a13a-9ba9d27cffa7,TKPE26 08/32,CRANEO DE DRAGON,,0,,,,TOOLKIT 2026: ANCESTRAL,1,8000,1,https://pub-77824f6d0d4542d282fa48605bce7479.r2.dev/cards/MYL/PRIMERA%20ERA/c21916a9-490d-4297-a13a-9ba9d27cffa7.png
a9c1a9e5-760f-4539-a21c-4f327836a705,EXPE - 90 - 120,CREMACION,2.0,0,,,,KIT EXTENSION PRIMERA ERA: COFRADIA,8,1000,4,https://pub-77824f6d0d4542d282fa48605bce7479.r2.dev/cards/MYL/PRIMERA%20ERA/a9c1a9e5-760f-4539-a21c-4f327836a705.png
156966af-0b90-4038-beca-b07d824cdc4c,LPE23 316/300,CREMACION,2.0,0,,,,LEYENDAS PRIMERA ERA 3.0,7,2000,3,https://pub-77824f6d0d4542d282fa48605bce7479.r2.dev/cards/MYL/PRIMERA%20ERA/156966af-0b90-4038-beca-b07d824cdc4c.png
1af52b53-40bd-4fd9-a6f9-3c2eee39a3a1,PROMO PE-10,CRIATURAS SINIESTRAS,,0,,,,LOOTBOX PRIMERA ERA 2024,2,10000,1,https://pub-77824f6d0d4542d282fa48605bce7479.r2.dev/cards/MYL/PRIMERA%20ERA/1af52b53-40bd-4fd9-a6f9-3c2eee39a3a1.png
db9e9624-3292-498c-9aa0-910ebc78b5ee,108 - 126 / PRIMERA ERA,CUAUHTEMOC,2.0,3,,,,COLECCION: LA IRA DEL NAHUAL,1,400,1,https://pub-77824f6d0d4542d282fa48605bce7479.r2.dev/cards/MYL/PRIMERA%20ERA/db9e9624-3292-498c-9aa0-910ebc78b5ee.png
fb8b2444-6f10-4dd3-bf8d-3ecc370c33e1,103 - 126 / PRIMERA ERA,CUCHIVILU,2.0,2,,,,COLECCION: LA IRA DEL NAHUAL,3,600,3,https://pub-77824f6d0d4542d282fa48605bce7479.r2.dev/cards/MYL/PRIMERA%20ERA/fb8b2444-6f10-4dd3-bf8d-3ecc370c33e1.png
4e572da9-29c5-4d65-a20b-8964aedc95ba,LPE23 026/300,CUCHIVILU,2.0,2,,,,LEYENDAS PRIMERA ERA 3.0,11,2000,4,https://pub-77824f6d0d4542d282fa48605bce7479.r2.dev/cards/MYL/PRIMERA%20ERA/4e572da9-29c5-4d65-a20b-8964aedc95ba.png
1cf26d22-25bb-41ee-a54f-d89a4b0590bf,TKPE25 23/28,CUERNO DE ELFO,,0,,,,TOOLKIT 2025: HONOR Y FEROCIDAD,9,3000,4,https://pub-77824f6d0d4542d282fa48605bce7479.r2.dev/cards/MYL/PRIMERA%20ERA/1cf26d22-25bb-41ee-a54f-d89a4b0590bf.png
e9c0d17c-4e63-49ed-a42c-b443d13d9800,EDICION LIMITADA JO,CUERNO DE ELFO,,0,,,,,8,4500,5,https://pub-77824f6d0d4542d282fa48605bce7479.r2.dev/pending-versions/a09cd627-0dac-4af7-96c4-4501b80b8882/1783264563080-0.webp
725aa11b-5698-440d-a961-a9e195167e58,MPRE 04/18,CUERNO ROJO,4.0,4,,,,MUNDOS PERDIDOS: NUBE ROJA,17,2000,5,https://pub-77824f6d0d4542d282fa48605bce7479.r2.dev/cards/MYL/PRIMERA%20ERA/725aa11b-5698-440d-a961-a9e195167e58.png
0cd4bd1e-9291-439d-ac8b-8cd859d88ae4,75 - 126 / PRIMERA EDICION,CUERNOS DE ADUMLA,2.0,0,,,,COLECCION: RAGNAROK,8,300,2,https://pub-77824f6d0d4542d282fa48605bce7479.r2.dev/cards/MYL/PRIMERA%20ERA/0cd4bd1e-9291-439d-ac8b-8cd859d88ae4.png
fab7dd26-8d8b-431b-9457-8904f3173aeb,PROMO PE-21,CUERNOS DE ADUMLA,2.0,0,,,,LOOTBOX PRIMERA ERA 2024,6,3500,2,https://pub-77824f6d0d4542d282fa48605bce7479.r2.dev/cards/MYL/PRIMERA%20ERA/fab7dd26-8d8b-431b-9457-8904f3173aeb.png
63074719-6b84-4e84-bfd7-aaafc5dd8d71,104 - 126 / PRIMERA ERA,CUERO,4.0,6,,,,COLECCION: LA IRA DEL NAHUAL,4,400,2,https://pub-77824f6d0d4542d282fa48605bce7479.r2.dev/cards/MYL/PRIMERA%20ERA/63074719-6b84-4e84-bfd7-aaafc5dd8d71.png
eec9689d-be65-4a90-ab6c-03fdbbf9d336,CRPE2-19-84,CUERO,4.0,6,,,,KIT RACIALES PRIMERA ERA: BESTIA,4,2000,1,https://pub-77824f6d0d4542d282fa48605bce7479.r2.dev/cards/MYL/PRIMERA%20ERA/eec9689d-be65-4a90-ab6c-03fdbbf9d336.png
8d9d0ca2-0526-412b-8ffa-afac9c8ac8be,LPE23 148/300,CUEVA DE QUICAVI,3.0,0,,,,LEYENDAS PRIMERA ERA 3.0,16,600,5,https://pub-77824f6d0d4542d282fa48605bce7479.r2.dev/cards/MYL/PRIMERA%20ERA/8d9d0ca2-0526-412b-8ffa-afac9c8ac8be.png
04f18469-f5b2-48d6-ba36-992ce139ab15,LPE4 303/320,CUEVA DE QUICAVI,3.0,0,,,,LEYENDAS PE 4.0,23,100,2,https://pub-77824f6d0d4542d282fa48605bce7479.r2.dev/cards/MYL/PRIMERA%20ERA/04f18469-f5b2-48d6-ba36-992ce139ab15.png
169bd343-8b7c-403f-9f20-6805e78be37f,CRPE-36-72,CULTO CHAMAN,,0,,,,KIT RACIALES PRIMERA ERA: CHAMAN,4,1500,2,https://pub-77824f6d0d4542d282fa48605bce7479.r2.dev/cards/MYL/PRIMERA%20ERA/169bd343-8b7c-403f-9f20-6805e78be37f.png
40167139-4b8a-44e0-9127-052b7ca7a059,PROMO PE-05,CULTO CHAMAN,,0,,,,LOOTBOX PRIMERA ERA 2024,6,3500,3,https://pub-77824f6d0d4542d282fa48605bce7479.r2.dev/cards/MYL/PRIMERA%20ERA/40167139-4b8a-44e0-9127-052b7ca7a059.png
15356df2-26ff-4a2f-9c1c-2100fffe671f,LPE23 086/300,CULTO CHAMAN,,0,,,,LEYENDAS PRIMERA ERA 3.0,18,800,5,https://pub-77824f6d0d4542d282fa48605bce7479.r2.dev/cards/MYL/PRIMERA%20ERA/15356df2-26ff-4a2f-9c1c-2100fffe671f.png
3a188f2d-a02d-4aa1-93b7-a46254b83e53,CRPE-34-72,CURANDERO,3.0,1,,,,KIT RACIALES PRIMERA ERA: CHAMAN,1,1000,1,https://pub-77824f6d0d4542d282fa48605bce7479.r2.dev/cards/MYL/PRIMERA%20ERA/3a188f2d-a02d-4aa1-93b7-a46254b83e53.png
b77660ce-156e-4b99-a585-8f18f97afa24,LPE23 139/300,CURANDERO,3.0,1,,,,LEYENDAS PRIMERA ERA 3.0,20,800,6,https://pub-77824f6d0d4542d282fa48605bce7479.r2.dev/cards/MYL/PRIMERA%20ERA/b77660ce-156e-4b99-a585-8f18f97afa24.png
e11c4a19-bb8e-45af-8a9c-778493c141d8,LPE4 291/320,CUSTODIO,3.0,0,,,,LEYENDAS PE 4.0,20,100,1,https://pub-77824f6d0d4542d282fa48605bce7479.r2.dev/cards/MYL/PRIMERA%20ERA/e11c4a19-bb8e-45af-8a9c-778493c141d8.png
d728ccb5-0640-4c13-85d2-ad186b4ac13f,LPE23 196/300,CUTLASS,3.0,0,,,,LEYENDAS PRIMERA ERA 3.0,5,100,1,https://pub-77824f6d0d4542d282fa48605bce7479.r2.dev/cards/MYL/PRIMERA%20ERA/d728ccb5-0640-4c13-85d2-ad186b4ac13f.png
bd0f91c5-b7ab-4a78-ab9d-43fdb8cac0c5,TKPE26 21/32,DAGAS DE KRISH,2.0,0,,,,TOOLKIT 2026: ESPIRITU,17,2500,7,https://pub-77824f6d0d4542d282fa48605bce7479.r2.dev/cards/MYL/PRIMERA%20ERA/bd0f91c5-b7ab-4a78-ab9d-43fdb8cac0c5.png
fba7a472-aae8-4979-b870-c26ba6f1deb7,LPE4 221/320,DAGON,2.0,3,,,,LEYENDAS PE 4.0,20,100,1,https://pub-77824f6d0d4542d282fa48605bce7479.r2.dev/cards/MYL/PRIMERA%20ERA/fba7a472-aae8-4979-b870-c26ba6f1deb7.png
b0efd80f-d23f-490a-92c5-d892f2c19ccf,169 - 126 / PRIMERA EDICION,DAGON,2.0,3,,,,COLECCION: EL RETO,1,100,1,https://pub-77824f6d0d4542d282fa48605bce7479.r2.dev/cards/MYL/PRIMERA%20ERA/b0efd80f-d23f-490a-92c5-d892f2c19ccf.png
d6873d80-fad1-4839-9a1b-ffe3a3df20bb,CRPE3 - 17 - 36,DAGON,2.0,3,,,,KIT RACIALES PRIMERA ERA: DRAGON,4,400,2,https://pub-77824f6d0d4542d282fa48605bce7479.r2.dev/cards/MYL/PRIMERA%20ERA/d6873d80-fad1-4839-9a1b-ffe3a3df20bb.png
ad924074-7639-47ac-82ce-e27c41fa15dd,CRPE4 090 - 117,DAGUR,3.0,3,,,,KIT RACIALES PRIMERA ERA 2025: BARBARO,9,2000,3,https://pub-77824f6d0d4542d282fa48605bce7479.r2.dev/cards/MYL/PRIMERA%20ERA/ad924074-7639-47ac-82ce-e27c41fa15dd.png
6fb9e0f4-367e-4efb-a2cc-92d2847594ad,EXPE - 68 - 120,DAGUR,3.0,3,,,,KIT EXTENSION PRIMERA ERA: RAGNAROK,8,2000,2,https://pub-77824f6d0d4542d282fa48605bce7479.r2.dev/cards/MYL/PRIMERA%20ERA/6fb9e0f4-367e-4efb-a2cc-92d2847594ad.png
2f8bed27-d905-4eeb-ab59-9b7869e7f068,36 - 126 / PRIMERA EDICION,DAGUR,3.0,3,,,,COLECCION: RAGNAROK,1,300,1,https://pub-77824f6d0d4542d282fa48605bce7479.r2.dev/cards/MYL/PRIMERA%20ERA/2f8bed27-d905-4eeb-ab59-9b7869e7f068.png
52afba0b-86f2-475d-802b-3e7c26d2a714,LPE23 289/300,DAIKOKU,2.0,1,,,,LEYENDAS PRIMERA ERA 3.0,6,100,1,https://pub-77824f6d0d4542d282fa48605bce7479.r2.dev/cards/MYL/PRIMERA%20ERA/52afba0b-86f2-475d-802b-3e7c26d2a714.png
03b6efd4-665f-4ad5-a285-1e749d3a7c9a,23 - 236 / PRIMERA EDICION,DAIKOKU,2.0,1,,,,COLECCION: ESPIRITU DEL DRAGON,1,100,1,https://pub-77824f6d0d4542d282fa48605bce7479.r2.dev/cards/MYL/PRIMERA%20ERA/03b6efd4-665f-4ad5-a285-1e749d3a7c9a.png
32aed231-1006-4264-bd05-ab8b7e6eb645,ANIVERSARIO LPE25 23,DAIKOKU,2.0,1,,,,,2,5000,2,https://pub-77824f6d0d4542d282fa48605bce7479.r2.dev/cards/MYL/PRIMERA%20ERA/32aed231-1006-4264-bd05-ab8b7e6eb645.png
892bd3c3-cf09-42cc-9e2c-8aab041bd504,CRPE2-61-84,DAIKOKU,2.0,1,,,,KIT RACIALES PRIMERA ERA: KAMI,4,2500,2,https://pub-77824f6d0d4542d282fa48605bce7479.r2.dev/cards/MYL/PRIMERA%20ERA/892bd3c3-cf09-42cc-9e2c-8aab041bd504.png
3b1fabf3-0665-46ec-8ebe-9fb31052bc6e,XINNIAN 36/32,DAIKOKU,2.0,1,,,,XINNIAN: ANO DEL DRAGON,2,4000,1,https://pub-77824f6d0d4542d282fa48605bce7479.r2.dev/cards/MYL/PRIMERA%20ERA/3b1fabf3-0665-46ec-8ebe-9fb31052bc6e.png
0ec82d86-b2ec-4cb9-8efd-ebcc61c5d313,18 - 126 / PRIMERA EDICION,DAIMON,3.0,0,,,,COLECCION: MUNDO GOTICO,2,600,1,https://pub-77824f6d0d4542d282fa48605bce7479.r2.dev/cards/MYL/PRIMERA%20ERA/0ec82d86-b2ec-4cb9-8efd-ebcc61c5d313.png
d1b130d3-6a32-41be-9a4a-b54bbb48f613,EDICION LIMITADA JO,DALAI LAMA,2.0,3,,,,,22,3500,7,https://pub-77824f6d0d4542d282fa48605bce7479.r2.dev/pending-versions/a09cd627-0dac-4af7-96c4-4501b80b8882/1783267156390-0.webp
3d49bf81-fdbd-4973-a0b0-b117dab54b9c,LPE4 211/320,DALAI LAMA,2.0,3,,,,LEYENDAS PE 4.0,32,1000,4,https://pub-77824f6d0d4542d282fa48605bce7479.r2.dev/cards/MYL/PRIMERA%20ERA/3d49bf81-fdbd-4973-a0b0-b117dab54b9c.png
a8db7295-c0f5-421c-8297-1f9cc87b55cf,CRPE5 91 - 84,DALAI LAMA,2.0,3,,,,KIT RACIALES PRIMERA ERA 2025: XIAN,8,2000,2,https://pub-77824f6d0d4542d282fa48605bce7479.r2.dev/cards/MYL/PRIMERA%20ERA/a8db7295-c0f5-421c-8297-1f9cc87b55cf.png
34480e3d-516b-4a3a-a570-d43a53a73cfb,LPE23 108/300,DALAI LAMA,2.0,3,,,,LEYENDAS PRIMERA ERA 3.0,27,700,5,https://pub-77824f6d0d4542d282fa48605bce7479.r2.dev/cards/MYL/PRIMERA%20ERA/34480e3d-516b-4a3a-a570-d43a53a73cfb.png
ed91a94f-aaba-474d-8012-9405d22a0a8d,22 - 126 / PRIMERA EDICION,DAMA DE HIERRO,6.0,0,,,,COLECCION: MUNDO GOTICO,4,2000,1,https://pub-77824f6d0d4542d282fa48605bce7479.r2.dev/cards/MYL/PRIMERA%20ERA/ed91a94f-aaba-474d-8012-9405d22a0a8d.png
93013359-6813-4abc-9d6e-9724c156e94f,CRPE5 35 - 84,DAMA DEL LAGO,4.0,3,,,,KIT RACIALES PRIMERA ERA 2025: FAERIE,8,4000,4,https://pub-77824f6d0d4542d282fa48605bce7479.r2.dev/cards/MYL/PRIMERA%20ERA/93013359-6813-4abc-9d6e-9724c156e94f.png
05ea8691-e09d-46a9-8c04-34bb3516b2be,EDICION LIMITADA JO,DAMA DEL LAGO,4.0,3,,,,,17,4500,8,https://pub-77824f6d0d4542d282fa48605bce7479.r2.dev/pending-versions/a09cd627-0dac-4af7-96c4-4501b80b8882/1783265109096-0.webp
9388e837-e1a5-49c2-ba37-736121fd2cf1,LPE4 280/320,DAPHNE Y GREGOR,2.0,3,,,,LEYENDAS PE 4.0,20,100,1,https://pub-77824f6d0d4542d282fa48605bce7479.r2.dev/cards/MYL/PRIMERA%20ERA/9388e837-e1a5-49c2-ba37-736121fd2cf1.png
5a9adc47-77d2-402b-b931-597a80d14aa1,67 - 170 / FIRST EDITION,DARK GOLEM,,0,,,,,1,2000,1,https://pub-77824f6d0d4542d282fa48605bce7479.r2.dev/pending-versions/b457c3e0-41ed-4a6b-8d6b-438846ff4e1d/1785176189837-0.webp
a91007e6-bc31-4192-a9d9-70c265c457c2,EDICION LIMITADA JO,DARMER,3.0,3,,,,,18,4500,4,https://pub-77824f6d0d4542d282fa48605bce7479.r2.dev/pending-versions/a09cd627-0dac-4af7-96c4-4501b80b8882/1783273633679-0.webp
080df662-6be6-4d5b-b4c3-4c067e87d36e,MPT-01-18,DARMER,3.0,3,,,,MUNDOS PERDIDOS: SENORES DEL TRUENO,19,1000,3,https://pub-77824f6d0d4542d282fa48605bce7479.r2.dev/cards/MYL/PRIMERA%20ERA/080df662-6be6-4d5b-b4c3-4c067e87d36e.png
b69d5fb9-d9a7-4e94-b7df-1ca1f2babef6,CRPE4 087 - 117,DARMER,3.0,3,,,,KIT RACIALES PRIMERA ERA 2025: BARBARO,17,1500,4,https://pub-77824f6d0d4542d282fa48605bce7479.r2.dev/cards/MYL/PRIMERA%20ERA/b69d5fb9-d9a7-4e94-b7df-1ca1f2babef6.png
ced5155a-778d-4189-b246-162818aa8611,EXPE - 67 - 120,DAWN,3.0,1,,,,KIT EXTENSION PRIMERA ERA: RAGNAROK,6,1000,2,https://pub-77824f6d0d4542d282fa48605bce7479.r2.dev/cards/MYL/PRIMERA%20ERA/ced5155a-778d-4189-b246-162818aa8611.png
f53a2db2-ae51-4b75-8085-c9e2c2a19980,28 - 126 / PRIMERA EDICION,DAWN,3.0,1,,,,COLECCION: RAGNAROK,1,300,1,https://pub-77824f6d0d4542d282fa48605bce7479.r2.dev/cards/MYL/PRIMERA%20ERA/f53a2db2-ae51-4b75-8085-c9e2c2a19980.png
d599f61e-ea99-41de-b499-e1ed590d359b,LPE4 124/320,DEFENSOR IROQUES,4.0,4,,,,LEYENDAS PE 4.0,37,800,4,https://pub-77824f6d0d4542d282fa48605bce7479.r2.dev/cards/MYL/PRIMERA%20ERA/d599f61e-ea99-41de-b499-e1ed590d359b.png
4622b10b-09bc-4e78-abb5-0cef0ba2a695,CRPE2-72-84,DEIDADES CELESTIALES,,0,,,,KIT RACIALES PRIMERA ERA: KAMI,2,5500,1,https://pub-77824f6d0d4542d282fa48605bce7479.r2.dev/cards/MYL/PRIMERA%20ERA/4622b10b-09bc-4e78-abb5-0cef0ba2a695.png
72d51d07-6ba0-4239-85ff-9d5a9afd1861,CRPE-47-72,DELLINGR,4.0,4,,,,KIT RACIALES PRIMERA ERA: DIOS,4,2000,2,https://pub-77824f6d0d4542d282fa48605bce7479.r2.dev/cards/MYL/PRIMERA%20ERA/72d51d07-6ba0-4239-85ff-9d5a9afd1861.png
9dc13146-1c3b-4f80-a347-ed5d68d5fd0b,LPE23 157/300,DELLINGR,4.0,4,,,,LEYENDAS PRIMERA ERA 3.0,24,700,5,https://pub-77824f6d0d4542d282fa48605bce7479.r2.dev/cards/MYL/PRIMERA%20ERA/9dc13146-1c3b-4f80-a347-ed5d68d5fd0b.png
345ad4bf-0091-48af-b92a-899747fa10d3,28 - 236 / PRIMERA EDICION,DELLINGR,4.0,4,,,,LEYENDAS PRIMERA ERA 2.0,1,500,1,https://pub-77824f6d0d4542d282fa48605bce7479.r2.dev/cards/MYL/PRIMERA%20ERA/345ad4bf-0091-48af-b92a-899747fa10d3.png
d1ab37fe-3284-4c91-8464-09f730b6e218,18-126,DEMONIO,,6,,,,,1,3000,1,https://pub-77824f6d0d4542d282fa48605bce7479.r2.dev/pending-versions/a09cd627-0dac-4af7-96c4-4501b80b8882/1789744263248-0.webp
93eed255-28aa-463b-97bb-73e36876601d,18 - 126 / PRIMERA EDICION,DEMONIO,,6,,,,COLECCION: EL RETO,3,1000,2,https://pub-77824f6d0d4542d282fa48605bce7479.r2.dev/cards/MYL/PRIMERA%20ERA/93eed255-28aa-463b-97bb-73e36876601d.png
ca1a3679-6ff7-4b5e-9120-41d68b08a06e,LPE4 157/320,DEMONIOS ARANA,2.0,0,,,,LEYENDAS PE 4.0,44,600,7,https://pub-77824f6d0d4542d282fa48605bce7479.r2.dev/cards/MYL/PRIMERA%20ERA/ca1a3679-6ff7-4b5e-9120-41d68b08a06e.png
4dc48bb1-563d-4790-9144-1538a6a85f26,MPO 10/18,DEMONIOS ARANA,2.0,0,,,,MUNDOS PERDIDOS: VIAJE AL OESTE,12,1000,4,https://pub-77824f6d0d4542d282fa48605bce7479.r2.dev/cards/MYL/PRIMERA%20ERA/4dc48bb1-563d-4790-9144-1538a6a85f26.png
a28d6709-8cd6-44ed-a602-899fa3d809e0,MPA-11-18,DESCANSO DEL REY,2.0,0,,,,MUNDOS PERDIDOS: LEYENDAS DE AVALON,6,1000,5,https://pub-77824f6d0d4542d282fa48605bce7479.r2.dev/cards/MYL/PRIMERA%20ERA/a28d6709-8cd6-44ed-a602-899fa3d809e0.png
ebc877c3-947e-4a06-9015-0e1d14626ba5,152 - 236 / PRIMERA EDICION,DESCUBRIR AL ZORRO,,0,,,,COLECCION: ESPIRITU DEL DRAGON,5,600,3,https://pub-77824f6d0d4542d282fa48605bce7479.r2.dev/cards/MYL/PRIMERA%20ERA/ebc877c3-947e-4a06-9015-0e1d14626ba5.png
f85300e3-d17e-401f-ba26-3959dbaed78f,TKPE25 09/28,DESOLACION DE KANILU,3.0,0,,,,TOOLKIT 2025: VALENTIA Y DESOLACION,15,1500,4,https://pub-77824f6d0d4542d282fa48605bce7479.r2.dev/cards/MYL/PRIMERA%20ERA/f85300e3-d17e-401f-ba26-3959dbaed78f.png
63df8d0b-3793-4601-a4a9-9821d6ef6f4b,TKPE26 26/32,DESOLACION DE KANILU,3.0,0,,,,TOOLKIT 2026: ESPIRITU,30,1500,7,https://pub-77824f6d0d4542d282fa48605bce7479.r2.dev/cards/MYL/PRIMERA%20ERA/63df8d0b-3793-4601-a4a9-9821d6ef6f4b.png
29f7ef32-aee6-4903-ac6c-b940277c0850,EDICION LIMITADA JO,DESTIERRO ASTRAL,4.0,0,,,,,17,3500,7,https://pub-77824f6d0d4542d282fa48605bce7479.r2.dev/pending-versions/a09cd627-0dac-4af7-96c4-4501b80b8882/1783272826273-0.webp
a114f364-9dd3-452f-819a-b4d1ae5afe56,MPC 12/18,DESTIERRO ASTRAL,4.0,0,,,,MUNDOS PERDIDOS: CIUDAD DE LOS CESARES,11,2000,3,https://pub-77824f6d0d4542d282fa48605bce7479.r2.dev/cards/MYL/PRIMERA%20ERA/a114f364-9dd3-452f-819a-b4d1ae5afe56.png
e127edbc-7a34-4fed-90e2-26d5d66a42bd,LPE4 29/320,DESTIERRO ASTRAL,4.0,0,,,,LEYENDAS PE 4.0,25,2500,6,https://pub-77824f6d0d4542d282fa48605bce7479.r2.dev/cards/MYL/PRIMERA%20ERA/e127edbc-7a34-4fed-90e2-26d5d66a42bd.png
0e09c71b-5e29-4f13-9c3a-40509a6b88a2,LPE4 08/320,DHAMPIR,3.0,3,,,,LEYENDAS PE 4.0,3,15000,2,https://pub-77824f6d0d4542d282fa48605bce7479.r2.dev/cards/MYL/PRIMERA%20ERA/0e09c71b-5e29-4f13-9c3a-40509a6b88a2.png
63d99af4-68b2-4605-a9b2-03522f849942,CRPE2-11-84,DHAMPIR,3.0,3,,,,KIT RACIALES PRIMERA ERA: CAZADOR,1,2500,1,https://pub-77824f6d0d4542d282fa48605bce7479.r2.dev/cards/MYL/PRIMERA%20ERA/63d99af4-68b2-4605-a9b2-03522f849942.png
a2b1b606-64ac-4fd8-826e-9759a3486536,CRPE4 01 - 117,DHAMPIR,3.0,3,,,,KIT RACIALES PRIMERA ERA 2025: CAZADOR,10,1500,2,https://pub-77824f6d0d4542d282fa48605bce7479.r2.dev/cards/MYL/PRIMERA%20ERA/a2b1b606-64ac-4fd8-826e-9759a3486536.png
5c98f9a6-b822-4049-8bb5-124f8cf91654,PREMIUM PE-04,DHAMPIR,3.0,3,,,,LOOTBOX PRIMERA ERA 2024,7,3000,4,https://pub-77824f6d0d4542d282fa48605bce7479.r2.dev/cards/MYL/PRIMERA%20ERA/5c98f9a6-b822-4049-8bb5-124f8cf91654.png
3402869d-6fed-44af-b046-025f27066014,LPE4 171/320,DHAMPIR,3.0,3,,,,LEYENDAS PE 4.0,39,600,6,https://pub-77824f6d0d4542d282fa48605bce7479.r2.dev/cards/MYL/PRIMERA%20ERA/3402869d-6fed-44af-b046-025f27066014.png
2377933b-ee43-4276-82e9-b4e6c4081345,LBPE24-22-21,DIAMANTE TURQUESA,,0,,,,LOOTBOX PRIMERA ERA 2024,2,10000,1,https://pub-77824f6d0d4542d282fa48605bce7479.r2.dev/cards/MYL/PRIMERA%20ERA/2377933b-ee43-4276-82e9-b4e6c4081345.png
f9da2701-251f-45a4-881e-34b12c5ffde2,EXPE - 100 - 120,DIAMANTE TURQUESA,,0,,,,KIT EXTENSION PRIMERA ERA: COFRADIA,2,5000,1,https://pub-77824f6d0d4542d282fa48605bce7479.r2.dev/cards/MYL/PRIMERA%20ERA/f9da2701-251f-45a4-881e-34b12c5ffde2.png
8ab9fd66-d4d3-4fba-9493-006bc8d75ecc,LPE4 77/320,DIAMANTE TURQUESA,,0,,,,LEYENDAS PE 4.0,1,5500,1,https://pub-77824f6d0d4542d282fa48605bce7479.r2.dev/cards/MYL/PRIMERA%20ERA/8ab9fd66-d4d3-4fba-9493-006bc8d75ecc.png
f656c6ec-7f58-4896-b90c-9b3ec6c57690,EDICIÓN LIMITADA PE 24,DIAMANTE TURQUESA,,0,,,,JUEGO ORGANIZADO,6,8500,3,https://pub-77824f6d0d4542d282fa48605bce7479.r2.dev/pending-versions/efaa6295-f0d9-4ace-a854-648c041539e0/1787853484927-0.webp
2c1129f1-9982-4c86-9420-3907b8f2ab05,TKPE25 27/28,DIARIO DEL CAZADOR,,0,,,,TOOLKIT 2025: HONOR Y FEROCIDAD,15,2500,3,https://pub-77824f6d0d4542d282fa48605bce7479.r2.dev/cards/MYL/PRIMERA%20ERA/2c1129f1-9982-4c86-9420-3907b8f2ab05.png
2bc57644-bf3d-4cef-9ab0-91a7e56b6234,EDICION LIMITADA,DIARIO DEL CAZADOR,,0,,,,,9,4500,5,https://pub-77824f6d0d4542d282fa48605bce7479.r2.dev/pending-versions/a09cd627-0dac-4af7-96c4-4501b80b8882/1783266379867-0.webp
b8b2ecd5-31e0-4b04-a709-3fb4b47fc44c,MPDI 01/18,DIETRICH VON BERN,,0,,,,MUNDOS PERDIDOS: ALIENTO DE FUEGO,37,3000,9,https://pub-77824f6d0d4542d282fa48605bce7479.r2.dev/pending-versions/a09cd627-0dac-4af7-96c4-4501b80b8882/1786239020949-0.webp
d4809e7f-933b-497d-9fa8-81a2c5266723,MPA-14-18,DINAS EMRYS,3.0,0,,,,MUNDOS PERDIDOS: LEYENDAS DE AVALON,16,1000,6,https://pub-77824f6d0d4542d282fa48605bce7479.r2.dev/cards/MYL/PRIMERA%20ERA/d4809e7f-933b-497d-9fa8-81a2c5266723.png
d8b4472d-87dc-4f8d-89b9-7d8c5e5bab7c,CRPE2-84-84,DINASTIA IMPERIAL,,0,,,,KIT RACIALES PRIMERA ERA: XIAN,10,3000,4,https://pub-77824f6d0d4542d282fa48605bce7479.r2.dev/cards/MYL/PRIMERA%20ERA/d8b4472d-87dc-4f8d-89b9-7d8c5e5bab7c.png
ad0687ec-6816-46fc-a150-0f81af9fdb1f,PROMO PE-13,DINASTIA IMPERIAL,,0,,,,LOOTBOX PRIMERA ERA 2024,2,3000,1,https://pub-77824f6d0d4542d282fa48605bce7479.r2.dev/cards/MYL/PRIMERA%20ERA/ad0687ec-6816-46fc-a150-0f81af9fdb1f.png
48473f00-7ca8-4ac1-a644-1c2dfa3b151a,EXPE - 39 - 120,DINELLA,1.0,1,,,,KIT EXTENSION PRIMERA ERA: MUNDO GOTICO,5,1000,2,https://pub-77824f6d0d4542d282fa48605bce7479.r2.dev/cards/MYL/PRIMERA%20ERA/48473f00-7ca8-4ac1-a644-1c2dfa3b151a.png
1db9644d-695a-4511-860f-e6c3f6c22eb3,LPE23 031/300,DIOMIRA,3.0,0,,,,LEYENDAS PRIMERA ERA 3.0,16,2500,5,https://pub-77824f6d0d4542d282fa48605bce7479.r2.dev/cards/MYL/PRIMERA%20ERA/1db9644d-695a-4511-860f-e6c3f6c22eb3.png
914bbc70-089e-47ad-b7f1-935bdeb0320d,MPTO 01/18,DOC HOLLIDAY,2.0,3,,,,MUNDOS PERDIDOS: TOMBSTONE,8,3000,4,https://pub-77824f6d0d4542d282fa48605bce7479.r2.dev/cards/MYL/PRIMERA%20ERA/914bbc70-089e-47ad-b7f1-935bdeb0320d.png
989c8050-a45a-47c2-9668-3d8ca0fe2962,3 - 126 / PRIMERA EDICION,DOMINACION,3.0,0,,,,COLECCION: MUNDO GOTICO,1,100,1,https://pub-77824f6d0d4542d282fa48605bce7479.r2.dev/cards/MYL/PRIMERA%20ERA/989c8050-a45a-47c2-9668-3d8ca0fe2962.png
4a6626b7-0e7b-4e31-95cd-dfa5d54cf768,LPE23 193/300,DOMINACION,3.0,0,,,,LEYENDAS PRIMERA ERA 3.0,2,100,1,https://pub-77824f6d0d4542d282fa48605bce7479.r2.dev/cards/MYL/PRIMERA%20ERA/4a6626b7-0e7b-4e31-95cd-dfa5d54cf768.png
91fff554-db3d-45bc-987f-419e6558232e,13 - 170 / PRIMERA EDICION,DOMINACION,3.0,0,,,,COLECCION: COFRADIA,1,100,1,https://pub-77824f6d0d4542d282fa48605bce7479.r2.dev/cards/MYL/PRIMERA%20ERA/91fff554-db3d-45bc-987f-419e6558232e.png
51ea3a2c-a49a-405f-96df-7310bac192c5,CRPE3 - 19 - 36,DRACO,1.0,2,,,,KIT RACIALES PRIMERA ERA: DRAGON,3,1500,1,https://pub-77824f6d0d4542d282fa48605bce7479.r2.dev/cards/MYL/PRIMERA%20ERA/51ea3a2c-a49a-405f-96df-7310bac192c5.png
72a61a67-e3e0-4167-86bb-dc549aee4da5,LBPE25 02/21,DRACO ENCANTADO,2.0,3,,,,LOOTBOX PRIMERA ERA 2025,15,3000,4,https://pub-77824f6d0d4542d282fa48605bce7479.r2.dev/cards/MYL/PRIMERA%20ERA/72a61a67-e3e0-4167-86bb-dc549aee4da5.png
0cc7f8b6-4182-4f9c-97e2-9a42b9f539de,EDICION LIMITADA JO,DRACULA,3.0,3,,,,,5,5000,1,https://pub-77824f6d0d4542d282fa48605bce7479.r2.dev/pending-versions/a09cd627-0dac-4af7-96c4-4501b80b8882/1787967958292-0.webp
456d0314-c520-4c9c-a05c-ab920583ae57,CRPE4 30 - 117,DRACULA,3.0,3,,,,KIT RACIALES PRIMERA ERA 2025: VAMPIRO,7,1500,3,https://pub-77824f6d0d4542d282fa48605bce7479.r2.dev/cards/MYL/PRIMERA%20ERA/456d0314-c520-4c9c-a05c-ab920583ae57.png
e31a1609-b3d7-499a-9d8a-053f71ae4219,LPE23 034/300,DRACULA,3.0,3,,,,LEYENDAS PRIMERA ERA 3.0,17,1500,4,https://pub-77824f6d0d4542d282fa48605bce7479.r2.dev/cards/MYL/PRIMERA%20ERA/e31a1609-b3d7-499a-9d8a-053f71ae4219.png
a07370b8-1ae6-4b9a-b4a1-a8601b01230b,LPE4 23/320,DRACULA,3.0,3,,,,LEYENDAS PE 4.0,23,2500,6,https://pub-77824f6d0d4542d282fa48605bce7479.r2.dev/cards/MYL/PRIMERA%20ERA/a07370b8-1ae6-4b9a-b4a1-a8601b01230b.png
a8e06777-3ac9-4c02-9076-3ed5ce96b473,XINNIAN 24/32,DRAGON,,0,,,,XINNIAN: ANO DEL DRAGON,4,1000,1,https://pub-77824f6d0d4542d282fa48605bce7479.r2.dev/cards/MYL/PRIMERA%20ERA/a8e06777-3ac9-4c02-9076-3ed5ce96b473.png
2d9bb914-025d-40ca-bfdc-c61417c3ef58,XINNIAN 3 23/30,DRAGON,,0,,,,XINNIAN 3: ANO DEL CABALLO,15,1000,2,https://pub-77824f6d0d4542d282fa48605bce7479.r2.dev/cards/MYL/PRIMERA%20ERA/2d9bb914-025d-40ca-bfdc-c61417c3ef58.png
6a940285-b0bd-4419-b0fd-99d0b56d7e93,XINNIAN 2 23/30,DRAGON,,0,,,,XINNIAN 2: ANO DE LA SERPIENTE,9,1000,2,https://pub-77824f6d0d4542d282fa48605bce7479.r2.dev/cards/MYL/PRIMERA%20ERA/6a940285-b0bd-4419-b0fd-99d0b56d7e93.png
4c1b3920-1ba7-4c3c-bbd3-9fbff4265088,MPA-06-18,DRAGON BLANCO,2.0,3,,,,MUNDOS PERDIDOS: LEYENDAS DE AVALON,18,2000,8,https://pub-77824f6d0d4542d282fa48605bce7479.r2.dev/cards/MYL/PRIMERA%20ERA/4c1b3920-1ba7-4c3c-bbd3-9fbff4265088.png
8f85bd2e-aee0-4b35-9053-c7b8ac405204,LPE4 44/320,DRAGON BLANCO,2.0,3,,,,LEYENDAS PE 4.0,22,2500,4,https://pub-77824f6d0d4542d282fa48605bce7479.r2.dev/cards/MYL/PRIMERA%20ERA/8f85bd2e-aee0-4b35-9053-c7b8ac405204.png
b9505169-20d7-499e-8562-3494b4948a3f,CRPE5 13 - 84,DRAGON DE MAGMA,4.0,4,,,,KIT RACIALES PRIMERA ERA 2025: DRAGON,5,2500,3,https://pub-77824f6d0d4542d282fa48605bce7479.r2.dev/cards/MYL/PRIMERA%20ERA/b9505169-20d7-499e-8562-3494b4948a3f.png
6f575e7c-df9b-4569-a090-ef8584d7bb9f,12 - 236 / PRIMERA EDICION,DRAGON DE MAGMA,4.0,4,,,,LEYENDAS PRIMERA ERA 2.0,1,8000,1,https://pub-77824f6d0d4542d282fa48605bce7479.r2.dev/cards/MYL/PRIMERA%20ERA/6f575e7c-df9b-4569-a090-ef8584d7bb9f.png
8cbfe003-8c54-4560-a3a6-9a10bd2c5077,LPE23 058/300,DRAGON DE MAGMA,4.0,4,,,,LEYENDAS PRIMERA ERA 3.0,2009,2000,5,https://pub-77824f6d0d4542d282fa48605bce7479.r2.dev/cards/MYL/PRIMERA%20ERA/8cbfe003-8c54-4560-a3a6-9a10bd2c5077.png
045ceec8-2600-45fc-ae1e-ab50bca806d0,LPE23 137/300,DRAGON DE RUBI,,0,,,,LEYENDAS PRIMERA ERA 3.0,36,1500,4,https://pub-77824f6d0d4542d282fa48605bce7479.r2.dev/cards/MYL/PRIMERA%20ERA/045ceec8-2600-45fc-ae1e-ab50bca806d0.png
39b3f2a7-12e5-4d85-8699-0a6adc9b05f8,CRPE5 14 - 84,DRAGON DE SOMBRA,2.0,3,,,,KIT RACIALES PRIMERA ERA 2025: DRAGON,6,2500,2,https://pub-77824f6d0d4542d282fa48605bce7479.r2.dev/cards/MYL/PRIMERA%20ERA/39b3f2a7-12e5-4d85-8699-0a6adc9b05f8.png
7d6a3477-136e-4524-a9f9-7500fbe74922,CRPE3 - 15 - 36,DRAGON DE SOMBRA,2.0,3,,,,KIT RACIALES PRIMERA ERA: DRAGON,11,2000,4,https://pub-77824f6d0d4542d282fa48605bce7479.r2.dev/cards/MYL/PRIMERA%20ERA/7d6a3477-136e-4524-a9f9-7500fbe74922.png
2831f2fc-d6f9-4f75-a133-216e1690ca69,LPE4 42/320,DRAGON DEMONIO,4.0,4,,,,LEYENDAS PE 4.0,28,3500,8,https://pub-77824f6d0d4542d282fa48605bce7479.r2.dev/cards/MYL/PRIMERA%20ERA/2831f2fc-d6f9-4f75-a133-216e1690ca69.png
2ed1af5e-e8ce-4dbd-ac41-56bebe9a0d53,PROMO CXC PE 02,DRAGON ESMERALDA,3.0,4,,,,,17,5500,7,https://pub-77824f6d0d4542d282fa48605bce7479.r2.dev/cards/MYL/PRIMERA%20ERA/2ed1af5e-e8ce-4dbd-ac41-56bebe9a0d53.png
7c0a72be-3dc9-4570-bc27-b2897338f938,EXPE - 14 - 120,DRAGON MEDIEVAL,8.0,6,,,,KIT EXTENSION PRIMERA ERA: EL RETO,8,2000,6,https://pub-77824f6d0d4542d282fa48605bce7479.r2.dev/cards/MYL/PRIMERA%20ERA/7c0a72be-3dc9-4570-bc27-b2897338f938.png
7088fb7d-0c2b-4bda-a0ee-beb1f660e51f,147 - 126 / PRIMERA EDICION,DRAGON ORIENTAL,6.0,6,,,,COLECCION: EL RETO,1,500,1,https://pub-77824f6d0d4542d282fa48605bce7479.r2.dev/cards/MYL/PRIMERA%20ERA/7088fb7d-0c2b-4bda-a0ee-beb1f660e51f.png
9f02731c-2a6f-4388-9464-c84f61215095,EXPE - 15 - 120,DRAGON ORIENTAL,6.0,6,,,,KIT EXTENSION PRIMERA ERA: EL RETO,7,3000,4,https://pub-77824f6d0d4542d282fa48605bce7479.r2.dev/cards/MYL/PRIMERA%20ERA/9f02731c-2a6f-4388-9464-c84f61215095.png
ca45533e-5b9b-4318-b67e-0d7a449b909e,HPE 02/21,DRAGON ROJO,4.0,4,,,,VIGILANTES DE LA NOCHE,8,1500,3,https://pub-77824f6d0d4542d282fa48605bce7479.r2.dev/cards/MYL/PRIMERA%20ERA/ca45533e-5b9b-4318-b67e-0d7a449b909e.png
72bb495d-ee8d-4590-b327-1c6b487c4e05,LPE4 109/320,DRAGON ROJO,4.0,4,,,,LEYENDAS PE 4.0,42,600,9,https://pub-77824f6d0d4542d282fa48605bce7479.r2.dev/cards/MYL/PRIMERA%20ERA/72bb495d-ee8d-4590-b327-1c6b487c4e05.png
ae7a791a-00a0-4be0-9400-f019fe56e002,LPE23 308/300,DRAKKAR,,0,,,,LEYENDAS PRIMERA ERA 3.0,1,2000,1,https://pub-77824f6d0d4542d282fa48605bce7479.r2.dev/cards/MYL/PRIMERA%20ERA/ae7a791a-00a0-4be0-9400-f019fe56e002.png
08cd2d39-9137-46b2-946a-cd84cacc9c2e,113 - 126 / PRIMERA EDICION,DRAKKAR,,0,,,,COLECCION: RAGNAROK,16,400,3,https://pub-77824f6d0d4542d282fa48605bce7479.r2.dev/cards/MYL/PRIMERA%20ERA/08cd2d39-9137-46b2-946a-cd84cacc9c2e.png
9379f49e-dc78-419c-9a41-063d14b00796,21 - 126 / PRIMERA EDICION,DRAUGAR,4.0,4,,,,COLECCION: RAGNAROK,14,500,3,https://pub-77824f6d0d4542d282fa48605bce7479.r2.dev/cards/MYL/PRIMERA%20ERA/9379f49e-dc78-419c-9a41-063d14b00796.png
edbb9627-d141-40fb-b67f-243a3eb8efc0,PREMIUM LPE25 16,DRAUGAR,4.0,4,,,,LOOTBOX PRIMERA ERA 2025,15,2000,3,https://pub-77824f6d0d4542d282fa48605bce7479.r2.dev/cards/MYL/PRIMERA%20ERA/edbb9627-d141-40fb-b67f-243a3eb8efc0.png
98635aad-4e8c-47ab-a1bd-f58673efece9,52 - 126 / PRIMERA EDICION,DRAUPNIR,4.0,0,,,,COLECCION: RAGNAROK,1,100,1,https://pub-77824f6d0d4542d282fa48605bce7479.r2.dev/cards/MYL/PRIMERA%20ERA/98635aad-4e8c-47ab-a1bd-f58673efece9.png
39542c30-518c-4d40-9c12-334c7d182979,CRPE5 39 - 84,DU HAN,3.0,3,,,,KIT RACIALES PRIMERA ERA 2025: CAMPEON,20,2000,2,https://pub-77824f6d0d4542d282fa48605bce7479.r2.dev/cards/MYL/PRIMERA%20ERA/39542c30-518c-4d40-9c12-334c7d182979.png
345c4c03-fb7c-4e0a-aeaf-4158e07f1b80,LPE23 051/300,DU HAN,3.0,3,,,,LEYENDAS PRIMERA ERA 3.0,6,3000,2,https://pub-77824f6d0d4542d282fa48605bce7479.r2.dev/cards/MYL/PRIMERA%20ERA/345c4c03-fb7c-4e0a-aeaf-4158e07f1b80.png
0ed2c828-e7d8-4afb-ab9a-20ada4617e05,LPE4 14/320,DU HAN,3.0,3,,,,LEYENDAS PE 4.0,11,12000,4,https://pub-77824f6d0d4542d282fa48605bce7479.r2.dev/cards/MYL/PRIMERA%20ERA/0ed2c828-e7d8-4afb-ab9a-20ada4617e05.png
3e34de37-9092-4549-aa39-2662c97890af,LBPE25 12/21,DUELO EN EL MONTE,2.0,0,,,,LOOTBOX PRIMERA ERA 2025,15,2000,6,https://pub-77824f6d0d4542d282fa48605bce7479.r2.dev/cards/MYL/PRIMERA%20ERA/3e34de37-9092-4549-aa39-2662c97890af.png
dc2ffdae-94b1-4813-b6bf-a0dee7da8c0e,TKPE2 - 09 - 13,DUELO EN EL TEJADO,2.0,0,,,,TOOLKIT: ODIN,6,1000,2,https://pub-77824f6d0d4542d282fa48605bce7479.r2.dev/cards/MYL/PRIMERA%20ERA/dc2ffdae-94b1-4813-b6bf-a0dee7da8c0e.png
dea6f06c-3609-48d6-a6d3-7bad730e7a73,SECRETA-EXCLUSIVA-08,DUELO EN EL TEJADO,2.0,0,,,,LOOTBOX PRIMERA ERA 2024,12,3000,3,https://pub-77824f6d0d4542d282fa48605bce7479.r2.dev/cards/MYL/PRIMERA%20ERA/dea6f06c-3609-48d6-a6d3-7bad730e7a73.png
3b7aca0b-7013-403a-b24f-3a49816c951e,LPE4 94/320,DUELO EN EL TEJADO,2.0,0,,,,LEYENDAS PE 4.0,4,2500,3,https://pub-77824f6d0d4542d282fa48605bce7479.r2.dev/cards/MYL/PRIMERA%20ERA/3b7aca0b-7013-403a-b24f-3a49816c951e.png
a9deb68c-b3b1-449d-a8d3-131185117914,MPDI 11/18,DUELO SALVAJE,,0,,,,MUNDOS PERDIDOS: ALIENTO DE FUEGO,35,2000,9,https://pub-77824f6d0d4542d282fa48605bce7479.r2.dev/pending-versions/b457c3e0-41ed-4a6b-8d6b-438846ff4e1d/1785710315855-0.webp
9a3062ba-5bd9-4bb0-8f09-1b2fd51760ba,LPE23 010/300,DUENDE,3.0,2,,,,LEYENDAS PRIMERA ERA 3.0,7,2500,2,https://pub-77824f6d0d4542d282fa48605bce7479.r2.dev/cards/MYL/PRIMERA%20ERA/9a3062ba-5bd9-4bb0-8f09-1b2fd51760ba.png
347b69a3-ab2d-4a3d-8eb1-1e25632caf76,124 - 236 / PRIMERA EDICION,DUENDE,3.0,2,,,,LEYENDAS PRIMERA ERA 2.0,6,1500,1,https://pub-77824f6d0d4542d282fa48605bce7479.r2.dev/cards/MYL/PRIMERA%20ERA/347b69a3-ab2d-4a3d-8eb1-1e25632caf76.png
0304f4f5-0e26-4983-8528-7872ef074415,62 - 170 / PRIMERA EDICION,DUENDE,3.0,2,,,,COLECCION: COFRADIA,3,1500,3,https://pub-77824f6d0d4542d282fa48605bce7479.r2.dev/cards/MYL/PRIMERA%20ERA/0304f4f5-0e26-4983-8528-7872ef074415.png
9f2d65ae-893c-4d71-94a7-d4ab828dd625,LPE23 200/300,DVARAKA,2.0,0,,,,LEYENDAS PRIMERA ERA 3.0,2,100,1,https://pub-77824f6d0d4542d282fa48605bce7479.r2.dev/cards/MYL/PRIMERA%20ERA/9f2d65ae-893c-4d71-94a7-d4ab828dd625.png
e9f0aac7-2219-4db0-b4c4-66f737bff0d9,LPE4 234/320,DVARAKA,2.0,0,,,,LEYENDAS PE 4.0,6,200,2,https://pub-77824f6d0d4542d282fa48605bce7479.r2.dev/cards/MYL/PRIMERA%20ERA/e9f0aac7-2219-4db0-b4c4-66f737bff0d9.png
e83ce252-b1aa-4618-9db2-48a39b2ff86a,LPE23 017/300,DYCOM EL RECAUDADOR,,0,,,,LEYENDAS PRIMERA ERA 3.0,10,3500,5,https://pub-77824f6d0d4542d282fa48605bce7479.r2.dev/cards/MYL/PRIMERA%20ERA/e83ce252-b1aa-4618-9db2-48a39b2ff86a.png
30d96d94-ef89-4e2f-ab8a-1ee459f6d231,141 - 126 / PRIMERA EDICION,DYCOM EL RECAUDADOR,,0,,,,COLECCION: MUNDO GOTICO,4,1000,2,https://pub-77824f6d0d4542d282fa48605bce7479.r2.dev/cards/MYL/PRIMERA%20ERA/30d96d94-ef89-4e2f-ab8a-1ee459f6d231.png
997043e7-003d-4110-833f-65ce312c9a4f,33 - 236 PRIMERA ERA,EBISU,2.0,0,,,,,1,3000,1,https://pub-77824f6d0d4542d282fa48605bce7479.r2.dev/pending-versions/a09cd627-0dac-4af7-96c4-4501b80b8882/1785641719986-0.webp
6f248ad1-2932-44d9-ab02-36a91aea2821,CRPE2-62-84,EBISU,2.0,0,,,,KIT RACIALES PRIMERA ERA: KAMI,4,2500,2,https://pub-77824f6d0d4542d282fa48605bce7479.r2.dev/cards/MYL/PRIMERA%20ERA/6f248ad1-2932-44d9-ab02-36a91aea2821.png
cf878686-ada8-42de-9b04-82886ee69abf,33 - 236 / PRIMERA EDICION,EBISU,2.0,0,,,,COLECCION: ESPIRITU DEL DRAGON,1,100,1,https://pub-77824f6d0d4542d282fa48605bce7479.r2.dev/cards/MYL/PRIMERA%20ERA/cf878686-ada8-42de-9b04-82886ee69abf.png
7268efd3-8c1b-477a-aeb9-79ca533dbe57,CRPE5 90 - 84,EBISU,2.0,0,,,,KIT RACIALES PRIMERA ERA 2025: KAMI,5,2500,2,https://pub-77824f6d0d4542d282fa48605bce7479.r2.dev/cards/MYL/PRIMERA%20ERA/7268efd3-8c1b-477a-aeb9-79ca533dbe57.png
1056b281-db7d-40f2-aba9-cd0b831c663a,LPE23 290/300,EBISU,2.0,0,,,,LEYENDAS PRIMERA ERA 3.0,14,100,1,https://pub-77824f6d0d4542d282fa48605bce7479.r2.dev/cards/MYL/PRIMERA%20ERA/1056b281-db7d-40f2-aba9-cd0b831c663a.png
6441f285-a9da-43d3-87d3-685c484ecc35,MPDI 13/18,ECKESACHS,,0,,,,MUNDOS PERDIDOS: ALIENTO DE FUEGO,37,2500,9,https://pub-77824f6d0d4542d282fa48605bce7479.r2.dev/pending-versions/b457c3e0-41ed-4a6b-8d6b-438846ff4e1d/1785711678496-0.webp
1abfc8ec-48ae-40be-baa8-4676356d3738,TKPE26 20/32,ECLIPSE DE DRAGON,3.0,0,,,,TOOLKIT 2026: ESPIRITU,28,2000,7,https://pub-77824f6d0d4542d282fa48605bce7479.r2.dev/cards/MYL/PRIMERA%20ERA/1abfc8ec-48ae-40be-baa8-4676356d3738.png
d6362c1d-d4a6-40b7-b300-5c0cfffbda4f,MPSG 17/18,EGIL SKALLA-GRIMSSON,3.0,4,,,,MUNDOS PERDIDOS: LOCURA DE DRAGON,33,2500,7,https://pub-77824f6d0d4542d282fa48605bce7479.r2.dev/pending-versions/b457c3e0-41ed-4a6b-8d6b-438846ff4e1d/1785708514195-0.webp
548f48ce-5c9c-4957-839d-2dec4547fe94,32 - 126 / PRIMERA EDICION,EGIL SKALLA-GRIMSSON,3.0,4,,,,COLECCION: RAGNAROK,4,400,3,https://pub-77824f6d0d4542d282fa48605bce7479.r2.dev/cards/MYL/PRIMERA%20ERA/548f48ce-5c9c-4957-839d-2dec4547fe94.png
eb48982c-814c-4913-86ed-be3c00cb4bfc,LEGENDARIA LPE25 04,EINHERYAR,4.0,4,,,,LOOTBOX PRIMERA ERA 2025,11,3500,5,https://pub-77824f6d0d4542d282fa48605bce7479.r2.dev/cards/MYL/PRIMERA%20ERA/eb48982c-814c-4913-86ed-be3c00cb4bfc.png
96125230-1d97-4f1d-b787-5d7b512b49e8,CRPE-14-72,EINHERYAR,4.0,4,,,,KIT RACIALES PRIMERA ERA: BARBARO,3,2000,1,https://pub-77824f6d0d4542d282fa48605bce7479.r2.dev/cards/MYL/PRIMERA%20ERA/96125230-1d97-4f1d-b787-5d7b512b49e8.png
db750b89-009e-469c-ae18-5b99509b1b6b,LPE23 090/300,EINHERYAR,4.0,4,,,,LEYENDAS PRIMERA ERA 3.0,29,800,6,https://pub-77824f6d0d4542d282fa48605bce7479.r2.dev/cards/MYL/PRIMERA%20ERA/db750b89-009e-469c-ae18-5b99509b1b6b.png
b41fcd36-b402-4b51-906a-da781343030f,31 - 126 / PRIMERA EDICION,EINHERYAR,4.0,4,,,,COLECCION: RAGNAROK,2,1000,2,https://pub-77824f6d0d4542d282fa48605bce7479.r2.dev/cards/MYL/PRIMERA%20ERA/b41fcd36-b402-4b51-906a-da781343030f.png
3a77a5d8-baf5-4df3-bd36-2087f66e0f23,LPE23 153/300,EJERCITO ENANO,2.0,3,,,,LEYENDAS PRIMERA ERA 3.0,18,900,4,https://pub-77824f6d0d4542d282fa48605bce7479.r2.dev/cards/MYL/PRIMERA%20ERA/3a77a5d8-baf5-4df3-bd36-2087f66e0f23.png
d68ec7d7-fea2-413d-8730-58b306ddf634,MPAT 06/18,EKAJATI,,0,,,,MUNDOS PERDIDOS: HORDA ESTEPARIA,41,1500,9,https://pub-77824f6d0d4542d282fa48605bce7479.r2.dev/pending-versions/b457c3e0-41ed-4a6b-8d6b-438846ff4e1d/1785629178826-0.webp
f50119dd-baa1-45d6-abad-eecc1dd9df89,CRPE2-20-84,EL ALICANTO,3.0,0,,,,KIT RACIALES PRIMERA ERA: BESTIA,3,1000,1,https://pub-77824f6d0d4542d282fa48605bce7479.r2.dev/cards/MYL/PRIMERA%20ERA/f50119dd-baa1-45d6-abad-eecc1dd9df89.png
067219f6-bd05-4f11-98dd-04c1a9432c6e,CRPE3 - 32 - 36,EL BASAJAUN,2.0,2,,,,KIT RACIALES PRIMERA ERA: FAERIE,4,2000,2,https://pub-77824f6d0d4542d282fa48605bce7479.r2.dev/cards/MYL/PRIMERA%20ERA/067219f6-bd05-4f11-98dd-04c1a9432c6e.png
efac0733-2596-4307-891d-bb8312bed612,LPE4 87/320,EL DORADO,,0,,,,LEYENDAS PE 4.0,2,4000,1,https://pub-77824f6d0d4542d282fa48605bce7479.r2.dev/cards/MYL/PRIMERA%20ERA/efac0733-2596-4307-891d-bb8312bed612.png
13517885-c11d-4aa9-a13d-4889163f603b,EXPE - 60 - 120,EL DORADO,,0,,,,KIT EXTENSION PRIMERA ERA: LA IRA DEL NAHUAL,7,4000,1,https://pub-77824f6d0d4542d282fa48605bce7479.r2.dev/cards/MYL/PRIMERA%20ERA/13517885-c11d-4aa9-a13d-4889163f603b.png
a03a672b-b9ba-4a67-b678-2fa514ab8fe9,LPE4 324/320,EL DORADO,,0,,,,LEYENDAS PE 4.0,4,7000,2,https://pub-77824f6d0d4542d282fa48605bce7479.r2.dev/cards/MYL/PRIMERA%20ERA/a03a672b-b9ba-4a67-b678-2fa514ab8fe9.png
07c24458-43f7-464b-af39-51e307a76d56,TKPE24 21/28,EL DORADO,,0,,,,TOOLKIT PREMIUM PUERTAS DEL VALHALLA,10,4000,2,https://pub-77824f6d0d4542d282fa48605bce7479.r2.dev/cards/MYL/PRIMERA%20ERA/07c24458-43f7-464b-af39-51e307a76d56.png
12cb9690-701a-4af9-a7fb-ff513fd5f0e4,EDICION LIMITADA JO,EL DORADO,,0,,,,,23,5500,5,https://pub-77824f6d0d4542d282fa48605bce7479.r2.dev/pending-versions/a09cd627-0dac-4af7-96c4-4501b80b8882/1783273139406-0.webp
19c16207-2c52-496b-bf24-3f9979104f70,CONMEMORATIVA PE-01,EL RETO,1.0,1,,,,LOOTBOX PRIMERA ERA 2024,5,2000,3,https://pub-77824f6d0d4542d282fa48605bce7479.r2.dev/cards/MYL/PRIMERA%20ERA/19c16207-2c52-496b-bf24-3f9979104f70.png
06c2ce70-105e-480f-8ff2-98cadaf61771,EXPE - 45 - 120,EL-LAL,4.0,3,,,,KIT EXTENSION PRIMERA ERA: LA IRA DEL NAHUAL,5,1500,1,https://pub-77824f6d0d4542d282fa48605bce7479.r2.dev/cards/MYL/PRIMERA%20ERA/06c2ce70-105e-480f-8ff2-98cadaf61771.png
f5b889c9-fb7a-4938-aaf0-d252ac146810,LPE23 215/300,ELFOS ARQUEROS,2.0,2,,,,LEYENDAS PRIMERA ERA 3.0,4,100,1,https://pub-77824f6d0d4542d282fa48605bce7479.r2.dev/cards/MYL/PRIMERA%20ERA/f5b889c9-fb7a-4938-aaf0-d252ac146810.png
214e7caa-b5e4-4a70-a4cb-b9f3d62d8f47,MPV 17/18,ELFOS ARQUEROS,2.0,2,,,,MUNDOS PERDIDOS: LA SAGA DE VOLSUNG,6,1500,2,https://pub-77824f6d0d4542d282fa48605bce7479.r2.dev/cards/MYL/PRIMERA%20ERA/214e7caa-b5e4-4a70-a4cb-b9f3d62d8f47.png
81475a49-b279-4c97-91a1-3b65dd2df6ce,CRPE-17-72,ELFOS ARQUEROS,2.0,2,,,,KIT RACIALES PRIMERA ERA: BARBARO,7,2000,2,https://pub-77824f6d0d4542d282fa48605bce7479.r2.dev/cards/MYL/PRIMERA%20ERA/81475a49-b279-4c97-91a1-3b65dd2df6ce.png
241317f9-24ef-46dc-b034-b373ce405b64,37 - 126 / PRIMERA EDICION,ELFOS ARQUEROS,2.0,2,,,,COLECCION: RAGNAROK,3,100,1,https://pub-77824f6d0d4542d282fa48605bce7479.r2.dev/cards/MYL/PRIMERA%20ERA/241317f9-24ef-46dc-b034-b373ce405b64.png
d31d6ea8-773b-4a4d-9017-cb14be14c657,MPSG 10/18,ELIXIR DE DRAGON,,0,,,,MUNDOS PERDIDOS: LOCURA DE DRAGON,21,3000,5,https://pub-77824f6d0d4542d282fa48605bce7479.r2.dev/pending-versions/a09cd627-0dac-4af7-96c4-4501b80b8882/1786241867593-0.webp
caa33372-5e75-4887-b123-d97d9a564fce,EXPE - 25 - 120,ELIZABETH BATHORY,3.0,2,,,,KIT EXTENSION PRIMERA ERA: MUNDO GOTICO,2,2500,2,https://pub-77824f6d0d4542d282fa48605bce7479.r2.dev/cards/MYL/PRIMERA%20ERA/caa33372-5e75-4887-b123-d97d9a564fce.png
f277941c-b9ca-49c2-90e5-6d7d3a465d56,CRPE2-05-84,EMBOSCADA,3.0,2,,,,KIT RACIALES PRIMERA ERA: CAZADOR,7,2000,2,https://pub-77824f6d0d4542d282fa48605bce7479.r2.dev/cards/MYL/PRIMERA%20ERA/f277941c-b9ca-49c2-90e5-6d7d3a465d56.png
2e1da6e1-9ed0-4282-91d3-b14f24ef8b4f,LPE4 146/320,EMISARIO BUDISTA,3.0,2,,,,LEYENDAS PE 4.0,45,700,8,https://pub-77824f6d0d4542d282fa48605bce7479.r2.dev/cards/MYL/PRIMERA%20ERA/2e1da6e1-9ed0-4282-91d3-b14f24ef8b4f.png
3a934dd0-86a6-4787-a74d-12daf2ec6144,CRPE5 76 - 84,EMPERADOR DE JADE,3.0,3,,,,KIT RACIALES PRIMERA ERA 2025: XIAN,5,2000,1,https://pub-77824f6d0d4542d282fa48605bce7479.r2.dev/cards/MYL/PRIMERA%20ERA/3a934dd0-86a6-4787-a74d-12daf2ec6144.png
43dcb015-096b-492c-8e41-a436be5cbf4e,MPO 18/18,EMPERADOR DE JADE,3.0,3,,,,MUNDOS PERDIDOS: VIAJE AL OESTE,23,2000,6,https://pub-77824f6d0d4542d282fa48605bce7479.r2.dev/cards/MYL/PRIMERA%20ERA/43dcb015-096b-492c-8e41-a436be5cbf4e.png
698510af-77b1-428d-a3c4-7c260662aa6c,CRPE2-83-84,EMPERADOR DE JADE,3.0,3,,,,KIT RACIALES PRIMERA ERA: XIAN,2,800,2,https://pub-77824f6d0d4542d282fa48605bce7479.r2.dev/cards/MYL/PRIMERA%20ERA/698510af-77b1-428d-a3c4-7c260662aa6c.png
8aa2b23c-ecbf-41c6-b1ec-754398479db0,88 - 126 / PRIMERA EDICION,ENJAMBRE,2.0,2,,,,COLECCION: MUNDO GOTICO,1,100,1,https://pub-77824f6d0d4542d282fa48605bce7479.r2.dev/cards/MYL/PRIMERA%20ERA/8aa2b23c-ecbf-41c6-b1ec-754398479db0.png
933881e7-5838-4270-8b66-05f795455570,64 - 170 / PRIMERA EDICION,ENJAMBRE,2.0,2,,,,COLECCION: COFRADIA,3,1500,2,https://pub-77824f6d0d4542d282fa48605bce7479.r2.dev/cards/MYL/PRIMERA%20ERA/933881e7-5838-4270-8b66-05f795455570.png
93b950b3-d033-48b4-b645-84c2d1088d1d,CRPE4 25 - 117,ENJAMBRE,2.0,2,,,,KIT RACIALES PRIMERA ERA 2025: VAMPIRO,14,2000,3,https://pub-77824f6d0d4542d282fa48605bce7479.r2.dev/cards/MYL/PRIMERA%20ERA/93b950b3-d033-48b4-b645-84c2d1088d1d.png
59aca0a1-2407-4125-bd47-3af2b78a098e,CRPE-67-72,ENJAMBRE,2.0,2,,,,KIT RACIALES PRIMERA ERA: VAMPIRO,2,2000,2,https://pub-77824f6d0d4542d282fa48605bce7479.r2.dev/cards/MYL/PRIMERA%20ERA/59aca0a1-2407-4125-bd47-3af2b78a098e.png
1aef0284-31e0-4531-af03-40b562cf02e4,ANIVERSARIO LPE25 08,ENJAMBRE,2.0,2,,,,,3,3500,3,https://pub-77824f6d0d4542d282fa48605bce7479.r2.dev/cards/MYL/PRIMERA%20ERA/1aef0284-31e0-4531-af03-40b562cf02e4.png
8380297a-ab58-46e4-bd4b-91c84b4f9c29,64 - 170 / PRIMERA EDICION,ENJAMBRE,2.0,2,,,,COLECCION: COFRADIA,6,2000,1,https://pub-77824f6d0d4542d282fa48605bce7479.r2.dev/cards/MYL/PRIMERA%20ERA/8380297a-ab58-46e4-bd4b-91c84b4f9c29.png
4f91ed27-010c-460a-aab6-edcb806df6c3,LPE23 015/300,ENJAMBRE,2.0,2,,,,LEYENDAS PRIMERA ERA 3.0,9,3000,5,https://pub-77824f6d0d4542d282fa48605bce7479.r2.dev/cards/MYL/PRIMERA%20ERA/4f91ed27-010c-460a-aab6-edcb806df6c3.png
8e64f961-6d0e-477a-9601-abc6eaa20ddb,182 - 236 / PRIMERA EDICION,ENTRENAMIENTO EN PILARES,,0,,,,COLECCION: ESPIRITU DEL DRAGON,6,1000,2,https://pub-77824f6d0d4542d282fa48605bce7479.r2.dev/cards/MYL/PRIMERA%20ERA/8e64f961-6d0e-477a-9601-abc6eaa20ddb.png
b169ba3a-5a47-468a-8f09-371ba501574d,LPE4 61/320,EOSTRE,2.0,3,,,,LEYENDAS PE 4.0,27,3000,8,https://pub-77824f6d0d4542d282fa48605bce7479.r2.dev/cards/MYL/PRIMERA%20ERA/b169ba3a-5a47-468a-8f09-371ba501574d.png
49633b80-6d44-4c31-8697-91b80be21331,JO,ERCHITU,,0,,,,EDICION LIMITADA,3,5000,1,https://pub-77824f6d0d4542d282fa48605bce7479.r2.dev/pending-versions/71d68ebb-f273-4ce5-9f47-03dfd207bccb/1790202947817-0.webp
e0fe8881-36a6-47a9-a73d-23e93cafaebb,EDICIÓN LIMITADA JO,ERICHITU,,0,,,,,11,6000,3,https://pub-77824f6d0d4542d282fa48605bce7479.r2.dev/pending-versions/a09cd627-0dac-4af7-96c4-4501b80b8882/1786821476653-0.webp
cfa75c3c-5ff8-4644-a94b-e772f097ec0d,LBPE25 14/21,ERMANARIC,3.0,3,,,,LOOTBOX PRIMERA ERA 2025,13,3000,3,https://pub-77824f6d0d4542d282fa48605bce7479.r2.dev/cards/MYL/PRIMERA%20ERA/cfa75c3c-5ff8-4644-a94b-e772f097ec0d.png
7a9a6ce4-349b-46bf-8efe-d7507ef15c56,144 - 126 / PRIMERA EDICION,ERMITAO,3.0,0,,,,COLECCION: MUNDO GOTICO,3,100,1,https://pub-77824f6d0d4542d282fa48605bce7479.r2.dev/cards/MYL/PRIMERA%20ERA/7a9a6ce4-349b-46bf-8efe-d7507ef15c56.png
f0d9bbc9-43a8-4e5e-9f4b-39ee205f9d9c,LPE23 190/300,ERMITAO,3.0,0,,,,LEYENDAS PRIMERA ERA 3.0,5,100,1,https://pub-77824f6d0d4542d282fa48605bce7479.r2.dev/cards/MYL/PRIMERA%20ERA/f0d9bbc9-43a8-4e5e-9f4b-39ee205f9d9c.png
10a5a3b9-9a07-4156-90aa-379f1f7a700f,CRPE4 05 - 117,ERRANTE,3.0,3,,,,KIT RACIALES PRIMERA ERA 2025: CAZADOR,9,1500,3,https://pub-77824f6d0d4542d282fa48605bce7479.r2.dev/cards/MYL/PRIMERA%20ERA/10a5a3b9-9a07-4156-90aa-379f1f7a700f.png
7e332283-05b4-4684-b742-31681311b7d0,HPE 05/21,ERRANTE,3.0,3,,,,VIGILANTES DE LA NOCHE,9,2000,2,https://pub-77824f6d0d4542d282fa48605bce7479.r2.dev/cards/MYL/PRIMERA%20ERA/7e332283-05b4-4684-b742-31681311b7d0.png
c38c208b-9d24-4a08-bbb0-eb3a10213f1e,LPE4 50/320,ERRANTE,3.0,3,,,,LEYENDAS PE 4.0,32,1500,8,https://pub-77824f6d0d4542d282fa48605bce7479.r2.dev/cards/MYL/PRIMERA%20ERA/c38c208b-9d24-4a08-bbb0-eb3a10213f1e.png
cc63148e-b390-40b7-986f-4dba1cdb46db,MPTO 12/18,ESCLAVOS DE SANGRE,1.0,0,,,,MUNDOS PERDIDOS: TOMBSTONE,11,2500,5,https://pub-77824f6d0d4542d282fa48605bce7479.r2.dev/cards/MYL/PRIMERA%20ERA/cc63148e-b390-40b7-986f-4dba1cdb46db.png
f2c31f9b-1692-4d3e-97bf-cf08fae4b4d0,TKPE26 13/32,ESCUDO,2.0,0,,,,TOOLKIT 2026: ANCESTRAL,31,2000,8,https://pub-77824f6d0d4542d282fa48605bce7479.r2.dev/cards/MYL/PRIMERA%20ERA/f2c31f9b-1692-4d3e-97bf-cf08fae4b4d0.png
5a38128b-0f4e-4517-9394-f7cb605f1d71,MPRE 13/18,ESCUDO DE GUERRA,2.0,0,,,,MUNDOS PERDIDOS: NUBE ROJA,10,3000,3,https://pub-77824f6d0d4542d282fa48605bce7479.r2.dev/cards/MYL/PRIMERA%20ERA/5a38128b-0f4e-4517-9394-f7cb605f1d71.png
ca71f5e7-926c-4e44-8062-826a4b4bf9b0,TKPE25 21/28,ESCUDO HIPERBOREO,2.0,0,,,,TOOLKIT 2025: HONOR Y FEROCIDAD,22,900,6,https://pub-77824f6d0d4542d282fa48605bce7479.r2.dev/cards/MYL/PRIMERA%20ERA/ca71f5e7-926c-4e44-8062-826a4b4bf9b0.png
83c68727-04a1-4ea5-b549-d17683fa61df,32 - 126 / PRIMERA EDICION,ESCUDO HIPERBOREO,2.0,0,,,,COLECCION: MUNDO GOTICO,1,100,1,https://pub-77824f6d0d4542d282fa48605bce7479.r2.dev/cards/MYL/PRIMERA%20ERA/83c68727-04a1-4ea5-b549-d17683fa61df.png
04bca0e5-6ba3-44e5-b05a-353a056cf168,LPE4 233/320,ESCUDO HIPERBOREO,2.0,0,,,,LEYENDAS PE 4.0,26,200,3,https://pub-77824f6d0d4542d282fa48605bce7479.r2.dev/cards/MYL/PRIMERA%20ERA/04bca0e5-6ba3-44e5-b05a-353a056cf168.png
3ef41ef3-b7d3-48eb-847e-b2769463ef8a,LPE23 032/300,ESCUDO REAL,3.0,0,,,,LEYENDAS PRIMERA ERA 3.0,11,1500,5,https://pub-77824f6d0d4542d282fa48605bce7479.r2.dev/cards/MYL/PRIMERA%20ERA/3ef41ef3-b7d3-48eb-847e-b2769463ef8a.png
56418fd6-a520-4380-8579-26df61f61b27,TKPE25 17/28,ESCUDO REAL,3.0,0,,,,TOOLKIT 2025: HONOR Y FEROCIDAD,14,1500,4,https://pub-77824f6d0d4542d282fa48605bce7479.r2.dev/cards/MYL/PRIMERA%20ERA/56418fd6-a520-4380-8579-26df61f61b27.png
c85df6a8-d4b2-40b7-a602-74f6ce8137c5,210 - 236 / PRIMERA EDICION,ESCUDO Y ESPADA,3.0,0,,,,COLECCION: ESPIRITU DEL DRAGON,1,500,1,https://pub-77824f6d0d4542d282fa48605bce7479.r2.dev/cards/MYL/PRIMERA%20ERA/c85df6a8-d4b2-40b7-a602-74f6ce8137c5.png
28780570-d217-4ba7-9fe9-07216560a72d,100 - 126 / PRIMERA EDICION,ESFINGE,2.0,4,,,,COLECCION: EL RETO,6,200,2,https://pub-77824f6d0d4542d282fa48605bce7479.r2.dev/cards/MYL/PRIMERA%20ERA/28780570-d217-4ba7-9fe9-07216560a72d.png
ec1733f9-a44f-4b52-a26f-448e1f7ecd59,EXPE - 116 - 120,ESPADA CELESTIAL,2.0,0,,,,KIT EXTENSION PRIMERA ERA: ESPIRITU DEL DRAGON,1,3000,1,https://pub-77824f6d0d4542d282fa48605bce7479.r2.dev/cards/MYL/PRIMERA%20ERA/ec1733f9-a44f-4b52-a26f-448e1f7ecd59.png
327984f3-5438-4b3b-b2f4-b93193a44dad,272 - 236 / PRIMERA EDICION,ESPADA CELESTIAL,2.0,0,,,,LEYENDAS PRIMERA ERA 1.0,1,500,1,https://pub-77824f6d0d4542d282fa48605bce7479.r2.dev/cards/MYL/PRIMERA%20ERA/327984f3-5438-4b3b-b2f4-b93193a44dad.png
03b9dfdf-a917-442f-b383-7faa1882b662,EXPE - 9 - 120,ESPADA DE CRISTAL,,0,,,,KIT EXTENSION PRIMERA ERA: EL RETO,5,3000,2,https://pub-77824f6d0d4542d282fa48605bce7479.r2.dev/cards/MYL/PRIMERA%20ERA/03b9dfdf-a917-442f-b383-7faa1882b662.png
d9036a06-a2e8-48b1-b7d6-6a4869eb0cad,TKPE26 01/32,ESPADA DE CRISTAL,,0,,,,TOOLKIT 2026: ANCESTRAL,38,2500,8,https://pub-77824f6d0d4542d282fa48605bce7479.r2.dev/cards/MYL/PRIMERA%20ERA/d9036a06-a2e8-48b1-b7d6-6a4869eb0cad.png
e618982d-7abc-4330-a6ec-cc3941098a3e,REX 11/12,ESPADA DE CRISTAL,,0,,,,MUNDO MEDIEVAL,1,2000,1,https://pub-77824f6d0d4542d282fa48605bce7479.r2.dev/cards/MYL/PRIMERA%20ERA/e618982d-7abc-4330-a6ec-cc3941098a3e.png
64bd5f1e-48d4-4057-a8e6-2ef4b537f719,ANIVERSARIO LPE25 05,ESPADA DE CRISTAL,,0,,,,,2,5000,2,https://pub-77824f6d0d4542d282fa48605bce7479.r2.dev/cards/MYL/PRIMERA%20ERA/64bd5f1e-48d4-4057-a8e6-2ef4b537f719.png
c455577a-e521-4282-910d-25c2a55259db,TKPE24 16/28,ESPADA DE FREY,3.0,0,,,,TOOLKIT PREMIUM PUERTAS DEL VALHALLA,9,2000,1,https://pub-77824f6d0d4542d282fa48605bce7479.r2.dev/cards/MYL/PRIMERA%20ERA/c455577a-e521-4282-910d-25c2a55259db.png
398d1fe0-ea9d-400e-a517-f2ffb1aa0891,62 - 126 / PRIMERA EDICION,ESPADA DE FREY,3.0,0,,,,COLECCION: RAGNAROK,5,500,2,https://pub-77824f6d0d4542d282fa48605bce7479.r2.dev/cards/MYL/PRIMERA%20ERA/398d1fe0-ea9d-400e-a517-f2ffb1aa0891.png
3736a3e9-be00-47e7-91d1-93d4cd065308,LPE23 225/300,ESPADA DE FREY,3.0,0,,,,LEYENDAS PRIMERA ERA 3.0,13,300,2,https://pub-77824f6d0d4542d282fa48605bce7479.r2.dev/cards/MYL/PRIMERA%20ERA/3736a3e9-be00-47e7-91d1-93d4cd065308.png
bfd82954-651a-4fc8-a954-397cfd796b47,TKPE2 - 03 - 13,ESPADA DE FREY,3.0,0,,,,TOOLKIT: ODIN,6,2000,2,https://pub-77824f6d0d4542d282fa48605bce7479.r2.dev/cards/MYL/PRIMERA%20ERA/bfd82954-651a-4fc8-a954-397cfd796b47.png
d63e2a36-3ebf-464f-bda3-9bcc107a00ed,LPE4 20/320,ESPADA DEL CAOS,2.0,0,,,,LEYENDAS PE 4.0,25,2000,7,https://pub-77824f6d0d4542d282fa48605bce7479.r2.dev/cards/MYL/PRIMERA%20ERA/d63e2a36-3ebf-464f-bda3-9bcc107a00ed.png
ad82a1ea-7842-4fc8-8d56-21e9e12efa09,HPE 00/21,ESPADA DEL CAOS,2.0,0,,,,VIGILANTES DE LA NOCHE,16,1500,4,https://pub-77824f6d0d4542d282fa48605bce7479.r2.dev/cards/MYL/PRIMERA%20ERA/ad82a1ea-7842-4fc8-8d56-21e9e12efa09.png
73a1de8b-5bac-4e22-bf5d-82d2734a725d,EXPE - 97 - 120,ESPADA ENVENENADA,2.0,0,,,,KIT EXTENSION PRIMERA ERA: COFRADIA,7,1500,3,https://pub-77824f6d0d4542d282fa48605bce7479.r2.dev/cards/MYL/PRIMERA%20ERA/73a1de8b-5bac-4e22-bf5d-82d2734a725d.png
4646c12c-25c7-48a1-bbea-a635ff5a5b4f,PREMIUM LPE25 10,ESPADA ENVENENADA,2.0,0,,,,LOOTBOX PRIMERA ERA 2025,11,1500,4,https://pub-77824f6d0d4542d282fa48605bce7479.r2.dev/cards/MYL/PRIMERA%20ERA/4646c12c-25c7-48a1-bbea-a635ff5a5b4f.png
f7c4bd68-272e-4969-aba7-ef0db0d34218,2 - 126 / PRIMERA EDICION,ESPADA REAL,,0,,,,COLECCION: EL RETO,2,100,1,https://pub-77824f6d0d4542d282fa48605bce7479.r2.dev/cards/MYL/PRIMERA%20ERA/f7c4bd68-272e-4969-aba7-ef0db0d34218.png
ece47f46-dc7e-453b-8d5b-017473631f81,65 - 170 / PRIMERA EDICION,ESPADA REAL,,0,,,,COLECCION: COFRADIA,4,1000,3,https://pub-77824f6d0d4542d282fa48605bce7479.r2.dev/cards/MYL/PRIMERA%20ERA/ece47f46-dc7e-453b-8d5b-017473631f81.png
34062ab3-029f-426f-ac40-2397965c8418,177 - 236 / PRIMERA EDICION,ESPADA REAL,,0,,,,LEYENDAS PRIMERA ERA 1.0,1,3000,1,https://pub-77824f6d0d4542d282fa48605bce7479.r2.dev/cards/MYL/PRIMERA%20ERA/34062ab3-029f-426f-ac40-2397965c8418.png
532d6e81-99a9-4b9d-8953-557008aa8cdf,LPE23 062/300,ESPADA TEMPLARIA,2.0,0,,,,LEYENDAS PRIMERA ERA 3.0,24,900,6,https://pub-77824f6d0d4542d282fa48605bce7479.r2.dev/cards/MYL/PRIMERA%20ERA/532d6e81-99a9-4b9d-8953-557008aa8cdf.png
569b1015-7c10-4282-ae72-b0c55bc9bbce,117 - 170 / PRIMERA EDICION,ESPECTRO,2.0,3,,,,COLECCION: COFRADIA,2,200,1,https://pub-77824f6d0d4542d282fa48605bce7479.r2.dev/cards/MYL/PRIMERA%20ERA/569b1015-7c10-4282-ae72-b0c55bc9bbce.png
684e55e8-66aa-4a71-98d7-57a1946664cb,138 - 126 / PRIMERA EDICION,ESPECTRO DE DRAGON,1.0,0,,,,COLECCION: MUNDO GOTICO,8,2000,3,https://pub-77824f6d0d4542d282fa48605bce7479.r2.dev/cards/MYL/PRIMERA%20ERA/684e55e8-66aa-4a71-98d7-57a1946664cb.png
8d98bf72-ad5d-4dc6-bdb5-fcc6541db505,6 - 126 / PRIMERA EDICION,ESPINA SOMNOLIENTE,1.0,0,,,,COLECCION: RAGNAROK,2,800,2,https://pub-77824f6d0d4542d282fa48605bce7479.r2.dev/cards/MYL/PRIMERA%20ERA/8d98bf72-ad5d-4dc6-bdb5-fcc6541db505.png
e6e06329-103a-4bb5-81aa-4b0d3c4e77b1,LPE23 096/300,ESPINA SOMNOLIENTE,1.0,0,,,,LEYENDAS PRIMERA ERA 3.0,18,1000,5,https://pub-77824f6d0d4542d282fa48605bce7479.r2.dev/cards/MYL/PRIMERA%20ERA/e6e06329-103a-4bb5-81aa-4b0d3c4e77b1.png
abffbe46-b601-43dc-bdd5-237395064735,LBPE25 05/21,ESPINO BLANCO,2.0,4,,,,LOOTBOX PRIMERA ERA 2025,16,2500,5,https://pub-77824f6d0d4542d282fa48605bce7479.r2.dev/cards/MYL/PRIMERA%20ERA/abffbe46-b601-43dc-bdd5-237395064735.png
5f02d85b-2ab3-4670-8471-f8ea8e86421e,MPRE 05/18,ESPIRITU CAAN,3.0,4,,,,MUNDOS PERDIDOS: NUBE ROJA,17,2000,5,https://pub-77824f6d0d4542d282fa48605bce7479.r2.dev/cards/MYL/PRIMERA%20ERA/5f02d85b-2ab3-4670-8471-f8ea8e86421e.png
5e906e85-10c1-43ab-bb7b-e335284673ef,CONMEMORATIVA PE-06,ESPIRITU DE DRAGON,6.0,6,,,,LOOTBOX PRIMERA ERA 2024,3,2000,3,https://pub-77824f6d0d4542d282fa48605bce7479.r2.dev/cards/MYL/PRIMERA%20ERA/5e906e85-10c1-43ab-bb7b-e335284673ef.png
011cefd2-ab7a-4f33-9dea-d6da9295bf39,40 - 126 / PRIMERA EDICION,ESPOSAS DE LOS FURIBUNDOS,2.0,0,,,,COLECCION: RAGNAROK,5,400,2,https://pub-77824f6d0d4542d282fa48605bce7479.r2.dev/cards/MYL/PRIMERA%20ERA/011cefd2-ab7a-4f33-9dea-d6da9295bf39.png
bd3af556-7ad0-4c31-bc57-4b0f9ad807ce,LPE23 118/300,EXCALIBUR,3.0,0,,,,LEYENDAS PRIMERA ERA 3.0,27,800,6,https://pub-77824f6d0d4542d282fa48605bce7479.r2.dev/cards/MYL/PRIMERA%20ERA/bd3af556-7ad0-4c31-bc57-4b0f9ad807ce.png
a5537070-ad59-4f74-b966-add83755c537,HPE 21/21,EXORCISMO TAOISTA,2.0,0,,,,VIGILANTES DE LA NOCHE,9,2000,2,https://pub-77824f6d0d4542d282fa48605bce7479.r2.dev/cards/MYL/PRIMERA%20ERA/a5537070-ad59-4f74-b966-add83755c537.png
79ff58d6-3f07-41b3-bdd3-f7ee7eb17271,104 - 126 / PRIMERA EDICION,EXORCISTA,2.0,1,,,,COLECCION: MUNDO GOTICO,1,100,1,https://pub-77824f6d0d4542d282fa48605bce7479.r2.dev/cards/MYL/PRIMERA%20ERA/79ff58d6-3f07-41b3-bdd3-f7ee7eb17271.png
df6689c9-6332-4835-b2b9-e99dc4cbfe35,118 - 170 / PRIMERA EDICION,EXORCISTA,,1,,,,COLECCION: COFRADIA,8,1500,3,https://pub-77824f6d0d4542d282fa48605bce7479.r2.dev/cards/MYL/PRIMERA%20ERA/df6689c9-6332-4835-b2b9-e99dc4cbfe35.png
5bee890d-a777-4028-a2b6-576cb01e5e53,CRPE2-07-84,EXORCISTA,2.0,1,,,,KIT RACIALES PRIMERA ERA: CAZADOR,2,2000,2,https://pub-77824f6d0d4542d282fa48605bce7479.r2.dev/cards/MYL/PRIMERA%20ERA/5bee890d-a777-4028-a2b6-576cb01e5e53.png
99044264-3078-4269-a856-939240e7b990,MPAT 19/18,EXPULSION,,0,,,,MUNDOS PERDIDOS: HORDA ESTEPARIA,37,2500,7,https://pub-77824f6d0d4542d282fa48605bce7479.r2.dev/pending-versions/b457c3e0-41ed-4a6b-8d6b-438846ff4e1d/1785698852415-0.webp
0826e603-5d0d-4a13-a551-51bd5924a124,MPSG 01/18,FAFNER EL AVARO,,0,,,,MUNDOS PERDIDOS: LOCURA DE DRAGON,32,2000,6,https://pub-77824f6d0d4542d282fa48605bce7479.r2.dev/pending-versions/b457c3e0-41ed-4a6b-8d6b-438846ff4e1d/1785706496769-0.webp
d7e3e291-40db-464c-9391-8ad39e0d03dd,CRPE4 76 - 117,FAFNIR,4.0,4,,,,KIT RACIALES PRIMERA ERA 2025: ABOMINACION,15,1500,3,https://pub-77824f6d0d4542d282fa48605bce7479.r2.dev/cards/MYL/PRIMERA%20ERA/d7e3e291-40db-464c-9391-8ad39e0d03dd.png
2596bfba-efc1-4a4d-8124-bc5c479e1b8a,MPV 01/18,FAFNIR,4.0,4,,,,MUNDOS PERDIDOS: LA SAGA DE VOLSUNG,4,2000,1,https://pub-77824f6d0d4542d282fa48605bce7479.r2.dev/cards/MYL/PRIMERA%20ERA/2596bfba-efc1-4a4d-8124-bc5c479e1b8a.png
d896487e-ee0a-4174-806c-1ac7c5c224fa,LPE4 195/320,FAFNIR,4.0,4,,,,LEYENDAS PE 4.0,36,700,7,https://pub-77824f6d0d4542d282fa48605bce7479.r2.dev/cards/MYL/PRIMERA%20ERA/d896487e-ee0a-4174-806c-1ac7c5c224fa.png
e3c4edec-8c82-4b15-b5aa-217b2ec2506c,78 - 126 / PRIMERA EDICION,FALSA CAUTIVA,,2,,,,COLECCION: MUNDO GOTICO,6,800,3,https://pub-77824f6d0d4542d282fa48605bce7479.r2.dev/cards/MYL/PRIMERA%20ERA/e3c4edec-8c82-4b15-b5aa-217b2ec2506c.png
bb2e6511-9442-442b-a953-2d8f4ff22039,78- 236 / PRIMERA EDICIÓN,FALSA CAUTIVA,,0,,,,KIT EXTENSION PRIMERA ERA: MUNDO GOTICO,1,3000,1,https://pub-77824f6d0d4542d282fa48605bce7479.r2.dev/pending-versions/efaa6295-f0d9-4ace-a854-648c041539e0/1787858866743-0.webp
818f617d-9114-4673-8b98-34b6d837df7b,CRPE-63-72,FALSA CAUTIVA,,2,,,,KIT RACIALES PRIMERA ERA: VAMPIRO,4,2000,1,https://pub-77824f6d0d4542d282fa48605bce7479.r2.dev/cards/MYL/PRIMERA%20ERA/818f617d-9114-4673-8b98-34b6d837df7b.png
92c3b67e-d82d-411b-b3ae-7fd5be25ef42,EDICIÓN LIMITADA JO,FALSO GRIAL,,0,,,,JUEGO ORGANIZADO,4,7000,2,https://pub-77824f6d0d4542d282fa48605bce7479.r2.dev/pending-versions/efaa6295-f0d9-4ace-a854-648c041539e0/1787852182757-0.webp
ff05d3e3-0e42-419c-ab1f-70236b3a96ec,LPE4 104/320,FALSO GRIAL,,0,,,,LEYENDAS PE 4.0,48,1000,6,https://pub-77824f6d0d4542d282fa48605bce7479.r2.dev/cards/MYL/PRIMERA%20ERA/ff05d3e3-0e42-419c-ab1f-70236b3a96ec.png
dc221d23-3a59-43a1-9151-df25ce116a95,SECRETA PLATEADA PE 01,FALSO GRIAL,,0,,,,LOOTBOX PRIMERA ERA 2025,3,4000,2,https://pub-77824f6d0d4542d282fa48605bce7479.r2.dev/cards/MYL/PRIMERA%20ERA/dc221d23-3a59-43a1-9151-df25ce116a95.png
7a417475-5c4e-413c-94ad-df1274fbafda,CRPE5 81 - 84,FAN KUI,5.0,5,,,,KIT RACIALES PRIMERA ERA 2025: XIAN,3,1500,1,https://pub-77824f6d0d4542d282fa48605bce7479.r2.dev/cards/MYL/PRIMERA%20ERA/7a417475-5c4e-413c-94ad-df1274fbafda.png
f233274c-ab4d-4141-a272-7a5fc1e4bcaf,LPE4 36/320,FAN LIHUA,1.0,2,,,,LEYENDAS PE 4.0,20,3000,5,https://pub-77824f6d0d4542d282fa48605bce7479.r2.dev/cards/MYL/PRIMERA%20ERA/f233274c-ab4d-4141-a272-7a5fc1e4bcaf.png
46986bed-b9dc-486e-bfcc-70609974aa4d,XINNIAN 01/32,FAN LIHUA,1.0,2,,,,XINNIAN: ANO DEL DRAGON,15,2500,4,https://pub-77824f6d0d4542d282fa48605bce7479.r2.dev/cards/MYL/PRIMERA%20ERA/46986bed-b9dc-486e-bfcc-70609974aa4d.png
9d6fa633-09e6-4711-943d-f7f968aebbfd,CRPE5 38 - 84,FAN LIHUA,1.0,2,,,,KIT RACIALES PRIMERA ERA 2025: CAMPEON,7,2000,3,https://pub-77824f6d0d4542d282fa48605bce7479.r2.dev/cards/MYL/PRIMERA%20ERA/9d6fa633-09e6-4711-943d-f7f968aebbfd.png
b8c209ec-d98f-4c76-8e4c-8bd849ae431d,MPSG 02/18,FASOLT,,0,,,,MUNDOS PERDIDOS: LOCURA DE DRAGON,22,2500,4,https://pub-77824f6d0d4542d282fa48605bce7479.r2.dev/pending-versions/a09cd627-0dac-4af7-96c4-4501b80b8882/1786241633152-0.webp
b1a70205-fdfd-4b98-aa13-a17b06a0f401,CRPE5 59 - 84,FEILIAN,3.0,3,,,,KIT RACIALES PRIMERA ERA 2025: CRIATURAS,10,2000,3,https://pub-77824f6d0d4542d282fa48605bce7479.r2.dev/cards/MYL/PRIMERA%20ERA/b1a70205-fdfd-4b98-aa13-a17b06a0f401.png
3d4e3db7-fb11-41d3-94fa-e278a306cd99,SECRETA-DORADA-05,FENG SHUI,3.0,0,,,,LOOTBOX PRIMERA ERA 2024,8,4500,4,https://pub-77824f6d0d4542d282fa48605bce7479.r2.dev/cards/MYL/PRIMERA%20ERA/3d4e3db7-fb11-41d3-94fa-e278a306cd99.png
e331a1a2-17fc-4e66-b06c-8e10224b6a4a,LPE23 241/300,FENG SHUI,3.0,0,,,,LEYENDAS PRIMERA ERA 3.0,5,100,1,https://pub-77824f6d0d4542d282fa48605bce7479.r2.dev/cards/MYL/PRIMERA%20ERA/e331a1a2-17fc-4e66-b06c-8e10224b6a4a.png
db0913d2-58d7-46bf-a1b5-a6e7f86735c9,133 - 236 / PRIMERA EDICION,FENG SHUI,3.0,0,,,,COLECCION: ESPIRITU DEL DRAGON,8,1000,4,https://pub-77824f6d0d4542d282fa48605bce7479.r2.dev/cards/MYL/PRIMERA%20ERA/db0913d2-58d7-46bf-a1b5-a6e7f86735c9.png
98828059-1bb7-4eec-aac8-7aa8c0398233,TKPE1 - 06 - 13,FENG SHUI,3.0,0,,,,TOOLKIT PRIMERA ERA: WALKIRIAS,4,3000,2,https://pub-77824f6d0d4542d282fa48605bce7479.r2.dev/cards/MYL/PRIMERA%20ERA/98828059-1bb7-4eec-aac8-7aa8c0398233.png
076b24d8-7221-409f-8d75-dda49a9d17ab,LPE23 170/300,FENGHUANG,3.0,3,,,,LEYENDAS PRIMERA ERA 3.0,20,1500,6,https://pub-77824f6d0d4542d282fa48605bce7479.r2.dev/cards/MYL/PRIMERA%20ERA/076b24d8-7221-409f-8d75-dda49a9d17ab.png
db1906eb-cd4c-463d-a15b-9d6cf4fc6529,PREMIUM LPE25 22,FENGHUANG,3.0,3,,,,LOOTBOX PRIMERA ERA 2025,18,1500,4,https://pub-77824f6d0d4542d282fa48605bce7479.r2.dev/cards/MYL/PRIMERA%20ERA/db1906eb-cd4c-463d-a15b-9d6cf4fc6529.png
25dde6b6-8a75-473b-afa1-1c2287e9fade,EXPE - 63 - 120,FENOEISELF,2.0,3,,,,KIT EXTENSION PRIMERA ERA: RAGNAROK,4,1500,2,https://pub-77824f6d0d4542d282fa48605bce7479.r2.dev/cards/MYL/PRIMERA%20ERA/25dde6b6-8a75-473b-afa1-1c2287e9fade.png
7e82a9b0-3cf1-4b12-b048-ee1c4aa89cfe,108 - 126 / PRIMERA EDICION,FENOEISELF,2.0,3,,,,COLECCION: RAGNAROK,1,200,1,https://pub-77824f6d0d4542d282fa48605bce7479.r2.dev/cards/MYL/PRIMERA%20ERA/7e82a9b0-3cf1-4b12-b048-ee1c4aa89cfe.png
a4c38f8c-a33b-497b-b7b5-c6792e55f1d0,LPE4 305/320,FENOEISELF,2.0,3,,,,LEYENDAS PE 4.0,20,100,1,https://pub-77824f6d0d4542d282fa48605bce7479.r2.dev/cards/MYL/PRIMERA%20ERA/a4c38f8c-a33b-497b-b7b5-c6792e55f1d0.png
7f6f5f51-3bad-4e61-9fb9-830bb1aa3ba4,LPE4 228/320,FENRIR,2.0,4,,,,LEYENDAS PE 4.0,20,500,1,https://pub-77824f6d0d4542d282fa48605bce7479.r2.dev/cards/MYL/PRIMERA%20ERA/7f6f5f51-3bad-4e61-9fb9-830bb1aa3ba4.png
baf295b9-8407-4b93-9b3e-39d06ea1f8c0,CRPE-54-72,FENRIR,2.0,4,,,,KIT RACIALES PRIMERA ERA: LICANTROPO,2,2000,1,https://pub-77824f6d0d4542d282fa48605bce7479.r2.dev/cards/MYL/PRIMERA%20ERA/baf295b9-8407-4b93-9b3e-39d06ea1f8c0.png
ae18bc17-f442-4853-b9bb-fa6ff3979a8f,69 - 126 / PRIMERA EDICION,FENRIR,2.0,4,,,,COLECCION: EL RETO,1,100,1,https://pub-77824f6d0d4542d282fa48605bce7479.r2.dev/cards/MYL/PRIMERA%20ERA/ae18bc17-f442-4853-b9bb-fa6ff3979a8f.png
f89b5c34-f20e-44ef-ba6a-19f4f2d50dad,LPE23 070/300,FENRIR,2.0,4,,,,LEYENDAS PRIMERA ERA 3.0,26,400,7,https://pub-77824f6d0d4542d282fa48605bce7479.r2.dev/cards/MYL/PRIMERA%20ERA/f89b5c34-f20e-44ef-ba6a-19f4f2d50dad.png
eb648bfc-a070-4061-a103-5c0349569247,17 - 170 / PRIMERA EDICION,FENRIR,2.0,4,,,,COLECCION: COFRADIA,1,100,1,https://pub-77824f6d0d4542d282fa48605bce7479.r2.dev/cards/MYL/PRIMERA%20ERA/eb648bfc-a070-4061-a103-5c0349569247.png
cfbd1791-8e41-48f5-9c5e-8df3b6f0bed6,LPE4 59/320,FENRISULFR,5.0,6,,,,LEYENDAS PE 4.0,23,3500,7,https://pub-77824f6d0d4542d282fa48605bce7479.r2.dev/cards/MYL/PRIMERA%20ERA/cfbd1791-8e41-48f5-9c5e-8df3b6f0bed6.png
89b56448-4163-459b-9447-76c0f5bfb2b3,MPAT 09/18,FESTIN HUNO,,0,,,,MUNDOS PERDIDOS: HORDA ESTEPARIA,38,2500,6,https://pub-77824f6d0d4542d282fa48605bce7479.r2.dev/pending-versions/b457c3e0-41ed-4a6b-8d6b-438846ff4e1d/1785700765333-0.webp
fe7c1f03-d98f-4636-89a4-7e282bcbfeed,79 - 126 / PRIMERA EDICION,FETICHE,5.0,0,,,,COLECCION: MUNDO GOTICO,1,1000,1,https://pub-77824f6d0d4542d282fa48605bce7479.r2.dev/cards/MYL/PRIMERA%20ERA/fe7c1f03-d98f-4636-89a4-7e282bcbfeed.png
fddce8f1-6a67-4af4-9cf1-60ddcc7a34fa,EXPE - 84 - 120,FETICHE,5.0,0,,,,KIT EXTENSION PRIMERA ERA: COFRADIA,10,1000,4,https://pub-77824f6d0d4542d282fa48605bce7479.r2.dev/cards/MYL/PRIMERA%20ERA/fddce8f1-6a67-4af4-9cf1-60ddcc7a34fa.png
7f7e3b38-80fc-442e-bdfb-5d5eef999dda,66 - 170 / PRIMERA EDICION,FETICHE,5.0,0,,,,COLECCION: COFRADIA,1,1000,1,https://pub-77824f6d0d4542d282fa48605bce7479.r2.dev/cards/MYL/PRIMERA%20ERA/7f7e3b38-80fc-442e-bdfb-5d5eef999dda.png
91cdd536-7607-4a7c-abe1-ddb2e06c60f1,HPE 08/21,FIEBRE CANIVAL,2.0,0,,,,VIGILANTES DE LA NOCHE,11,2000,2,https://pub-77824f6d0d4542d282fa48605bce7479.r2.dev/cards/MYL/PRIMERA%20ERA/91cdd536-7607-4a7c-abe1-ddb2e06c60f1.png
f20a9aab-4b14-428d-b4f5-8b893f53ec30,LPE23 122/300,FINAL DEL ARCOIRIS,,0,,,,LEYENDAS PRIMERA ERA 3.0,25,900,4,https://pub-77824f6d0d4542d282fa48605bce7479.r2.dev/cards/MYL/PRIMERA%20ERA/f20a9aab-4b14-428d-b4f5-8b893f53ec30.png
bc1ad75f-190b-46d4-a866-061f15c1fae4,LPE4 110/320,FIONN,4.0,4,,,,LEYENDAS PE 4.0,53,400,6,https://pub-77824f6d0d4542d282fa48605bce7479.r2.dev/cards/MYL/PRIMERA%20ERA/bc1ad75f-190b-46d4-a866-061f15c1fae4.png
4ef5d584-1ca1-4c9a-8d0f-65d4e0cdfb83,CRPE3 - 12 - 36,FLAMBERGE,2.0,0,,,,KIT RACIALES PRIMERA ERA: CABALLERO,10,1500,2,https://pub-77824f6d0d4542d282fa48605bce7479.r2.dev/cards/MYL/PRIMERA%20ERA/4ef5d584-1ca1-4c9a-8d0f-65d4e0cdfb83.png
ebbd44b5-bf87-4f5a-9dd3-df78d5fe2af7,EDICION LIMITADA JO,FLAMBERGE SUIZA,,0,,,,,1,6000,1,https://pub-77824f6d0d4542d282fa48605bce7479.r2.dev/pending-versions/a09cd627-0dac-4af7-96c4-4501b80b8882/1784004115024-0.webp
ec748f62-3ddb-4311-b890-3a85723c556c,TKPE1 - 08 - 13,FLECHAS ARDIENTES,2.0,0,,,,TOOLKIT PRIMERA ERA: WALKIRIAS,6,1500,3,https://pub-77824f6d0d4542d282fa48605bce7479.r2.dev/cards/MYL/PRIMERA%20ERA/ec748f62-3ddb-4311-b890-3a85723c556c.png
05f4c13c-f3d2-45cf-b7c9-94f903222d88,TKPE2 - 05 - 13,FLECHERO,1.0,0,,,,TOOLKIT: ODIN,8,2000,5,https://pub-77824f6d0d4542d282fa48605bce7479.r2.dev/cards/MYL/PRIMERA%20ERA/05f4c13c-f3d2-45cf-b7c9-94f903222d88.png
67350e03-6553-4442-bde5-571a60a4421e,EDICIÓN LIMITADA,FLECHERO,1.0,0,,,,,1,8000,1,https://pub-77824f6d0d4542d282fa48605bce7479.r2.dev/pending-versions/a09cd627-0dac-4af7-96c4-4501b80b8882/1790467361985-0.webp
f8ad9269-04f7-46b9-96a6-bfbfb92d0bb4,005 - 126 / PRIMERA ERA,FLECHERO,1.0,0,,,,COLECCION: LA IRA DEL NAHUAL,7,300,3,https://pub-77824f6d0d4542d282fa48605bce7479.r2.dev/cards/MYL/PRIMERA%20ERA/f8ad9269-04f7-46b9-96a6-bfbfb92d0bb4.png
dde1b3b4-6ec2-4946-b582-70ebe736f00e,LPE23 205/300,FLECHERO,1.0,0,,,,LEYENDAS PRIMERA ERA 3.0,5,300,2,https://pub-77824f6d0d4542d282fa48605bce7479.r2.dev/cards/MYL/PRIMERA%20ERA/dde1b3b4-6ec2-4946-b582-70ebe736f00e.png
5428bf6d-4bb4-45f3-8e82-e978c8aaa7c1,EDICIÓN LIMITADA 20 AÑOS,FLECHERO,1.0,0,,,,,1,6500,1,https://pub-77824f6d0d4542d282fa48605bce7479.r2.dev/pending-versions/a09cd627-0dac-4af7-96c4-4501b80b8882/1790467522554-0.webp
9faa0f1b-6655-463e-ba48-3e7b68b532d3,SECRETA-DORADA-03,FLECHERO,1.0,0,,,,LOOTBOX PRIMERA ERA 2024,6,4500,4,https://pub-77824f6d0d4542d282fa48605bce7479.r2.dev/cards/MYL/PRIMERA%20ERA/9faa0f1b-6655-463e-ba48-3e7b68b532d3.png
41250cca-09b5-4121-8bc5-f42e7e1440f3,LPE4 19/320,FLORES DE SANGRE,4.0,0,,,,LEYENDAS PE 4.0,19,2500,4,https://pub-77824f6d0d4542d282fa48605bce7479.r2.dev/cards/MYL/PRIMERA%20ERA/41250cca-09b5-4121-8bc5-f42e7e1440f3.png
1be487ed-e7dd-4433-ac41-332aeb4daf3d,HPE 04/21,FLORES DE SANGRE,4.0,0,,,,VIGILANTES DE LA NOCHE,8,1500,3,https://pub-77824f6d0d4542d282fa48605bce7479.r2.dev/cards/MYL/PRIMERA%20ERA/1be487ed-e7dd-4433-ac41-332aeb4daf3d.png
6b1d5be9-4fc9-4b65-b273-6284e287398c,EDICION LIMITADA JO,FLORES DE SANGRE,4.0,0,,,,,29,3500,7,https://pub-77824f6d0d4542d282fa48605bce7479.r2.dev/pending-versions/a09cd627-0dac-4af7-96c4-4501b80b8882/1783264676523-0.webp
d0f12bbd-25d7-4003-a2d5-d65005e32fc4,44 - 126 / PRIMERA EDICION,FORJA DE ENANOS,3.0,0,,,,COLECCION: RAGNAROK,4,3000,3,https://pub-77824f6d0d4542d282fa48605bce7479.r2.dev/cards/MYL/PRIMERA%20ERA/d0f12bbd-25d7-4003-a2d5-d65005e32fc4.png
45dde88b-3a0b-4276-9848-11ea2565034c,LPE23 041/300,FORMA DE JAGUAR,1.0,0,,,,LEYENDAS PRIMERA ERA 3.0,9,800,4,https://pub-77824f6d0d4542d282fa48605bce7479.r2.dev/cards/MYL/PRIMERA%20ERA/45dde88b-3a0b-4276-9848-11ea2565034c.png
df41baa6-ea12-4151-b070-2d3b4ef8d170,LPE4 131/320,FORMA DE JAGUAR,1.0,0,,,,LEYENDAS PE 4.0,48,600,7,https://pub-77824f6d0d4542d282fa48605bce7479.r2.dev/cards/MYL/PRIMERA%20ERA/df41baa6-ea12-4151-b070-2d3b4ef8d170.png
40ecd062-cc31-4095-ba99-76e0615778c0,MPV 10/18,FORMA DE LOBO,2.0,0,,,,MUNDOS PERDIDOS: LA SAGA DE VOLSUNG,2,1000,1,https://pub-77824f6d0d4542d282fa48605bce7479.r2.dev/cards/MYL/PRIMERA%20ERA/40ecd062-cc31-4095-ba99-76e0615778c0.png
eb91ef49-8749-4da6-9017-ce1cac7a9c11,EDICION LIMITADA PE25,FORMA DE OSO,4.0,0,,,,LOOTBOX PRIMERA ERA 2025,24,2000,6,https://pub-77824f6d0d4542d282fa48605bce7479.r2.dev/cards/MYL/PRIMERA%20ERA/eb91ef49-8749-4da6-9017-ce1cac7a9c11.png
de7c9985-4a7b-4b79-bd34-af985a5c9e7c,LPE4 125/320,FORMA DE OSO,4.0,0,,,,LEYENDAS PE 4.0,39,600,7,https://pub-77824f6d0d4542d282fa48605bce7479.r2.dev/cards/MYL/PRIMERA%20ERA/de7c9985-4a7b-4b79-bd34-af985a5c9e7c.png
6431aa54-9c5d-4cd9-86c0-3a7d9f0396ca,TKPE2 - 08 - 13,FORMA RAPAZ,2.0,0,,,,TOOLKIT: ODIN,5,1500,2,https://pub-77824f6d0d4542d282fa48605bce7479.r2.dev/cards/MYL/PRIMERA%20ERA/6431aa54-9c5d-4cd9-86c0-3a7d9f0396ca.png
65e9e015-e97d-44b0-b1d4-e57b08b2e81d,TKPE24 26/28,FORMA VOLADORA,5.0,0,,,,TOOLKIT PREMIUM PUERTAS DEL VALHALLA,6,3000,2,https://pub-77824f6d0d4542d282fa48605bce7479.r2.dev/cards/MYL/PRIMERA%20ERA/65e9e015-e97d-44b0-b1d4-e57b08b2e81d.png
fd6cf436-3158-45ac-81bc-2a364209e2a7,EDICION LIMITADA PE 2024,FORMA VOLADORA,5.0,0,,,,,21,4500,4,https://pub-77824f6d0d4542d282fa48605bce7479.r2.dev/pending-versions/a09cd627-0dac-4af7-96c4-4501b80b8882/1783272924156-0.webp
54f2237d-bf94-42db-8da9-5d8ead604fa1,TKPE25 05/28,FORMA VOLADORA,5.0,0,,,,TOOLKIT 2025: VALENTIA Y DESOLACION,34,1500,5,https://pub-77824f6d0d4542d282fa48605bce7479.r2.dev/cards/MYL/PRIMERA%20ERA/54f2237d-bf94-42db-8da9-5d8ead604fa1.png
dab0bd2d-b0d3-4feb-9e57-282a6a14c7b6,LPE4 83/320,FORMA VOLADORA,5.0,0,,,,LEYENDAS PE 4.0,4,2500,2,https://pub-77824f6d0d4542d282fa48605bce7479.r2.dev/cards/MYL/PRIMERA%20ERA/dab0bd2d-b0d3-4feb-9e57-282a6a14c7b6.png
9c2323bf-de24-4f73-9973-b9ff06061da9,PREMIUM LPE25 18,FORSETI,2.0,2,,,,LOOTBOX PRIMERA ERA 2025,20,1500,3,https://pub-77824f6d0d4542d282fa48605bce7479.r2.dev/cards/MYL/PRIMERA%20ERA/9c2323bf-de24-4f73-9973-b9ff06061da9.png
aba1d1f2-925c-48fe-b107-8048c0f0fa56,103 - 126 / PRIMERA EDICION,FORSETI,2.0,2,,,,COLECCION: RAGNAROK,1,100,1,https://pub-77824f6d0d4542d282fa48605bce7479.r2.dev/cards/MYL/PRIMERA%20ERA/aba1d1f2-925c-48fe-b107-8048c0f0fa56.png
430f2db7-f87a-49ec-97be-7a584705ff98,LPE23 275/300,FORSETI,2.0,2,,,,LEYENDAS PRIMERA ERA 3.0,10,100,1,https://pub-77824f6d0d4542d282fa48605bce7479.r2.dev/cards/MYL/PRIMERA%20ERA/430f2db7-f87a-49ec-97be-7a584705ff98.png
7748a638-0a4a-466f-8b44-096273639bdd,LPE4 307/320,FORSETI,2.0,2,,,,LEYENDAS PE 4.0,20,100,1,https://pub-77824f6d0d4542d282fa48605bce7479.r2.dev/cards/MYL/PRIMERA%20ERA/7748a638-0a4a-466f-8b44-096273639bdd.png
892e1922-4d7b-4309-a1ed-cc6072f1bacd,145 - 126 / PRIMERA EDICION,FRAGUA,1.0,0,,,,COLECCION: MUNDO GOTICO,1,100,1,https://pub-77824f6d0d4542d282fa48605bce7479.r2.dev/cards/MYL/PRIMERA%20ERA/892e1922-4d7b-4309-a1ed-cc6072f1bacd.png
f41e6481-69b3-457b-bbc0-1c271649df95,LPE23 030/300,FRESNO YGGDRASIL,6.0,0,,,,LEYENDAS PRIMERA ERA 3.0,11,1000,3,https://pub-77824f6d0d4542d282fa48605bce7479.r2.dev/cards/MYL/PRIMERA%20ERA/f41e6481-69b3-457b-bbc0-1c271649df95.png
d055c7f2-0753-4698-95b2-c4cc0e1b8788,LPE4 167/320,FRESNO YGGDRASIL,6.0,0,,,,LEYENDAS PE 4.0,41,600,7,https://pub-77824f6d0d4542d282fa48605bce7479.r2.dev/cards/MYL/PRIMERA%20ERA/d055c7f2-0753-4698-95b2-c4cc0e1b8788.png
1b25606b-9dfb-42b6-99d7-7318441507e7,LPE4 306/320,FREYA,1.0,2,,,,LEYENDAS PE 4.0,20,100,1,https://pub-77824f6d0d4542d282fa48605bce7479.r2.dev/cards/MYL/PRIMERA%20ERA/1b25606b-9dfb-42b6-99d7-7318441507e7.png
d788daf2-bf96-43b6-ae0c-b147b67ba978,CRPE-57-72,FRIBERT,3.0,3,,,,KIT RACIALES PRIMERA ERA: LICANTROPO,1,2000,1,https://pub-77824f6d0d4542d282fa48605bce7479.r2.dev/cards/MYL/PRIMERA%20ERA/d788daf2-bf96-43b6-ae0c-b147b67ba978.png
99a946df-ec6f-48bd-bf3d-90ed67bf0527,LPE4 283/320,FRIBERT,3.0,3,,,,LEYENDAS PE 4.0,20,100,1,https://pub-77824f6d0d4542d282fa48605bce7479.r2.dev/cards/MYL/PRIMERA%20ERA/99a946df-ec6f-48bd-bf3d-90ed67bf0527.png
49f36d9c-8878-4097-840f-29c71f8f01aa,LPE23 273/300,FRIGG,4.0,4,,,,LEYENDAS PRIMERA ERA 3.0,7,100,1,https://pub-77824f6d0d4542d282fa48605bce7479.r2.dev/cards/MYL/PRIMERA%20ERA/49f36d9c-8878-4097-840f-29c71f8f01aa.png
8a485b60-f3e7-4ce4-a8b6-b38a6d104ade,CRPE-44-72,FRIGG,4.0,4,,,,KIT RACIALES PRIMERA ERA: DIOS,4,1500,2,https://pub-77824f6d0d4542d282fa48605bce7479.r2.dev/cards/MYL/PRIMERA%20ERA/8a485b60-f3e7-4ce4-a8b6-b38a6d104ade.png
b447be93-ea9a-44b0-8a8f-fe5244b92a9f,63 - 126 / PRIMERA EDICION,FRIGG,4.0,4,,,,COLECCION: RAGNAROK,1,100,1,https://pub-77824f6d0d4542d282fa48605bce7479.r2.dev/cards/MYL/PRIMERA%20ERA/b447be93-ea9a-44b0-8a8f-fe5244b92a9f.png
d7fffead-8873-49df-8d70-fb20ade32f3d,CRPE4 83 - 117,FROLDAK,3.0,4,,,,KIT RACIALES PRIMERA ERA 2025: ABOMINACION,15,3000,3,https://pub-77824f6d0d4542d282fa48605bce7479.r2.dev/cards/MYL/PRIMERA%20ERA/d7fffead-8873-49df-8d70-fb20ade32f3d.png
dfad3291-fd22-474a-a5b3-e239f0fbf71e,LPE4 322/320,FRUTO SAGRADO,,0,,,,LEYENDAS PE 4.0,7,7500,2,https://pub-77824f6d0d4542d282fa48605bce7479.r2.dev/cards/MYL/PRIMERA%20ERA/dfad3291-fd22-474a-a5b3-e239f0fbf71e.png
0b82c5c9-ce65-43cb-9d70-20faee7b52a8,LPE4 169/320,FRUTO SAGRADO,,0,,,,LEYENDAS PE 4.0,57,800,7,https://pub-77824f6d0d4542d282fa48605bce7479.r2.dev/cards/MYL/PRIMERA%20ERA/0b82c5c9-ce65-43cb-9d70-20faee7b52a8.png
f091b2d2-4d0f-4b57-8a5d-f47556961a49,EDICION LIMITADA JO,FRUTO SAGRADO,,0,,,,,10,6000,4,https://pub-77824f6d0d4542d282fa48605bce7479.r2.dev/pending-versions/a09cd627-0dac-4af7-96c4-4501b80b8882/1783264405018-0.webp
3e7a074f-d977-411f-95c9-0592dfbdf72d,LPE23 121/300,FRUTO SAGRADO,,0,,,,LEYENDAS PRIMERA ERA 3.0,17,1000,4,https://pub-77824f6d0d4542d282fa48605bce7479.r2.dev/cards/MYL/PRIMERA%20ERA/3e7a074f-d977-411f-95c9-0592dfbdf72d.png
4d386cbb-cdaf-44ba-9b0e-b3c21bc09510,112 - 236 / PRIMERA EDICION,FU,4.0,6,,,,COLECCION: ESPIRITU DEL DRAGON,1,500,1,https://pub-77824f6d0d4542d282fa48605bce7479.r2.dev/cards/MYL/PRIMERA%20ERA/4d386cbb-cdaf-44ba-9b0e-b3c21bc09510.png
6994eb0b-4e37-48c5-9177-2765ef5c3633,LPE4 153/320,FU,4.0,6,,,,LEYENDAS PE 4.0,35,1000,5,https://pub-77824f6d0d4542d282fa48605bce7479.r2.dev/cards/MYL/PRIMERA%20ERA/6994eb0b-4e37-48c5-9177-2765ef5c3633.png
5233c52f-fb1b-423b-aaa3-365f939a42ca,LPE23 249/300,FU HI,1.0,0,,,,LEYENDAS PRIMERA ERA 3.0,3,100,1,https://pub-77824f6d0d4542d282fa48605bce7479.r2.dev/cards/MYL/PRIMERA%20ERA/5233c52f-fb1b-423b-aaa3-365f939a42ca.png
57b9d9fc-1db0-4e77-9cd8-3c3c10c2707f,164 - 126 / PRIMERA EDICION,FU HI,1.0,0,,,,COLECCION: EL RETO,1,100,1,https://pub-77824f6d0d4542d282fa48605bce7479.r2.dev/cards/MYL/PRIMERA%20ERA/57b9d9fc-1db0-4e77-9cd8-3c3c10c2707f.png
bafaa963-7aec-4df7-8d7f-7586fe3eb67d,LPE4 39/320,FU HSI,5.0,4,,,,LEYENDAS PE 4.0,23,3000,5,https://pub-77824f6d0d4542d282fa48605bce7479.r2.dev/cards/MYL/PRIMERA%20ERA/bafaa963-7aec-4df7-8d7f-7586fe3eb67d.png
e7cf79ed-4be4-4e03-8bee-161d0646aa17,CRPE5 74 - 84,FU HSI,5.0,4,,,,KIT RACIALES PRIMERA ERA 2025: XIAN,4,3000,1,https://pub-77824f6d0d4542d282fa48605bce7479.r2.dev/cards/MYL/PRIMERA%20ERA/e7cf79ed-4be4-4e03-8bee-161d0646aa17.png
0d3a4714-c137-4670-8da3-f045b90a6e92,LPE23 053/300,FU HSI,5.0,4,,,,LEYENDAS PRIMERA ERA 3.0,18,1500,3,https://pub-77824f6d0d4542d282fa48605bce7479.r2.dev/cards/MYL/PRIMERA%20ERA/0d3a4714-c137-4670-8da3-f045b90a6e92.png
55c93555-4295-4545-a877-67b57cd1e090,44 - 236 / PRIMERA EDICION,FU XI,3.0,3,,,,COLECCION: ESPIRITU DEL DRAGON,2,500,2,https://pub-77824f6d0d4542d282fa48605bce7479.r2.dev/cards/MYL/PRIMERA%20ERA/55c93555-4295-4545-a877-67b57cd1e090.png
ca4c8f37-970e-4c29-a5cc-95fa3bc749ad,CRPE2-73-84,FU XI,3.0,3,,,,KIT RACIALES PRIMERA ERA: XIAN,2,1500,2,https://pub-77824f6d0d4542d282fa48605bce7479.r2.dev/cards/MYL/PRIMERA%20ERA/ca4c8f37-970e-4c29-a5cc-95fa3bc749ad.png
e7c645c4-bb94-4f76-b8d3-be8adf194e98,83 - 126 / PRIMERA EDICION,FUENTE DE HVERGELMIR,,0,,,,COLECCION: RAGNAROK,3,1500,2,https://pub-77824f6d0d4542d282fa48605bce7479.r2.dev/cards/MYL/PRIMERA%20ERA/e7c645c4-bb94-4f76-b8d3-be8adf194e98.png
f13de9d0-4494-4ca3-9d0a-4a78afde7422,LPE23 279/300,FUENTE DE MIMIR,4.0,0,,,,LEYENDAS PRIMERA ERA 3.0,22,300,2,https://pub-77824f6d0d4542d282fa48605bce7479.r2.dev/cards/MYL/PRIMERA%20ERA/f13de9d0-4494-4ca3-9d0a-4a78afde7422.png
2248011e-b45e-44fc-b420-e8529daf0294,TKPE2 - 07 - 13,FUENTE DE MIMIR,4.0,0,,,,TOOLKIT: ODIN,8,2000,5,https://pub-77824f6d0d4542d282fa48605bce7479.r2.dev/cards/MYL/PRIMERA%20ERA/2248011e-b45e-44fc-b420-e8529daf0294.png
9f6dc9f8-5d11-46e4-91b1-6546705eb775,77 - 126 / PRIMERA EDICION,FUENTE DE MIMIR,4.0,0,,,,COLECCION: RAGNAROK,13,1500,4,https://pub-77824f6d0d4542d282fa48605bce7479.r2.dev/cards/MYL/PRIMERA%20ERA/9f6dc9f8-5d11-46e4-91b1-6546705eb775.png
8feedcc3-ba32-416b-bee9-751f49058f20,81 - 126 / PRIMERA EDICION,FUENTE DE URD,3.0,0,,,,,4,6000,3,https://pub-77824f6d0d4542d282fa48605bce7479.r2.dev/pending-versions/a09cd627-0dac-4af7-96c4-4501b80b8882/1783276979630-0.webp
1d388dcd-818b-4318-93c7-e4117a820758,81 - 126 / PRIMERA EDICION,FUENTE DE URD,3.0,0,,,,COLECCION: RAGNAROK,10,2000,4,https://pub-77824f6d0d4542d282fa48605bce7479.r2.dev/cards/MYL/PRIMERA%20ERA/1d388dcd-818b-4318-93c7-e4117a820758.png
810fc8f9-89bd-45b2-a04a-0989956acb1b,158 - 236 / PRIMERA EDICION,FUENTE DE URD,3.0,0,,,,LEYENDAS PRIMERA ERA 2.0,2,4000,1,https://pub-77824f6d0d4542d282fa48605bce7479.r2.dev/cards/MYL/PRIMERA%20ERA/810fc8f9-89bd-45b2-a04a-0989956acb1b.png
563e629c-549c-41cd-a06a-b3daf8a17a29,29 - 236 / PRIMERA EDICION,FUERZA ABOMINABLE,,0,,,,LEYENDAS PRIMERA ERA 2.0,3,800,3,https://pub-77824f6d0d4542d282fa48605bce7479.r2.dev/cards/MYL/PRIMERA%20ERA/563e629c-549c-41cd-a06a-b3daf8a17a29.png
cc47fd3d-c650-4787-a057-2d81f43a4012,CRPE-12-72,FUERZA ABOMINABLE,,0,,,,KIT RACIALES PRIMERA ERA: ABOMINACION,1,2000,1,https://pub-77824f6d0d4542d282fa48605bce7479.r2.dev/cards/MYL/PRIMERA%20ERA/cc47fd3d-c650-4787-a057-2d81f43a4012.png
7bbeaa90-6c7c-45d6-b82d-50f0cc337058,LPE23 163/300,FUERZA ABOMINABLE,,0,,,,LEYENDAS PRIMERA ERA 3.0,21,1500,5,https://pub-77824f6d0d4542d282fa48605bce7479.r2.dev/cards/MYL/PRIMERA%20ERA/7bbeaa90-6c7c-45d6-b82d-50f0cc337058.png
4c28f5c1-96cb-4a92-9a73-fcc9b9cbef39,PROMO PE-07,FUERZA ABOMINABLE,,0,,,,LOOTBOX PRIMERA ERA 2024,4,5500,2,https://pub-77824f6d0d4542d282fa48605bce7479.r2.dev/cards/MYL/PRIMERA%20ERA/4c28f5c1-96cb-4a92-9a73-fcc9b9cbef39.png
4e8ebf59-9d5e-41b9-b1d5-cb838292e5f8,LPE23 293/300,FUJIN,2.0,1,,,,LEYENDAS PRIMERA ERA 3.0,10,100,1,https://pub-77824f6d0d4542d282fa48605bce7479.r2.dev/cards/MYL/PRIMERA%20ERA/4e8ebf59-9d5e-41b9-b1d5-cb838292e5f8.png
963e3869-d205-4237-b195-4552eefe8b4a,26 - 236 / PRIMERA EDICION,FUJIN,2.0,1,,,,COLECCION: ESPIRITU DEL DRAGON,3,200,2,https://pub-77824f6d0d4542d282fa48605bce7479.r2.dev/cards/MYL/PRIMERA%20ERA/963e3869-d205-4237-b195-4552eefe8b4a.png
2f807bbc-befa-403a-96d4-b2522423acf3,CRPE2-66-84,FUKURUKUJO,3.0,3,,,,KIT RACIALES PRIMERA ERA: KAMI,1,2000,1,https://pub-77824f6d0d4542d282fa48605bce7479.r2.dev/cards/MYL/PRIMERA%20ERA/2f807bbc-befa-403a-96d4-b2522423acf3.png
57bcb876-ec7e-4fb4-a8d9-2dc1687ce124,8 - 236 / PRIMERA EDICION,FUKURUKUJO,3.0,3,,,,COLECCION: ESPIRITU DEL DRAGON,4,100,1,https://pub-77824f6d0d4542d282fa48605bce7479.r2.dev/cards/MYL/PRIMERA%20ERA/57bcb876-ec7e-4fb4-a8d9-2dc1687ce124.png
f5d0623f-922d-4bd4-b8b5-fbe6a63a2e24,CRPE5 62 - 84,FUKURUKUJO,3.0,3,,,,KIT RACIALES PRIMERA ERA 2025: KAMI,13,2500,2,https://pub-77824f6d0d4542d282fa48605bce7479.r2.dev/cards/MYL/PRIMERA%20ERA/f5d0623f-922d-4bd4-b8b5-fbe6a63a2e24.png
b746d986-cf13-4b1a-9c39-ac947d57a40a,LPE23 277/300,FUNERAL VIKINGO,3.0,0,,,,LEYENDAS PRIMERA ERA 3.0,1,100,1,https://pub-77824f6d0d4542d282fa48605bce7479.r2.dev/cards/MYL/PRIMERA%20ERA/b746d986-cf13-4b1a-9c39-ac947d57a40a.png
d62f83ab-b59f-400e-a948-ecb73f90907d,84 - 126 / PRIMERA EDICION,FUNERAL VIKINGO,3.0,0,,,,COLECCION: RAGNAROK,1,100,1,https://pub-77824f6d0d4542d282fa48605bce7479.r2.dev/cards/MYL/PRIMERA%20ERA/d62f83ab-b59f-400e-a948-ecb73f90907d.png
1b865382-2167-40a8-9292-c710df10c7b3,PREMIUM PE-013,FUTAKUCHI-ONNA,2.0,2,,,,LOOTBOX PRIMERA ERA 2024,4,3500,2,https://pub-77824f6d0d4542d282fa48605bce7479.r2.dev/cards/MYL/PRIMERA%20ERA/1b865382-2167-40a8-9292-c710df10c7b3.png
2e08620b-5006-423e-a091-cb97224a7e9c,CRPE5 49 - 84,FUTAKUCHI-ONNA,2.0,2,,,,KIT RACIALES PRIMERA ERA 2025: CRIATURAS,5,2500,2,https://pub-77824f6d0d4542d282fa48605bce7479.r2.dev/cards/MYL/PRIMERA%20ERA/2e08620b-5006-423e-a091-cb97224a7e9c.png
78078713-4337-4ecc-8522-dccca8ac3d02,LPE4 209/320,FUTAKUCHI-ONNA,2.0,2,,,,LEYENDAS PE 4.0,38,600,5,https://pub-77824f6d0d4542d282fa48605bce7479.r2.dev/cards/MYL/PRIMERA%20ERA/78078713-4337-4ecc-8522-dccca8ac3d02.png
72726d89-4d25-49e6-a14c-e2dbbcb93d76,EXPE - 105 - 120,FUTAKUCHI-ONNA,2.0,2,,,,KIT EXTENSION PRIMERA ERA: ESPIRITU DEL DRAGON,4,2500,2,https://pub-77824f6d0d4542d282fa48605bce7479.r2.dev/cards/MYL/PRIMERA%20ERA/72726d89-4d25-49e6-a14c-e2dbbcb93d76.png
1f289bbd-75ca-4de2-9332-285d818e95c2,HPE 17/21,FUZANGLONG,2.0,2,,,,VIGILANTES DE LA NOCHE,17,2000,2,https://pub-77824f6d0d4542d282fa48605bce7479.r2.dev/cards/MYL/PRIMERA%20ERA/1f289bbd-75ca-4de2-9332-285d818e95c2.png
36e2d203-5301-47de-851b-2aa880e3369d,CRPE5 54 - 84,FUZANGLONG,2.0,2,,,,KIT RACIALES PRIMERA ERA 2025: CRIATURAS,10,2000,1,https://pub-77824f6d0d4542d282fa48605bce7479.r2.dev/cards/MYL/PRIMERA%20ERA/36e2d203-5301-47de-851b-2aa880e3369d.png
561100c7-225c-4e98-9a0f-55d2983f4dd6,CRPE5 06 - 84,GAHERIS,2.0,2,,,,KIT RACIALES PRIMERA ERA 2025: CABALLERO,3,2000,2,https://pub-77824f6d0d4542d282fa48605bce7479.r2.dev/cards/MYL/PRIMERA%20ERA/561100c7-225c-4e98-9a0f-55d2983f4dd6.png
34c51312-9007-4e2e-bc0e-c9e7f6bc4f37,MPA-03-18,GAHERIS,2.0,2,,,,MUNDOS PERDIDOS: LEYENDAS DE AVALON,29,2000,6,https://pub-77824f6d0d4542d282fa48605bce7479.r2.dev/cards/MYL/PRIMERA%20ERA/34c51312-9007-4e2e-bc0e-c9e7f6bc4f37.png
094ee701-6605-428f-b6ee-5afba8146831,TKPE2 - 02 - 13,GALDAR,4.0,0,,,,TOOLKIT: ODIN,2,500,2,https://pub-77824f6d0d4542d282fa48605bce7479.r2.dev/cards/MYL/PRIMERA%20ERA/094ee701-6605-428f-b6ee-5afba8146831.png
41aae401-14d1-4723-8e7c-2353bbc1547d,3 - 126 / PRIMERA EDICION,GALDAR,4.0,0,,,,COLECCION: RAGNAROK,13,600,5,https://pub-77824f6d0d4542d282fa48605bce7479.r2.dev/cards/MYL/PRIMERA%20ERA/41aae401-14d1-4723-8e7c-2353bbc1547d.png
63258e5f-521a-4685-98a1-2e206e9ae94b,LPE23 095/300,GALDAR,4.0,0,,,,LEYENDAS PRIMERA ERA 3.0,31,600,7,https://pub-77824f6d0d4542d282fa48605bce7479.r2.dev/cards/MYL/PRIMERA%20ERA/63258e5f-521a-4685-98a1-2e206e9ae94b.png
7a7dafc1-ef4a-4c00-bdde-58e485da9d70,LPE23 004/300,GALDAR,4.0,0,,,,LEYENDAS PRIMERA ERA 3.0,9,10500,7,https://pub-77824f6d0d4542d282fa48605bce7479.r2.dev/cards/MYL/PRIMERA%20ERA/7a7dafc1-ef4a-4c00-bdde-58e485da9d70.png
cba8f9fb-71e1-4b5a-a141-6b543c3b4066,CRPE5 10 - 84,GALEHAUT,5.0,5,,,,KIT RACIALES PRIMERA ERA 2025: CABALLERO,5,2500,4,https://pub-77824f6d0d4542d282fa48605bce7479.r2.dev/cards/MYL/PRIMERA%20ERA/cba8f9fb-71e1-4b5a-a141-6b543c3b4066.png
f6297bb6-4021-4a64-97e6-016b3e740a65,XINNIAN 29/32,GALLO,,0,,,,XINNIAN: ANO DEL DRAGON,3,1000,1,https://pub-77824f6d0d4542d282fa48605bce7479.r2.dev/cards/MYL/PRIMERA%20ERA/f6297bb6-4021-4a64-97e6-016b3e740a65.png
2f2a8d19-e609-461e-8520-6c8ad9d6ef01,XINNIAN 2 28/30,GALLO,,0,,,,XINNIAN 2: ANO DE LA SERPIENTE,10,1000,2,https://pub-77824f6d0d4542d282fa48605bce7479.r2.dev/cards/MYL/PRIMERA%20ERA/2f2a8d19-e609-461e-8520-6c8ad9d6ef01.png
8b8591f1-a1f6-4e30-b4c3-a99cca5fbc19,XINNIAN 3 28/30,GALLO,,0,,,,XINNIAN 3: ANO DEL CABALLO,15,1000,2,https://pub-77824f6d0d4542d282fa48605bce7479.r2.dev/cards/MYL/PRIMERA%20ERA/8b8591f1-a1f6-4e30-b4c3-a99cca5fbc19.png
bd04feb9-a19f-4cb7-bc16-8198b9f20ce8,EXPE - 58 - 120,GALVARINO,4.0,3,,,,KIT EXTENSION PRIMERA ERA: LA IRA DEL NAHUAL,4,2000,2,https://pub-77824f6d0d4542d282fa48605bce7479.r2.dev/cards/MYL/PRIMERA%20ERA/bd04feb9-a19f-4cb7-bc16-8198b9f20ce8.png
da47cb6f-3cee-4a3a-96d3-05fb5d364a00,LPE23 049/300,GAMBANTEIN,3.0,0,,,,LEYENDAS PRIMERA ERA 3.0,22,900,5,https://pub-77824f6d0d4542d282fa48605bce7479.r2.dev/cards/MYL/PRIMERA%20ERA/da47cb6f-3cee-4a3a-96d3-05fb5d364a00.png
7d4a10fc-0ebf-44c8-b97c-66c2fd2e2e47,LPE4 255/320,GAMBANTEIN,3.0,0,,,,LEYENDAS PE 4.0,22,100,2,https://pub-77824f6d0d4542d282fa48605bce7479.r2.dev/cards/MYL/PRIMERA%20ERA/7d4a10fc-0ebf-44c8-b97c-66c2fd2e2e47.png
13756848-bbd1-4211-9cbb-8004cdfb8242,60 - 126 / PRIMERA EDICION,GAMBANTEIN,3.0,0,,,,COLECCION: RAGNAROK,1,100,1,https://pub-77824f6d0d4542d282fa48605bce7479.r2.dev/cards/MYL/PRIMERA%20ERA/13756848-bbd1-4211-9cbb-8004cdfb8242.png
279100ff-0342-420c-ba30-ef66894f6600,LPE23 089/300,GANDALF,3.0,4,,,,LEYENDAS PRIMERA ERA 3.0,26,700,7,https://pub-77824f6d0d4542d282fa48605bce7479.r2.dev/cards/MYL/PRIMERA%20ERA/279100ff-0342-420c-ba30-ef66894f6600.png
abd99f8c-68f3-4158-ae4a-f267a399359b,27 - 126 / PRIMERA EDICION,GANDALF,3.0,4,,,,COLECCION: RAGNAROK,5,200,1,https://pub-77824f6d0d4542d282fa48605bce7479.r2.dev/cards/MYL/PRIMERA%20ERA/abd99f8c-68f3-4158-ae4a-f267a399359b.png
a97126be-baf6-4d08-ae6e-c9245a307680,CRPE-07-72,GANDALF,3.0,4,,,,KIT RACIALES PRIMERA ERA: ABOMINACION,8,1000,4,https://pub-77824f6d0d4542d282fa48605bce7479.r2.dev/cards/MYL/PRIMERA%20ERA/a97126be-baf6-4d08-ae6e-c9245a307680.png
6189b352-c7ed-48b7-980d-cd7cdef22949,PROMOCIONAL LPE25 01,GARETH,2.0,3,,,,LOOTBOX PRIMERA ERA 2025,31,2000,5,https://pub-77824f6d0d4542d282fa48605bce7479.r2.dev/cards/MYL/PRIMERA%20ERA/6189b352-c7ed-48b7-980d-cd7cdef22949.png
809d8cf5-08a0-4934-852e-65eaaab27eb7,MPA-02-18,GARETH,2.0,3,,,,MUNDOS PERDIDOS: LEYENDAS DE AVALON,13,1500,4,https://pub-77824f6d0d4542d282fa48605bce7479.r2.dev/cards/MYL/PRIMERA%20ERA/809d8cf5-08a0-4934-852e-65eaaab27eb7.png
a48f716b-feab-4b33-b8c8-58d3719b17ee,LPE4 16/320,GARETH,2.0,3,,,,LEYENDAS PE 4.0,20,2500,6,https://pub-77824f6d0d4542d282fa48605bce7479.r2.dev/cards/MYL/PRIMERA%20ERA/a48f716b-feab-4b33-b8c8-58d3719b17ee.png
6e654040-21cf-4aed-ae0a-04eb2f21b7e8,CRPE5 03 - 84,GARETH,2.0,3,,,,KIT RACIALES PRIMERA ERA 2025: CABALLERO,18,1500,3,https://pub-77824f6d0d4542d282fa48605bce7479.r2.dev/cards/MYL/PRIMERA%20ERA/6e654040-21cf-4aed-ae0a-04eb2f21b7e8.png
56a9a18a-a88c-4b87-81f0-7fb2b0720105,CRPE4 81 - 117,GARM,3.0,2,,,,KIT RACIALES PRIMERA ERA 2025: ABOMINACION,16,2000,3,https://pub-77824f6d0d4542d282fa48605bce7479.r2.dev/cards/MYL/PRIMERA%20ERA/56a9a18a-a88c-4b87-81f0-7fb2b0720105.png
fe9fcfcc-ca66-4125-a29a-0e18340f2127,23 - 126 / PRIMERA EDICION,GARM,3.0,2,,,,COLECCION: RAGNAROK,4,800,2,https://pub-77824f6d0d4542d282fa48605bce7479.r2.dev/cards/MYL/PRIMERA%20ERA/fe9fcfcc-ca66-4125-a29a-0e18340f2127.png
0b9a10bc-e763-4492-86c6-413add4a529d,ANIVERSARIO LPE25 16,GARM,3.0,2,,,,,1,5000,1,https://pub-77824f6d0d4542d282fa48605bce7479.r2.dev/cards/MYL/PRIMERA%20ERA/0b9a10bc-e763-4492-86c6-413add4a529d.png
c10febf2-bd49-456e-b37e-e8decd4e9f21,CRPE-05-72,GARM,3.0,2,,,,KIT RACIALES PRIMERA ERA: ABOMINACION,2,1000,2,https://pub-77824f6d0d4542d282fa48605bce7479.r2.dev/cards/MYL/PRIMERA%20ERA/c10febf2-bd49-456e-b37e-e8decd4e9f21.png
ae3e7a13-061e-4613-a795-035134d0676c,CRPE5 45 - 84,GEISHA,3.0,1,,,,KIT RACIALES PRIMERA ERA 2025: CAMPEON,16,2500,2,https://pub-77824f6d0d4542d282fa48605bce7479.r2.dev/cards/MYL/PRIMERA%20ERA/ae3e7a13-061e-4613-a795-035134d0676c.png
a0d9eacd-19d6-4e1d-b8be-8cabdfabc004,TKPE26 14/32,GENESIS TROLL,1.0,0,,,,TOOLKIT 2026: ANCESTRAL,23,2500,7,https://pub-77824f6d0d4542d282fa48605bce7479.r2.dev/cards/MYL/PRIMERA%20ERA/a0d9eacd-19d6-4e1d-b8be-8cabdfabc004.png
1c85c058-77b9-4a50-b458-e8a645645bd7,LPE23 069/300,GENTE LUNAR,2.0,2,,,,LEYENDAS PRIMERA ERA 3.0,23,1000,6,https://pub-77824f6d0d4542d282fa48605bce7479.r2.dev/cards/MYL/PRIMERA%20ERA/1c85c058-77b9-4a50-b458-e8a645645bd7.png
ab8c9672-e234-410d-a255-9f5dd026cd3a,CRPE-58-72,GENTE LUNAR,2.0,2,,,,KIT RACIALES PRIMERA ERA: LICANTROPO,1,3000,1,https://pub-77824f6d0d4542d282fa48605bce7479.r2.dev/cards/MYL/PRIMERA%20ERA/ab8c9672-e234-410d-a255-9f5dd026cd3a.png
b3f49ba8-50e5-481e-8c18-7b6e917dc8af,EDICIÓN LIMITADA JO,GENTE LUNAR,2.0,2,,,,,14,5000,5,https://pub-77824f6d0d4542d282fa48605bce7479.r2.dev/pending-versions/a09cd627-0dac-4af7-96c4-4501b80b8882/1787878353335-0.webp
5b62cd5f-b2d7-432d-a1f3-20ce2d9d1273,CRPE5 50 - 84,GEON SI,2.0,3,,,,KIT RACIALES PRIMERA ERA 2025: CRIATURAS,11,3000,2,https://pub-77824f6d0d4542d282fa48605bce7479.r2.dev/cards/MYL/PRIMERA%20ERA/5b62cd5f-b2d7-432d-a1f3-20ce2d9d1273.png
f0f8de64-64c2-4595-8df4-e761c1e82d9e,CRPE2-50-84,GEON SI,2.0,3,,,,KIT RACIALES PRIMERA ERA: CRIATURAS,7,2500,2,https://pub-77824f6d0d4542d282fa48605bce7479.r2.dev/cards/MYL/PRIMERA%20ERA/f0f8de64-64c2-4595-8df4-e761c1e82d9e.png
35df7018-535f-40a4-966a-8f8c8ca5b3e5,102 - 236 / PRIMERA EDICION,GEON SI,2.0,3,,,,COLECCION: ESPIRITU DEL DRAGON,2,300,1,https://pub-77824f6d0d4542d282fa48605bce7479.r2.dev/cards/MYL/PRIMERA%20ERA/35df7018-535f-40a4-966a-8f8c8ca5b3e5.png
2d100cb8-c2a7-4f55-914d-9b016b319783,24 - 126 / PRIMERA EDICION,GERI Y FREKI,2.0,6,,,,COLECCION: RAGNAROK,5,400,2,https://pub-77824f6d0d4542d282fa48605bce7479.r2.dev/cards/MYL/PRIMERA%20ERA/2d100cb8-c2a7-4f55-914d-9b016b319783.png
41e3de6d-ccf3-4f3c-954d-6da145af2553,CRPE-01-72,GERI Y FREKI,2.0,6,,,,KIT RACIALES PRIMERA ERA: ABOMINACION,4,2000,2,https://pub-77824f6d0d4542d282fa48605bce7479.r2.dev/cards/MYL/PRIMERA%20ERA/41e3de6d-ccf3-4f3c-954d-6da145af2553.png
eededea0-4e91-406b-9303-83d72283ff16,MPRE 08/18,GERONIMO,3.0,3,,,,MUNDOS PERDIDOS: NUBE ROJA,15,2000,4,https://pub-77824f6d0d4542d282fa48605bce7479.r2.dev/cards/MYL/PRIMERA%20ERA/eededea0-4e91-406b-9303-83d72283ff16.png
040c52e0-fbfe-41a9-a303-1b54e7612b59,LBPE24-07-21,GHOUL,1.0,1,,,,LOOTBOX PRIMERA ERA 2024,8,2500,3,https://pub-77824f6d0d4542d282fa48605bce7479.r2.dev/cards/MYL/PRIMERA%20ERA/040c52e0-fbfe-41a9-a303-1b54e7612b59.png
94ac6bf8-e2dc-4ea7-b443-147f0fe803bd,17 - 126 / PRIMERA EDICION,GIGANTES DE FUEGO,3.0,5,,,,COLECCION: RAGNAROK,6,1500,3,https://pub-77824f6d0d4542d282fa48605bce7479.r2.dev/cards/MYL/PRIMERA%20ERA/94ac6bf8-e2dc-4ea7-b443-147f0fe803bd.png
4ec990c9-dd20-4e89-a908-d3afd10dc9b9,CRPE-02-72,GIGANTES DE FUEGO,3.0,5,,,,KIT RACIALES PRIMERA ERA: ABOMINACION,6,1500,3,https://pub-77824f6d0d4542d282fa48605bce7479.r2.dev/cards/MYL/PRIMERA%20ERA/4ec990c9-dd20-4e89-a908-d3afd10dc9b9.png
c43cf960-7c13-4b3b-808a-e74279aa52dc,CRPE-04-72,GIGANTES DE HIELO,4.0,4,,,,KIT RACIALES PRIMERA ERA: ABOMINACION,1,1000,1,https://pub-77824f6d0d4542d282fa48605bce7479.r2.dev/cards/MYL/PRIMERA%20ERA/c43cf960-7c13-4b3b-808a-e74279aa52dc.png
069bc94e-f7ed-423c-b680-d2eccb48171b,19 - 126 / PRIMERA EDICION,GIGANTES DE HIELO,4.0,4,,,,COLECCION: RAGNAROK,1,1500,1,https://pub-77824f6d0d4542d282fa48605bce7479.r2.dev/cards/MYL/PRIMERA%20ERA/069bc94e-f7ed-423c-b680-d2eccb48171b.png
0ae38b79-4df3-471e-ae3d-4b6962f07503,LPE4 268/320,GILGAMESH,2.0,3,,,,LEYENDAS PE 4.0,20,100,1,https://pub-77824f6d0d4542d282fa48605bce7479.r2.dev/cards/MYL/PRIMERA%20ERA/0ae38b79-4df3-471e-ae3d-4b6962f07503.png
a185ea29-efa2-4b5e-a157-e64d69c980b2,PROMO PE-14,GILGAMESH,2.0,3,,,,LOOTBOX PRIMERA ERA 2024,6,4000,2,https://pub-77824f6d0d4542d282fa48605bce7479.r2.dev/cards/MYL/PRIMERA%20ERA/a185ea29-efa2-4b5e-a157-e64d69c980b2.png
ec6da0bc-0927-4cd4-9a99-df60c2b20b4a,ANIVERSARIO LPE25 01,GILGAMESH,2.0,3,,,,,2,5000,2,https://pub-77824f6d0d4542d282fa48605bce7479.r2.dev/cards/MYL/PRIMERA%20ERA/ec6da0bc-0927-4cd4-9a99-df60c2b20b4a.png
9759616f-6053-4713-85f3-04a9d0810281,CRPE3 - 07 - 36,GILGAMESH,2.0,3,,,,KIT RACIALES PRIMERA ERA: CABALLERO,14,2000,2,https://pub-77824f6d0d4542d282fa48605bce7479.r2.dev/cards/MYL/PRIMERA%20ERA/9759616f-6053-4713-85f3-04a9d0810281.png
be19bc1a-67a3-47a6-a5d6-e953daa4cd20,CRPE5 72 - 84,GION MATSURI,5.0,0,,,,KIT RACIALES PRIMERA ERA 2025: KAMI,9,3000,1,https://pub-77824f6d0d4542d282fa48605bce7479.r2.dev/cards/MYL/PRIMERA%20ERA/be19bc1a-67a3-47a6-a5d6-e953daa4cd20.png
e118deec-14c1-4ba0-bcc2-fba87882f727,CRPE5 34 - 84,GLASHTYN,3.0,3,,,,KIT RACIALES PRIMERA ERA 2025: FAERIE,8,2500,2,https://pub-77824f6d0d4542d282fa48605bce7479.r2.dev/cards/MYL/PRIMERA%20ERA/e118deec-14c1-4ba0-bcc2-fba87882f727.png
6d867c99-73ec-4a19-ab20-b60224decfef,MPV 08/18,GNA,4.0,4,,,,MUNDOS PERDIDOS: LA SAGA DE VOLSUNG,12,800,4,https://pub-77824f6d0d4542d282fa48605bce7479.r2.dev/cards/MYL/PRIMERA%20ERA/6d867c99-73ec-4a19-ab20-b60224decfef.png
0fc0e196-3f83-4095-983f-25ec460b6521,90 - 126 / PRIMERA EDICION,GNOMO,2.0,1,,,,COLECCION: EL RETO,1,100,1,https://pub-77824f6d0d4542d282fa48605bce7479.r2.dev/cards/MYL/PRIMERA%20ERA/0fc0e196-3f83-4095-983f-25ec460b6521.png
d95f5d8b-909c-4aa8-96e4-14fd7aeefd55,LPE4 275/320,GNOMO,2.0,1,,,,LEYENDAS PE 4.0,21,100,2,https://pub-77824f6d0d4542d282fa48605bce7479.r2.dev/cards/MYL/PRIMERA%20ERA/d95f5d8b-909c-4aa8-96e4-14fd7aeefd55.png
65b6d336-55ab-41a1-acee-11446b56cea5,EXPE - 19 - 120,GNOMO,2.0,1,,,,KIT EXTENSION PRIMERA ERA: EL RETO,8,2000,4,https://pub-77824f6d0d4542d282fa48605bce7479.r2.dev/cards/MYL/PRIMERA%20ERA/65b6d336-55ab-41a1-acee-11446b56cea5.png
8de15fe7-bdc3-40fa-a41f-94ab40a65fd5,LPE4 222/320,GNOMOS BURLONES,1.0,3,,,,LEYENDAS PE 4.0,20,100,1,https://pub-77824f6d0d4542d282fa48605bce7479.r2.dev/cards/MYL/PRIMERA%20ERA/8de15fe7-bdc3-40fa-a41f-94ab40a65fd5.png
ee8d5eb5-dda2-4fc6-9885-bbf2c65599e5,CRPE3 - 28 - 36,GNOMOS BURLONES,1.0,3,,,,KIT RACIALES PRIMERA ERA: FAERIE,6,3000,1,https://pub-77824f6d0d4542d282fa48605bce7479.r2.dev/cards/MYL/PRIMERA%20ERA/ee8d5eb5-dda2-4fc6-9885-bbf2c65599e5.png
57011431-fb45-40c0-93de-9940d06d2791,119 - 170 / PRIMERA EDICION,GNOMOS BURLONES,,2,,,,COLECCION: COFRADIA,1,100,1,https://pub-77824f6d0d4542d282fa48605bce7479.r2.dev/cards/MYL/PRIMERA%20ERA/57011431-fb45-40c0-93de-9940d06d2791.png
5ac15bed-17f8-40f2-be2c-29cbc7f047c9,PROMOCIONAL LPE25 03,GNOMOS BURLONES,1.0,3,,,,LOOTBOX PRIMERA ERA 2025,15,2500,5,https://pub-77824f6d0d4542d282fa48605bce7479.r2.dev/cards/MYL/PRIMERA%20ERA/5ac15bed-17f8-40f2-be2c-29cbc7f047c9.png
1013740c-6560-46a1-9401-572a36b01a87,20 - 126 / PRIMERA EDICION,GNOMOS BURLONES,1.0,3,,,,COLECCION: EL RETO,1,100,1,https://pub-77824f6d0d4542d282fa48605bce7479.r2.dev/cards/MYL/PRIMERA%20ERA/1013740c-6560-46a1-9401-572a36b01a87.png
53a671c1-9da4-4528-8f45-3d9594a9b95f,236 - 236 / PRIMERA EDICION,GO,,0,,,,COLECCION: ESPIRITU DEL DRAGON,1,1000,1,https://pub-77824f6d0d4542d282fa48605bce7479.r2.dev/cards/MYL/PRIMERA%20ERA/53a671c1-9da4-4528-8f45-3d9594a9b95f.png
b5cc46bf-eda0-4441-8fde-eb2539bee716,EXPE - 20 - 120,GOBLINS,2.0,3,,,,KIT EXTENSION PRIMERA ERA: EL RETO,4,1500,3,https://pub-77824f6d0d4542d282fa48605bce7479.r2.dev/cards/MYL/PRIMERA%20ERA/b5cc46bf-eda0-4441-8fde-eb2539bee716.png
10bcd0ca-505b-4325-9a6c-c733ac045446,CRPE3 - 26 - 36,GOBLINS,2.0,3,,,,KIT RACIALES PRIMERA ERA: FAERIE,2,1000,1,https://pub-77824f6d0d4542d282fa48605bce7479.r2.dev/cards/MYL/PRIMERA%20ERA/10bcd0ca-505b-4325-9a6c-c733ac045446.png
0f1501d4-29b9-4489-8079-9874838723ca,MPTO 18/18,GOLEM SOMBRIO,4.0,3,,,,MUNDOS PERDIDOS: TOMBSTONE,15,2000,3,https://pub-77824f6d0d4542d282fa48605bce7479.r2.dev/cards/MYL/PRIMERA%20ERA/0f1501d4-29b9-4489-8079-9874838723ca.png
516a2c3c-f3ab-4d97-beaa-b30c5919b89e,MISION SANTIAGO,GOLPE VAMPIRO,,0,,,,MISION SANTIAGO,1,3000,1,https://pub-77824f6d0d4542d282fa48605bce7479.r2.dev/pending-versions/b457c3e0-41ed-4a6b-8d6b-438846ff4e1d/1785894057703-0.webp
23ad5847-bd54-47f4-a58a-bf34b390eab5,XINNIAN 3 15/30,GONGBU,1.0,0,,,,XINNIAN 3: ANO DEL CABALLO,16,2500,2,https://pub-77824f6d0d4542d282fa48605bce7479.r2.dev/cards/MYL/PRIMERA%20ERA/23ad5847-bd54-47f4-a58a-bf34b390eab5.png
741f97a9-16e6-4fc3-b38e-bf467afa0428,6 - 126 / PRIMERA EDICION,GORGONAS,2.0,0,,,,COLECCION: EL RETO,1,200,1,https://pub-77824f6d0d4542d282fa48605bce7479.r2.dev/cards/MYL/PRIMERA%20ERA/741f97a9-16e6-4fc3-b38e-bf467afa0428.png
5fb51a57-ae3c-4ef7-9496-8ab1ba89b134,LBPE25 16/21,GOTHISCANDZA,3.0,0,,,,LOOTBOX PRIMERA ERA 2025,11,1500,4,https://pub-77824f6d0d4542d282fa48605bce7479.r2.dev/cards/MYL/PRIMERA%20ERA/5fb51a57-ae3c-4ef7-9496-8ab1ba89b134.png
ca07a677-2888-4f3b-be77-78e2773b8e13,XINNIAN 15/32,GOU ZAI KAN,2.0,0,,,,XINNIAN: ANO DEL DRAGON,15,1500,4,https://pub-77824f6d0d4542d282fa48605bce7479.r2.dev/cards/MYL/PRIMERA%20ERA/ca07a677-2888-4f3b-be77-78e2773b8e13.png
dbbb4bdd-4f36-4199-a93f-d9f107c13738,XINNIAN 3 07/30,GOZU TENNO,4.0,3,,,,XINNIAN 3: ANO DEL CABALLO,26,2500,2,https://pub-77824f6d0d4542d282fa48605bce7479.r2.dev/cards/MYL/PRIMERA%20ERA/dbbb4bdd-4f36-4199-a93f-d9f107c13738.png
7e96c449-d57e-4f5f-b7db-94acbf9b976e,MPV 13/18,GRAM,3.0,0,,,,MUNDOS PERDIDOS: LA SAGA DE VOLSUNG,5,2000,1,https://pub-77824f6d0d4542d282fa48605bce7479.r2.dev/cards/MYL/PRIMERA%20ERA/7e96c449-d57e-4f5f-b7db-94acbf9b976e.png
86e8f87e-5476-4b5d-a234-e974abf732bb,TKPE25 03/28,GRAM,3.0,0,,,,TOOLKIT 2025: VALENTIA Y DESOLACION,28,1500,6,https://pub-77824f6d0d4542d282fa48605bce7479.r2.dev/cards/MYL/PRIMERA%20ERA/86e8f87e-5476-4b5d-a234-e974abf732bb.png
465750da-15c6-4edc-bf43-c613171c9aed,LPE4 205/320,GRAM,3.0,0,,,,LEYENDAS PE 4.0,39,700,6,https://pub-77824f6d0d4542d282fa48605bce7479.r2.dev/cards/MYL/PRIMERA%20ERA/465750da-15c6-4edc-bf43-c613171c9aed.png
7764ff80-aa74-420b-a336-8e0e18084a16,MPS 05/18,GRAN COYOTE,3.0,3,,,,MUNDOS PERDIDOS: HORRORES DE SALEM,11,1000,5,https://pub-77824f6d0d4542d282fa48605bce7479.r2.dev/cards/MYL/PRIMERA%20ERA/7764ff80-aa74-420b-a336-8e0e18084a16.png
2ebccc98-b65f-4fa1-9805-f8182b6174a7,LPE4 119/320,GRAN COYOTE,3.0,3,,,,LEYENDAS PE 4.0,45,600,6,https://pub-77824f6d0d4542d282fa48605bce7479.r2.dev/cards/MYL/PRIMERA%20ERA/2ebccc98-b65f-4fa1-9805-f8182b6174a7.png
a4474317-dc6c-4f22-b5ad-3d1e9551a7de,CRPE4 19 - 117,GRAN COYOTE,3.0,3,,,,KIT RACIALES PRIMERA ERA 2025: LICANTROPO,12,1500,4,https://pub-77824f6d0d4542d282fa48605bce7479.r2.dev/cards/MYL/PRIMERA%20ERA/a4474317-dc6c-4f22-b5ad-3d1e9551a7de.png
709718df-5828-4f3b-89a3-56eaca899878,CRPE2-16-84,GRIFO,,3,,,,KIT RACIALES PRIMERA ERA: BESTIA,8,1500,2,https://pub-77824f6d0d4542d282fa48605bce7479.r2.dev/cards/MYL/PRIMERA%20ERA/709718df-5828-4f3b-89a3-56eaca899878.png
a2c4afbe-f9d5-4714-89aa-05f40549c481,ANIVERSARIO LPE25 10,GRIMORIO SACRO,,0,,,,,2,4000,2,https://pub-77824f6d0d4542d282fa48605bce7479.r2.dev/cards/MYL/PRIMERA%20ERA/a2c4afbe-f9d5-4714-89aa-05f40549c481.png
b53434ac-2313-46c1-9de4-cb063e69a3fd,LPE4 323/320,GRIMORIO SACRO,,0,,,,LEYENDAS PE 4.0,6,5500,4,https://pub-77824f6d0d4542d282fa48605bce7479.r2.dev/cards/MYL/PRIMERA%20ERA/b53434ac-2313-46c1-9de4-cb063e69a3fd.png
b5d421cf-64a1-4037-bfc7-22c9390c766b,LBPE24-08-21,GRIMORIO SACRO,,0,,,,LOOTBOX PRIMERA ERA 2024,9,1000,1,https://pub-77824f6d0d4542d282fa48605bce7479.r2.dev/cards/MYL/PRIMERA%20ERA/b5d421cf-64a1-4037-bfc7-22c9390c766b.png
23287fe4-09fb-4df7-b93b-0e22c499b0a6,EDICION LIMITADA JO,GRIMORIO SACRO,,0,,,,,18,3500,4,https://pub-77824f6d0d4542d282fa48605bce7479.r2.dev/pending-versions/a09cd627-0dac-4af7-96c4-4501b80b8882/1783265788503-0.webp
e5442b2d-8fd3-4acc-ae7b-44edaa92eec0,LPE4 181/320,GRIMORIO SACRO,,0,,,,LEYENDAS PE 4.0,44,800,7,https://pub-77824f6d0d4542d282fa48605bce7479.r2.dev/cards/MYL/PRIMERA%20ERA/e5442b2d-8fd3-4acc-ae7b-44edaa92eec0.png
4b992fa8-8600-43f8-b69b-0d496b7c7e32,5 - 126 / PRIMERA EDICION,GROOTSLANG,2.0,1,,,,COLECCION: EL RETO,2,2000,2,https://pub-77824f6d0d4542d282fa48605bce7479.r2.dev/cards/MYL/PRIMERA%20ERA/4b992fa8-8600-43f8-b69b-0d496b7c7e32.png
b7fae10e-bf14-4fbf-93ab-41d215519d0e,EXPE - 17 - 120,GROOTSLANG,2.0,1,,,,KIT EXTENSION PRIMERA ERA: EL RETO,2,3000,1,https://pub-77824f6d0d4542d282fa48605bce7479.r2.dev/cards/MYL/PRIMERA%20ERA/b7fae10e-bf14-4fbf-93ab-41d215519d0e.png
64e0cdd0-28aa-4c38-b3ad-39be6eb697dc,33 - 126 / PRIMERA EDICION,GUADAA,2.0,0,,,,COLECCION: MUNDO GOTICO,6,200,2,https://pub-77824f6d0d4542d282fa48605bce7479.r2.dev/cards/MYL/PRIMERA%20ERA/64e0cdd0-28aa-4c38-b3ad-39be6eb697dc.png
1ecf30b4-0d23-4a37-800f-ced489a860a5,LPE23 117/300,GUAN DAO,2.0,0,,,,LEYENDAS PRIMERA ERA 3.0,22,800,6,https://pub-77824f6d0d4542d282fa48605bce7479.r2.dev/cards/MYL/PRIMERA%20ERA/1ecf30b4-0d23-4a37-800f-ced489a860a5.png
23bc19a7-5ad9-411e-abb5-f97fa5649a04,212 - 236 / PRIMERA EDICION,GUAN DAO,2.0,0,,,,COLECCION: ESPIRITU DEL DRAGON,1,0,1,https://pub-77824f6d0d4542d282fa48605bce7479.r2.dev/cards/MYL/PRIMERA%20ERA/23bc19a7-5ad9-411e-abb5-f97fa5649a04.png
93a5f531-6d57-4277-81e8-b58ade618331,LPE23 106/300,GUAN TI,5.0,5,,,,LEYENDAS PRIMERA ERA 3.0,21,700,6,https://pub-77824f6d0d4542d282fa48605bce7479.r2.dev/cards/MYL/PRIMERA%20ERA/93a5f531-6d57-4277-81e8-b58ade618331.png
96bd37e3-f8b9-45b8-9ec0-fa81180a0364,CRPE2-75-84,GUAN TI,5.0,5,,,,KIT RACIALES PRIMERA ERA: XIAN,2,1000,2,https://pub-77824f6d0d4542d282fa48605bce7479.r2.dev/cards/MYL/PRIMERA%20ERA/96bd37e3-f8b9-45b8-9ec0-fa81180a0364.png
4ba9a999-19a3-4bc1-8049-5211ea8575c7,46 - 236 / PRIMERA EDICION,GUAN TI,5.0,5,,,,COLECCION: ESPIRITU DEL DRAGON,3,300,2,https://pub-77824f6d0d4542d282fa48605bce7479.r2.dev/cards/MYL/PRIMERA%20ERA/4ba9a999-19a3-4bc1-8049-5211ea8575c7.png
17fa3222-8044-4884-9f99-f44375d0d815,CRPE2-38-84,GUAN YU,3.0,2,,,,KIT RACIALES PRIMERA ERA: CAMPEON,3,1000,2,https://pub-77824f6d0d4542d282fa48605bce7479.r2.dev/cards/MYL/PRIMERA%20ERA/17fa3222-8044-4884-9f99-f44375d0d815.png
599b7a85-67d6-4775-b5a8-927406653e56,LPE23 103/300,GUAN YU,3.0,2,,,,LEYENDAS PRIMERA ERA 3.0,26,800,6,https://pub-77824f6d0d4542d282fa48605bce7479.r2.dev/cards/MYL/PRIMERA%20ERA/599b7a85-67d6-4775-b5a8-927406653e56.png
34e8f502-de7d-4bd3-8a1b-e3b4a2cfafb5,78 - 236 / PRIMERA EDICION,GUAN YU,3.0,2,,,,COLECCION: ESPIRITU DEL DRAGON,1,100,1,https://pub-77824f6d0d4542d282fa48605bce7479.r2.dev/cards/MYL/PRIMERA%20ERA/34e8f502-de7d-4bd3-8a1b-e3b4a2cfafb5.png
b572fc4a-bb4a-402c-9426-bf56ced8311e,XINNIAN 34/32,GUAN YU,3.0,2,,,,XINNIAN: ANO DEL DRAGON,6,3500,2,https://pub-77824f6d0d4542d282fa48605bce7479.r2.dev/cards/MYL/PRIMERA%20ERA/b572fc4a-bb4a-402c-9426-bf56ced8311e.png
5398c278-45cf-4589-8255-09ee90dc3db0,LPE23 098/300,GUANTES DE HIERRO,3.0,0,,,,LEYENDAS PRIMERA ERA 3.0,18,600,4,https://pub-77824f6d0d4542d282fa48605bce7479.r2.dev/cards/MYL/PRIMERA%20ERA/5398c278-45cf-4589-8255-09ee90dc3db0.png
6fe8ee5f-be17-4cde-b983-6715ba9ec16b,MPO 05/18,GUANYIN,3.0,3,,,,MUNDOS PERDIDOS: VIAJE AL OESTE,18,1500,6,https://pub-77824f6d0d4542d282fa48605bce7479.r2.dev/cards/MYL/PRIMERA%20ERA/6fe8ee5f-be17-4cde-b983-6715ba9ec16b.png
2261d928-d12d-4f11-b033-67176b7eaea8,CRPE5 63 - 84,GUANYIN,3.0,3,,,,KIT RACIALES PRIMERA ERA 2025: KAMI,7,2000,2,https://pub-77824f6d0d4542d282fa48605bce7479.r2.dev/cards/MYL/PRIMERA%20ERA/2261d928-d12d-4f11-b033-67176b7eaea8.png
5ac9746f-f69a-4d27-bb63-537d94a3a0b2,LPE4 55/320,GUARDIA CEREMONIAL,4.0,4,,,,LEYENDAS PE 4.0,33,2500,10,https://pub-77824f6d0d4542d282fa48605bce7479.r2.dev/cards/MYL/PRIMERA%20ERA/5ac9746f-f69a-4d27-bb63-537d94a3a0b2.png
83fe5c01-37c2-4a55-80ef-bbe503258ce7,LPE4 286/320,GUARDIA DEL ESCUDO,1.0,3,,,,LEYENDAS PE 4.0,26,100,2,https://pub-77824f6d0d4542d282fa48605bce7479.r2.dev/cards/MYL/PRIMERA%20ERA/83fe5c01-37c2-4a55-80ef-bbe503258ce7.png
c3c67c4c-e68f-41de-8e5e-7291c606ed7f,CRPE-52-72,GUARDIA DEL ESCUDO,1.0,3,,,,KIT RACIALES PRIMERA ERA: LICANTROPO,2,1000,1,https://pub-77824f6d0d4542d282fa48605bce7479.r2.dev/cards/MYL/PRIMERA%20ERA/c3c67c4c-e68f-41de-8e5e-7291c606ed7f.png
fe2f9703-07d5-42a9-83db-ad9246268768,EXPE - 89 - 120,GUARDIA DEL ESCUDO,1.0,3,,,,KIT EXTENSION PRIMERA ERA: COFRADIA,4,1000,4,https://pub-77824f6d0d4542d282fa48605bce7479.r2.dev/cards/MYL/PRIMERA%20ERA/fe2f9703-07d5-42a9-83db-ad9246268768.png
e8176d4b-c13a-4375-b391-3d10e354ee00,MISION SANTIAGO,GUARDIAN,,0,,,,MISION SANTIAGO,1,3000,1,https://pub-77824f6d0d4542d282fa48605bce7479.r2.dev/pending-versions/b457c3e0-41ed-4a6b-8d6b-438846ff4e1d/1785893889992-0.webp
2c586692-6b1d-4407-b3dd-c8856abeffc8,MPC 06/18,GUARDIAN DEL SOL,2.0,3,,,,MUNDOS PERDIDOS: CIUDAD DE LOS CESARES,10,1500,2,https://pub-77824f6d0d4542d282fa48605bce7479.r2.dev/cards/MYL/PRIMERA%20ERA/2c586692-6b1d-4407-b3dd-c8856abeffc8.png
aa318804-ddda-42a6-aa93-3b7a0117a4e2,CRPE4 55 - 117,GUARDIAN DEL SOL,2.0,3,,,,KIT RACIALES PRIMERA ERA 2025: CHAMAN,14,1000,2,https://pub-77824f6d0d4542d282fa48605bce7479.r2.dev/cards/MYL/PRIMERA%20ERA/aa318804-ddda-42a6-aa93-3b7a0117a4e2.png
8ab077ad-064c-45cd-92c7-2bddf7493b34,LPE4 189/320,GUARDIAN DEL SOL,2.0,3,,,,LEYENDAS PE 4.0,27,500,9,https://pub-77824f6d0d4542d282fa48605bce7479.r2.dev/cards/MYL/PRIMERA%20ERA/8ab077ad-064c-45cd-92c7-2bddf7493b34.png
813146bf-07ac-475c-b6da-fc3020d8f7f5,LBPE25 11/21,GUERRERO ABENAKI,2.0,3,,,,LOOTBOX PRIMERA ERA 2025,38,2000,4,https://pub-77824f6d0d4542d282fa48605bce7479.r2.dev/cards/MYL/PRIMERA%20ERA/813146bf-07ac-475c-b6da-fc3020d8f7f5.png
005bbafb-1c36-4638-beba-02788db97d1a,PROMO PE-06,GUERREROS INDOMABLES,,0,,,,LOOTBOX PRIMERA ERA 2024,2,6500,2,https://pub-77824f6d0d4542d282fa48605bce7479.r2.dev/cards/MYL/PRIMERA%20ERA/005bbafb-1c36-4638-beba-02788db97d1a.png
a45da346-d4b9-42c0-b89e-6b9e7c12b8d2,ANIVERSARIO LPE25 14,GUERREROS INDOMABLES,,0,,,,,5,6500,3,https://pub-77824f6d0d4542d282fa48605bce7479.r2.dev/cards/MYL/PRIMERA%20ERA/a45da346-d4b9-42c0-b89e-6b9e7c12b8d2.png
410c8342-288c-4a2e-9784-d184fd17502b,CRPE2-36-84,GUERREROS INDOMABLES,,0,,,,KIT RACIALES PRIMERA ERA: GUERRERO,11,4500,3,https://pub-77824f6d0d4542d282fa48605bce7479.r2.dev/cards/MYL/PRIMERA%20ERA/410c8342-288c-4a2e-9784-d184fd17502b.png
0694084f-c0ae-465b-8c96-b8f73bfe41f8,57 - 126 / PRIMERA EDICION,GUEVADAN,4.0,3,,,,COLECCION: MUNDO GOTICO,3,300,2,https://pub-77824f6d0d4542d282fa48605bce7479.r2.dev/cards/MYL/PRIMERA%20ERA/0694084f-c0ae-465b-8c96-b8f73bfe41f8.png
4ca0ebb7-39b4-4f58-81b2-10e9987a8760,20 - 170 / PRIMERA EDICION,GUEVADAN,5.0,3,,,,COLECCION: COFRADIA,1,100,1,https://pub-77824f6d0d4542d282fa48605bce7479.r2.dev/cards/MYL/PRIMERA%20ERA/4ca0ebb7-39b4-4f58-81b2-10e9987a8760.png
947a69f5-ba3a-4e23-919e-40463b2b73f6,CRPE-51-72,GUEVADAN,4.0,3,,,,KIT RACIALES PRIMERA ERA: LICANTROPO,1,2000,1,https://pub-77824f6d0d4542d282fa48605bce7479.r2.dev/cards/MYL/PRIMERA%20ERA/947a69f5-ba3a-4e23-919e-40463b2b73f6.png
aaf1ed0f-41c0-4799-98d8-95a62f85ce68,LPE23 188/300,GUEVADAN,4.0,3,,,,LEYENDAS PRIMERA ERA 3.0,1,100,1,https://pub-77824f6d0d4542d282fa48605bce7479.r2.dev/cards/MYL/PRIMERA%20ERA/aaf1ed0f-41c0-4799-98d8-95a62f85ce68.png
1b4932df-d6f8-4f37-8ca2-d243deece75e,XINNIAN 2 06/30,GUI XIAN,3.0,0,,,,XINNIAN 2: ANO DE LA SERPIENTE,26,1500,3,https://pub-77824f6d0d4542d282fa48605bce7479.r2.dev/cards/MYL/PRIMERA%20ERA/1b4932df-d6f8-4f37-8ca2-d243deece75e.png
4d63bcf2-7239-413f-baa4-3c647a7d7d7b,ANIVERSARIO LPE25 22,GUI XIAN,3.0,0,,,,,2,4500,2,https://pub-77824f6d0d4542d282fa48605bce7479.r2.dev/cards/MYL/PRIMERA%20ERA/4d63bcf2-7239-413f-baa4-3c647a7d7d7b.png
da40502c-eacc-4d71-b608-fb3823ad29a4,LPE23 251/300,GUILLERMO TELL,2.0,0,,,,LEYENDAS PRIMERA ERA 3.0,6,100,1,https://pub-77824f6d0d4542d282fa48605bce7479.r2.dev/cards/MYL/PRIMERA%20ERA/da40502c-eacc-4d71-b608-fb3823ad29a4.png
3ae5d9f0-9adc-4e55-814e-ac0d5b609909,156 - 126 / PRIMERA EDICION,GUILLERMO TELL,2.0,0,,,,COLECCION: EL RETO,1,100,1,https://pub-77824f6d0d4542d282fa48605bce7479.r2.dev/cards/MYL/PRIMERA%20ERA/3ae5d9f0-9adc-4e55-814e-ac0d5b609909.png
321ffb8f-fb8e-44d9-bfa7-acda56fb35a7,MPC 02/18,GUIRIVILO,3.0,2,,,,MUNDOS PERDIDOS: CIUDAD DE LOS CESARES,16,1500,3,https://pub-77824f6d0d4542d282fa48605bce7479.r2.dev/cards/MYL/PRIMERA%20ERA/321ffb8f-fb8e-44d9-bfa7-acda56fb35a7.png
5a10510e-3f51-43ef-9ae8-c065f5d5dd9b,LPE23 309/300,GYALLARHORN,,0,,,,LEYENDAS PRIMERA ERA 3.0,1,3000,1,https://pub-77824f6d0d4542d282fa48605bce7479.r2.dev/cards/MYL/PRIMERA%20ERA/5a10510e-3f51-43ef-9ae8-c065f5d5dd9b.png
b43a872f-db89-4486-b138-8bc88a6b25e1,111 - 126 / PRIMERA EDICION,GYALLARHORN,,0,,,,COLECCION: RAGNAROK,20,600,4,https://pub-77824f6d0d4542d282fa48605bce7479.r2.dev/cards/MYL/PRIMERA%20ERA/b43a872f-db89-4486-b138-8bc88a6b25e1.png
eedc5924-2a48-4872-9228-40f41bc99096,EXPE - 76 - 120,HACHA DANESA,2.0,0,,,,KIT EXTENSION PRIMERA ERA: RAGNAROK,10,2000,2,https://pub-77824f6d0d4542d282fa48605bce7479.r2.dev/cards/MYL/PRIMERA%20ERA/eedc5924-2a48-4872-9228-40f41bc99096.png
a335043f-5da8-4e39-a6fd-f6e55d9cedb9,TKPE2 - 12 - 13,HACHA DE ENOCH,2.0,0,,,,TOOLKIT: ODIN,6,1500,2,https://pub-77824f6d0d4542d282fa48605bce7479.r2.dev/cards/MYL/PRIMERA%20ERA/a335043f-5da8-4e39-a6fd-f6e55d9cedb9.png
0a375bf4-eb0a-4eef-bcc0-89af3b7eaccb,CRPE2-64-84,HACHIMAN,4.0,3,,,,KIT RACIALES PRIMERA ERA: KAMI,1,1500,1,https://pub-77824f6d0d4542d282fa48605bce7479.r2.dev/cards/MYL/PRIMERA%20ERA/0a375bf4-eb0a-4eef-bcc0-89af3b7eaccb.png
910a4c7d-46b1-4f02-bed5-6be2372d2046,LPE23 229/300,HACHIMAN,4.0,3,,,,LEYENDAS PRIMERA ERA 3.0,5,100,1,https://pub-77824f6d0d4542d282fa48605bce7479.r2.dev/cards/MYL/PRIMERA%20ERA/910a4c7d-46b1-4f02-bed5-6be2372d2046.png
0ea66013-f421-4419-ab4f-cdb5bd71f993,CRPE5 61 - 84,HACHIMAN,4.0,3,,,,KIT RACIALES PRIMERA ERA 2025: KAMI,10,2000,1,https://pub-77824f6d0d4542d282fa48605bce7479.r2.dev/cards/MYL/PRIMERA%20ERA/0ea66013-f421-4419-ab4f-cdb5bd71f993.png
7da9cd59-6d25-4770-8b09-a912b5678179,5 - 236 / PRIMERA EDICION,HACHIMAN,4.0,3,,,,COLECCION: ESPIRITU DEL DRAGON,6,300,2,https://pub-77824f6d0d4542d282fa48605bce7479.r2.dev/cards/MYL/PRIMERA%20ERA/7da9cd59-6d25-4770-8b09-a912b5678179.png
9e40154b-4c15-42e1-8787-00dac78f169f,LPE4 273/320,HADA VIVIANA,3.0,2,,,,LEYENDAS PE 4.0,20,100,1,https://pub-77824f6d0d4542d282fa48605bce7479.r2.dev/cards/MYL/PRIMERA%20ERA/9e40154b-4c15-42e1-8787-00dac78f169f.png
41278b41-b8d8-44ee-8dee-9ade2f4a76b7,CRPE5 27 - 84,HADAS,1.0,1,,,,KIT RACIALES PRIMERA ERA 2025: FAERIE,8,2000,2,https://pub-77824f6d0d4542d282fa48605bce7479.r2.dev/cards/MYL/PRIMERA%20ERA/41278b41-b8d8-44ee-8dee-9ade2f4a76b7.png
8b9a5a1d-596b-4123-8d47-b5f797b955a8,EXPE - 18 - 120,HADAS,1.0,1,,,,KIT EXTENSION PRIMERA ERA: EL RETO,6,1500,3,https://pub-77824f6d0d4542d282fa48605bce7479.r2.dev/cards/MYL/PRIMERA%20ERA/8b9a5a1d-596b-4123-8d47-b5f797b955a8.png
71e4666e-28e9-441a-80c1-d1b57c5e8112,LEGENDARIA LPE25 01,HADAS,1.0,1,,,,LOOTBOX PRIMERA ERA 2025,11,4500,7,https://pub-77824f6d0d4542d282fa48605bce7479.r2.dev/cards/MYL/PRIMERA%20ERA/71e4666e-28e9-441a-80c1-d1b57c5e8112.png
20338ded-a0cc-4717-a91b-eff29e009023,LPE23 09/300,HADAS GUERRERAS,3.0,2,,,,LEYENDAS PRIMERA ERA 3.0,8,1500,4,https://pub-77824f6d0d4542d282fa48605bce7479.r2.dev/cards/MYL/PRIMERA%20ERA/20338ded-a0cc-4717-a91b-eff29e009023.png
09c646f1-a65c-4a82-9e00-8d38b55e50db,122 - 170 / PRIMERA EDICION,HADAS GUERRERAS,3.0,2,,,,COLECCION: COFRADIA,6,400,1,https://pub-77824f6d0d4542d282fa48605bce7479.r2.dev/cards/MYL/PRIMERA%20ERA/09c646f1-a65c-4a82-9e00-8d38b55e50db.png
bb537094-6007-4a72-95d8-65fc895be5c0,LPE23 014/300,HADES,2.0,0,,,,LEYENDAS PRIMERA ERA 3.0,11,1500,6,https://pub-77824f6d0d4542d282fa48605bce7479.r2.dev/cards/MYL/PRIMERA%20ERA/bb537094-6007-4a72-95d8-65fc895be5c0.png
497c6dbe-7a38-4fc5-a929-1888c8a2e3a6,121-126,HADES,2.0,0,,,,,1,4000,1,https://pub-77824f6d0d4542d282fa48605bce7479.r2.dev/pending-versions/a09cd627-0dac-4af7-96c4-4501b80b8882/1789743988401-0.webp
9de3ff48-c20c-4cba-8097-a7b210a717d3,TKPE26 03/32,HADES,2.0,0,,,,TOOLKIT 2026: ANCESTRAL,41,1500,8,https://pub-77824f6d0d4542d282fa48605bce7479.r2.dev/cards/MYL/PRIMERA%20ERA/9de3ff48-c20c-4cba-8097-a7b210a717d3.png
d670d469-702b-4005-8062-25f68706485b,121 - 126 / PRIMERA EDICION,HADES,2.0,0,,,,COLECCION: EL RETO,8,300,3,https://pub-77824f6d0d4542d282fa48605bce7479.r2.dev/cards/MYL/PRIMERA%20ERA/d670d469-702b-4005-8062-25f68706485b.png
a8901fb0-6f0d-4b72-b67c-2ad1fb7b194b,150 - 126 / PRIMERA EDICION,HAIIT,1.0,0,,,,COLECCION: EL RETO,4,200,2,https://pub-77824f6d0d4542d282fa48605bce7479.r2.dev/cards/MYL/PRIMERA%20ERA/a8901fb0-6f0d-4b72-b67c-2ad1fb7b194b.png
115df666-09c8-4664-93c3-a2b87a7ee044,LPE23 061/300,HAIIT,1.0,0,,,,LEYENDAS PRIMERA ERA 3.0,21,600,6,https://pub-77824f6d0d4542d282fa48605bce7479.r2.dev/cards/MYL/PRIMERA%20ERA/115df666-09c8-4664-93c3-a2b87a7ee044.png
fb59434c-34c9-4024-9040-50dee6f3a58d,EDICION LIMITADA JO,HAIIT,1.0,0,,,,,22,4000,3,https://pub-77824f6d0d4542d282fa48605bce7479.r2.dev/pending-versions/a09cd627-0dac-4af7-96c4-4501b80b8882/1783264745536-0.webp
0f0c8523-7f0d-4609-86ea-5c94b782dd86,LPE4 84/320,HAIN,2.0,0,,,,LEYENDAS PE 4.0,12,2000,5,https://pub-77824f6d0d4542d282fa48605bce7479.r2.dev/cards/MYL/PRIMERA%20ERA/0f0c8523-7f0d-4609-86ea-5c94b782dd86.png
83b7c679-4e13-4a09-bf42-45ea66814c73,SECRETA-EXCLUSIVA-06,HAIN,2.0,0,,,,LOOTBOX PRIMERA ERA 2024,19,4000,5,https://pub-77824f6d0d4542d282fa48605bce7479.r2.dev/cards/MYL/PRIMERA%20ERA/83b7c679-4e13-4a09-bf42-45ea66814c73.png
cdf8300d-c509-4fa6-aea3-b4cb8e0b2adc,LPE23 314/300,HAIN,2.0,0,,,,LEYENDAS PRIMERA ERA 3.0,7,3500,2,https://pub-77824f6d0d4542d282fa48605bce7479.r2.dev/cards/MYL/PRIMERA%20ERA/cdf8300d-c509-4fa6-aea3-b4cb8e0b2adc.png
41177826-a26b-428a-ac98-3f8af8017cbb,EXPE - 47 - 120,HAIN,2.0,0,,,,KIT EXTENSION PRIMERA ERA: LA IRA DEL NAHUAL,20,2000,6,https://pub-77824f6d0d4542d282fa48605bce7479.r2.dev/cards/MYL/PRIMERA%20ERA/41177826-a26b-428a-ac98-3f8af8017cbb.png
ded80e1c-bd4c-4b10-bc11-fa82953b7bd7,113 - 126 / PRIMERA EDICION,HAIWATHA,2.0,0,,,,COLECCION: EL RETO,13,300,2,https://pub-77824f6d0d4542d282fa48605bce7479.r2.dev/cards/MYL/PRIMERA%20ERA/ded80e1c-bd4c-4b10-bc11-fa82953b7bd7.png
b81fce90-4c1a-4bcd-85ab-131cd4a3c21c,TKPE1 - 05 - 13,HAIWATHA,2.0,0,,,,TOOLKIT PRIMERA ERA: WALKIRIAS,10,1500,3,https://pub-77824f6d0d4542d282fa48605bce7479.r2.dev/cards/MYL/PRIMERA%20ERA/b81fce90-4c1a-4bcd-85ab-131cd4a3c21c.png
434a6638-98e9-48ef-b138-6139dfd67fac,LPE23 060/300,HAIWATHA,2.0,0,,,,LEYENDAS PRIMERA ERA 3.0,23,700,6,https://pub-77824f6d0d4542d282fa48605bce7479.r2.dev/cards/MYL/PRIMERA%20ERA/434a6638-98e9-48ef-b138-6139dfd67fac.png
88343253-2205-40e8-addc-13567e8d1ad1,112 - 126 / PRIMERA EDICION,HALATAFL,,0,,,,COLECCION: RAGNAROK,5,1000,2,https://pub-77824f6d0d4542d282fa48605bce7479.r2.dev/cards/MYL/PRIMERA%20ERA/88343253-2205-40e8-addc-13567e8d1ad1.png
7c1b628f-1362-4ab3-92f4-ed978fc63376,LPE23 005/300,HALATAFL,,0,,,,LEYENDAS PRIMERA ERA 3.0,4,12000,3,https://pub-77824f6d0d4542d282fa48605bce7479.r2.dev/cards/MYL/PRIMERA%20ERA/7c1b628f-1362-4ab3-92f4-ed978fc63376.png
f80a9f68-5af2-41ff-8bba-6eb01de71336,LPE23 044/300,HALFDAN RAGNARSSON,3.0,2,,,,LEYENDAS PRIMERA ERA 3.0,10,2500,3,https://pub-77824f6d0d4542d282fa48605bce7479.r2.dev/cards/MYL/PRIMERA%20ERA/f80a9f68-5af2-41ff-8bba-6eb01de71336.png
641e1b3b-a570-4520-b72b-adf0c991d93e,PREMIUM LPE25 17,HALFDAN RAGNARSSON,3.0,2,,,,LOOTBOX PRIMERA ERA 2025,13,2000,3,https://pub-77824f6d0d4542d282fa48605bce7479.r2.dev/cards/MYL/PRIMERA%20ERA/641e1b3b-a570-4520-b72b-adf0c991d93e.png
1154c6db-7c97-45fa-8375-453228ed65f9,EDICION LIMITADA PE25,HAMSA,,0,,,,LOOTBOX PRIMERA ERA 2025,17,3000,6,https://pub-77824f6d0d4542d282fa48605bce7479.r2.dev/cards/MYL/PRIMERA%20ERA/1154c6db-7c97-45fa-8375-453228ed65f9.png
bc246f7a-a9ee-43ca-b113-c736528701be,LPE4 151/320,HAMSA,,0,,,,LEYENDAS PE 4.0,39,1000,7,https://pub-77824f6d0d4542d282fa48605bce7479.r2.dev/cards/MYL/PRIMERA%20ERA/bc246f7a-a9ee-43ca-b113-c736528701be.png
013d8cd4-4425-4b9d-b275-185b2059688d,CRPE2-78-84,HAN XIANG ZI,2.0,2,,,,KIT RACIALES PRIMERA ERA: XIAN,2,800,2,https://pub-77824f6d0d4542d282fa48605bce7479.r2.dev/cards/MYL/PRIMERA%20ERA/013d8cd4-4425-4b9d-b275-185b2059688d.png
9940be73-b932-44d6-b84b-45c7894e6b4e,59 - 236 / PRIMERA EDICION,HAN XIANG ZI,2.0,2,,,,COLECCION: ESPIRITU DEL DRAGON,2,500,1,https://pub-77824f6d0d4542d282fa48605bce7479.r2.dev/cards/MYL/PRIMERA%20ERA/9940be73-b932-44d6-b84b-45c7894e6b4e.png
748c1468-5d29-4f9c-afbf-20d7418fbb20,62 - 236 / PRIMERA EDICION,HAN ZHONGLI,3.0,2,,,,COLECCION: ESPIRITU DEL DRAGON,1,100,1,https://pub-77824f6d0d4542d282fa48605bce7479.r2.dev/cards/MYL/PRIMERA%20ERA/748c1468-5d29-4f9c-afbf-20d7418fbb20.png
73de79e7-4db4-4869-83c7-608901598679,LPE23 233/300,HAN ZHONGLI,3.0,2,,,,LEYENDAS PRIMERA ERA 3.0,3,300,2,https://pub-77824f6d0d4542d282fa48605bce7479.r2.dev/cards/MYL/PRIMERA%20ERA/73de79e7-4db4-4869-83c7-608901598679.png
a1ef7c04-30ae-4c73-a313-9dcd409ebf83,CRPE5 47 - 84,HANGAKU GOZEN,2.0,3,,,,KIT RACIALES PRIMERA ERA 2025: CAMPEON,12,2500,2,https://pub-77824f6d0d4542d282fa48605bce7479.r2.dev/cards/MYL/PRIMERA%20ERA/a1ef7c04-30ae-4c73-a313-9dcd409ebf83.png
6403909f-15a9-4596-83eb-cd82e87bc2c5,LPE4 60/320,HARALD HALFDANSSON,5.0,5,,,,LEYENDAS PE 4.0,34,2500,8,https://pub-77824f6d0d4542d282fa48605bce7479.r2.dev/cards/MYL/PRIMERA%20ERA/6403909f-15a9-4596-83eb-cd82e87bc2c5.png
fa24a888-385f-4829-bc1f-2ad7f3b66d14,MPSG 08/18,HARIASA,,0,,,,MUNDOS PERDIDOS: LOCURA DE DRAGON,29,2500,7,https://pub-77824f6d0d4542d282fa48605bce7479.r2.dev/pending-versions/b457c3e0-41ed-4a6b-8d6b-438846ff4e1d/1785707714130-0.webp
e74397c7-90c5-4467-87bc-5419db11f60a,CRPE2-37-84,HATTORI HANZO,2.0,2,,,,KIT RACIALES PRIMERA ERA: CAMPEON,5,1000,4,https://pub-77824f6d0d4542d282fa48605bce7479.r2.dev/cards/MYL/PRIMERA%20ERA/e74397c7-90c5-4467-87bc-5419db11f60a.png
aa823a26-396a-495b-8b83-7a4b12f20fed,81 - 236 / PRIMERA EDICION,HATTORI HANZO,2.0,2,,,,COLECCION: ESPIRITU DEL DRAGON,1,1000,1,https://pub-77824f6d0d4542d282fa48605bce7479.r2.dev/cards/MYL/PRIMERA%20ERA/aa823a26-396a-495b-8b83-7a4b12f20fed.png
2da3f128-93e1-44e2-9f23-5af3bdbd3344,CRPE5 37 - 84,HATTORI HANZO,2.0,2,,,,KIT RACIALES PRIMERA ERA 2025: CAMPEON,13,2000,3,https://pub-77824f6d0d4542d282fa48605bce7479.r2.dev/cards/MYL/PRIMERA%20ERA/2da3f128-93e1-44e2-9f23-5af3bdbd3344.png
a7b3c990-e0bb-42d1-82a5-58fdc86b6413,81 - 236 / PRIMERA EDICION,HATTORI HANZO,2.0,2,,,,,7,3000,2,https://pub-77824f6d0d4542d282fa48605bce7479.r2.dev/pending-versions/a09cd627-0dac-4af7-96c4-4501b80b8882/1783276731541-0.webp
234c1a3f-e660-4ccf-93d1-f165f909daa7,LPE23 102/300,HATTORI HANZO,2.0,2,,,,LEYENDAS PRIMERA ERA 3.0,27,900,6,https://pub-77824f6d0d4542d282fa48605bce7479.r2.dev/cards/MYL/PRIMERA%20ERA/234c1a3f-e660-4ccf-93d1-f165f909daa7.png
73cd8618-11e4-460b-a812-80eda6c5e031,PROMO COLECCIONISTA PE 10,HATTORI HANZO,2.0,2,,,,,1,5000,1,https://pub-77824f6d0d4542d282fa48605bce7479.r2.dev/pending-versions/a09cd627-0dac-4af7-96c4-4501b80b8882/1785469931395-0.webp
3caa4fa9-78af-4e5f-ab56-c4181df40e2e,CRPE4 115 - 117,HAUGTROLD,2.0,2,,,,KIT RACIALES PRIMERA ERA 2025: ABOMINACION,18,2000,3,https://pub-77824f6d0d4542d282fa48605bce7479.r2.dev/cards/MYL/PRIMERA%20ERA/3caa4fa9-78af-4e5f-ab56-c4181df40e2e.png
493e02c2-f2c1-4d5a-ad16-2e0207dfd691,LPE4 63/320,HAUGTROLD,2.0,2,,,,LEYENDAS PE 4.0,25,1500,6,https://pub-77824f6d0d4542d282fa48605bce7479.r2.dev/cards/MYL/PRIMERA%20ERA/493e02c2-f2c1-4d5a-ad16-2e0207dfd691.png
928b88f4-8bbb-4f44-8618-882e0f8c5b31,MPV 03/18,HAUGTROLD,2.0,2,,,,MUNDOS PERDIDOS: LA SAGA DE VOLSUNG,4,2000,2,https://pub-77824f6d0d4542d282fa48605bce7479.r2.dev/cards/MYL/PRIMERA%20ERA/928b88f4-8bbb-4f44-8618-882e0f8c5b31.png
a76bdb5b-d245-4e5a-a207-432e92955863,LPE4 155/320,HE XIAN GU,4.0,4,,,,LEYENDAS PE 4.0,52,500,7,https://pub-77824f6d0d4542d282fa48605bce7479.r2.dev/cards/MYL/PRIMERA%20ERA/a76bdb5b-d245-4e5a-a207-432e92955863.png
1c4d1fe0-0620-47a2-bbb9-2df875e8116f,LPE23 011/300,HECHICERA,3.0,2,,,,LEYENDAS PRIMERA ERA 3.0,18,1500,4,https://pub-77824f6d0d4542d282fa48605bce7479.r2.dev/cards/MYL/PRIMERA%20ERA/1c4d1fe0-0620-47a2-bbb9-2df875e8116f.png
f371c07d-bdf1-4749-9068-f31e45e1b4af,124 - 170 / PRIMERA EDICION,HEFESTO,3.0,0,,,,COLECCION: COFRADIA,1,100,1,https://pub-77824f6d0d4542d282fa48605bce7479.r2.dev/cards/MYL/PRIMERA%20ERA/f371c07d-bdf1-4749-9068-f31e45e1b4af.png
2f2c9a17-2c3a-46e4-a876-f9496d648c22,40 - 126 / PRIMERA EDICION,HEFESTO,1.0,0,,,,COLECCION: EL RETO,1,100,1,https://pub-77824f6d0d4542d282fa48605bce7479.r2.dev/cards/MYL/PRIMERA%20ERA/2f2c9a17-2c3a-46e4-a876-f9496d648c22.png
a4daf061-4e89-45cf-83b1-bbe0d8e40b1c,LPE23 186/300,HEFESTO,1.0,0,,,,LEYENDAS PRIMERA ERA 3.0,4,300,2,https://pub-77824f6d0d4542d282fa48605bce7479.r2.dev/cards/MYL/PRIMERA%20ERA/a4daf061-4e89-45cf-83b1-bbe0d8e40b1c.png
c42cdaca-5cb1-48da-8e62-9d8717938739,PROMOCIONAL LPE25 16,HEL,4.0,4,,,,LOOTBOX PRIMERA ERA 2025,12,2500,3,https://pub-77824f6d0d4542d282fa48605bce7479.r2.dev/cards/MYL/PRIMERA%20ERA/c42cdaca-5cb1-48da-8e62-9d8717938739.png
38ddd776-c13a-46bf-9709-6c12b3e4bb57,LPE23 087/300,HEL,4.0,4,,,,LEYENDAS PRIMERA ERA 3.0,21,900,5,https://pub-77824f6d0d4542d282fa48605bce7479.r2.dev/cards/MYL/PRIMERA%20ERA/38ddd776-c13a-46bf-9709-6c12b3e4bb57.png
e9f1a5d2-4049-4301-9ebb-71ba547f8ad0,16 - 126 / PRIMERA EDICION,HEL,4.0,4,,,,COLECCION: RAGNAROK,5,700,3,https://pub-77824f6d0d4542d282fa48605bce7479.r2.dev/cards/MYL/PRIMERA%20ERA/e9f1a5d2-4049-4301-9ebb-71ba547f8ad0.png
e5ed1ded-9c8c-4aeb-90e3-d913237e36ff,137 - 236 / PRIMERA EDICION,HENG-O,3.0,4,,,,LEYENDAS PRIMERA ERA 2.0,1,400,1,https://pub-77824f6d0d4542d282fa48605bce7479.r2.dev/cards/MYL/PRIMERA%20ERA/e5ed1ded-9c8c-4aeb-90e3-d913237e36ff.png
5a403947-98d3-4078-9c78-878cddef7516,12 - 126 / PRIMERA EDICION,HERMOD,5.0,5,,,,COLECCION: RAGNAROK,1,300,1,https://pub-77824f6d0d4542d282fa48605bce7479.r2.dev/cards/MYL/PRIMERA%20ERA/5a403947-98d3-4078-9c78-878cddef7516.png
24dff386-c319-4fee-a885-f97ae155f77a,CRPE3 - 23 - 36,HIDRA DE LA NIEBLA,4.0,4,,,,KIT RACIALES PRIMERA ERA: DRAGON,3,800,1,https://pub-77824f6d0d4542d282fa48605bce7479.r2.dev/cards/MYL/PRIMERA%20ERA/24dff386-c319-4fee-a885-f97ae155f77a.png
a18ff5ed-40b7-481b-8b28-1cc4554d2c18,4 - 236 / PRIMERA EDICION,HIDROMIEL,2.0,0,,,,LEYENDAS PRIMERA ERA 2.0,1,11000,1,https://pub-77824f6d0d4542d282fa48605bce7479.r2.dev/cards/MYL/PRIMERA%20ERA/a18ff5ed-40b7-481b-8b28-1cc4554d2c18.png
97a7c8b9-6f34-4a69-85dd-c51aa268847c,79 - 126 / PRIMERA EDICION,HIDROMIEL,2.0,0,,,,COLECCION: RAGNAROK,17,500,2,https://pub-77824f6d0d4542d282fa48605bce7479.r2.dev/cards/MYL/PRIMERA%20ERA/97a7c8b9-6f34-4a69-85dd-c51aa268847c.png
ce4ac4c9-6d5f-4aea-96bd-56dbbc1b18b7,TKPE1 - 02 - 13,HIDROMIEL,2.0,0,,,,TOOLKIT PRIMERA ERA: WALKIRIAS,10,1500,2,https://pub-77824f6d0d4542d282fa48605bce7479.r2.dev/cards/MYL/PRIMERA%20ERA/ce4ac4c9-6d5f-4aea-96bd-56dbbc1b18b7.png
ef7e9d8d-84fe-4d73-877d-c93555603cd5,79 - 126,HIDROMIEL,2.0,0,,,,,4,3000,3,https://pub-77824f6d0d4542d282fa48605bce7479.r2.dev/pending-versions/a09cd627-0dac-4af7-96c4-4501b80b8882/1783277245351-0.webp
80840da4-7390-4055-9376-b953d047be66,SECRETA-DORADA-04,HIDROMIEL,2.0,0,,,,LOOTBOX PRIMERA ERA 2024,5,4500,2,https://pub-77824f6d0d4542d282fa48605bce7479.r2.dev/cards/MYL/PRIMERA%20ERA/80840da4-7390-4055-9376-b953d047be66.png
86c6e072-4ce7-4293-9519-bb069c946610,LPE23 097/300,HIDROMIEL,2.0,0,,,,LEYENDAS PRIMERA ERA 3.0,31,800,6,https://pub-77824f6d0d4542d282fa48605bce7479.r2.dev/cards/MYL/PRIMERA%20ERA/86c6e072-4ce7-4293-9519-bb069c946610.png
6a8045b3-67ab-482a-95d5-f648925ffc58,MPDI 02/18,HILDEBRAND,,0,,,,MUNDOS PERDIDOS: ALIENTO DE FUEGO,32,3000,7,https://pub-77824f6d0d4542d282fa48605bce7479.r2.dev/pending-versions/a09cd627-0dac-4af7-96c4-4501b80b8882/1786239103457-0.webp
73f3322a-dd91-4f8b-9773-2fdbf063f739,CRPE5 68 - 84,HODERI,2.0,2,,,,KIT RACIALES PRIMERA ERA 2025: KAMI,8,3000,1,https://pub-77824f6d0d4542d282fa48605bce7479.r2.dev/cards/MYL/PRIMERA%20ERA/73f3322a-dd91-4f8b-9773-2fdbf063f739.png
9f15490e-0dbd-4d5c-a475-e7a1e665f15a,CRPE-37-72,HODUR,4.0,0,,,,KIT RACIALES PRIMERA ERA: DIOS,4,2000,2,https://pub-77824f6d0d4542d282fa48605bce7479.r2.dev/cards/MYL/PRIMERA%20ERA/9f15490e-0dbd-4d5c-a475-e7a1e665f15a.png
bc679074-3f01-4b46-9651-ef172ba3efe2,11 - 126 / PRIMERA EDICION,HODUR,4.0,0,,,,COLECCION: RAGNAROK,4,1500,2,https://pub-77824f6d0d4542d282fa48605bce7479.r2.dev/cards/MYL/PRIMERA%20ERA/bc679074-3f01-4b46-9651-ef172ba3efe2.png
d5c17f0e-e046-4686-9c7c-68c7cbea5eca,CRPE4 117 - 117,HODUR,4.0,0,,,,KIT RACIALES PRIMERA ERA 2025: DIOS,16,1500,5,https://pub-77824f6d0d4542d282fa48605bce7479.r2.dev/cards/MYL/PRIMERA%20ERA/d5c17f0e-e046-4686-9c7c-68c7cbea5eca.png
d9c9315d-7436-48a2-8083-57a43e58ed23,CRPE4 31 - 117,HOMBRE DE NEGRO,4.0,4,,,,KIT RACIALES PRIMERA ERA 2025: VAMPIRO,10,2000,3,https://pub-77824f6d0d4542d282fa48605bce7479.r2.dev/cards/MYL/PRIMERA%20ERA/d9c9315d-7436-48a2-8083-57a43e58ed23.png
21bad0b2-1129-46bd-8eba-fdfcc5ef6c89,EDICION LIMITADA JO,HOMBRE DE NEGRO,4.0,4,,,,,18,4500,8,https://pub-77824f6d0d4542d282fa48605bce7479.r2.dev/pending-versions/a09cd627-0dac-4af7-96c4-4501b80b8882/1783265389819-0.webp
855df1cc-541e-43ee-b997-22dc0652a6e2,LPE4 51/320,HOMBRE DE NEGRO,4.0,4,,,,LEYENDAS PE 4.0,14,1500,5,https://pub-77824f6d0d4542d282fa48605bce7479.r2.dev/cards/MYL/PRIMERA%20ERA/855df1cc-541e-43ee-b997-22dc0652a6e2.png
f15e081d-caf8-429d-949e-db980b2c738d,MPS 09/18,HOMBRE DE NEGRO,4.0,4,,,,MUNDOS PERDIDOS: HORRORES DE SALEM,14,2000,4,https://pub-77824f6d0d4542d282fa48605bce7479.r2.dev/cards/MYL/PRIMERA%20ERA/f15e081d-caf8-429d-949e-db980b2c738d.png
a68886e9-c6e1-4363-92d1-dd23ffcb4d35,MPRE 17/18,HOMBRE DE PIEDRA,3.0,3,,,,MUNDOS PERDIDOS: NUBE ROJA,14,2500,5,https://pub-77824f6d0d4542d282fa48605bce7479.r2.dev/cards/MYL/PRIMERA%20ERA/a68886e9-c6e1-4363-92d1-dd23ffcb4d35.png
cfa3f5ee-5f82-4e83-801b-48daf9b1ca83,LPE23 016/300,HOMBRE LOBO,3.0,1,,,,LEYENDAS PRIMERA ERA 3.0,16,1500,4,https://pub-77824f6d0d4542d282fa48605bce7479.r2.dev/cards/MYL/PRIMERA%20ERA/cfa3f5ee-5f82-4e83-801b-48daf9b1ca83.png
6a5e2587-fc60-40b8-9bc5-e6dfa46058b8,CRPE-49-72,HOMBRE LOBO,3.0,1,,,,KIT RACIALES PRIMERA ERA: LICANTROPO,1,3000,1,https://pub-77824f6d0d4542d282fa48605bce7479.r2.dev/cards/MYL/PRIMERA%20ERA/6a5e2587-fc60-40b8-9bc5-e6dfa46058b8.png
2e4afb6a-7cb9-4ad8-9f02-ddf7178847e0,68 - 126 / PRIMERA EDICION,HOMBRE LOBO,3.0,1,,,,COLECCION: EL RETO,1,100,1,https://pub-77824f6d0d4542d282fa48605bce7479.r2.dev/cards/MYL/PRIMERA%20ERA/2e4afb6a-7cb9-4ad8-9f02-ddf7178847e0.png
d770e903-c840-408e-a91a-e9b09ac84a46,69 - 170 / PRIMERA EDICION,HOMBRE LOBO,3.0,1,,,,COLECCION: COFRADIA,9,1000,4,https://pub-77824f6d0d4542d282fa48605bce7479.r2.dev/cards/MYL/PRIMERA%20ERA/d770e903-c840-408e-a91a-e9b09ac84a46.png
cb558ae7-5826-4cec-bfd6-2792ddddf48b,046 - 126 / PRIMERA ERA,HONDA,2.0,0,,,,COLECCION: LA IRA DEL NAHUAL,6,500,2,https://pub-77824f6d0d4542d282fa48605bce7479.r2.dev/cards/MYL/PRIMERA%20ERA/cb558ae7-5826-4cec-bfd6-2792ddddf48b.png
4c72ba07-1d11-4b3f-8c15-ed0493b8e650,CRPE5 58 - 84,HONENGYO,1.0,1,,,,KIT RACIALES PRIMERA ERA 2025: CRIATURAS,6,2500,2,https://pub-77824f6d0d4542d282fa48605bce7479.r2.dev/cards/MYL/PRIMERA%20ERA/4c72ba07-1d11-4b3f-8c15-ed0493b8e650.png
d258a47d-00a8-4b42-a15a-88dd576795b3,LPE23 228/300,HOORI,3.0,2,,,,LEYENDAS PRIMERA ERA 3.0,6,100,1,https://pub-77824f6d0d4542d282fa48605bce7479.r2.dev/cards/MYL/PRIMERA%20ERA/d258a47d-00a8-4b42-a15a-88dd576795b3.png
6fa3b918-af1d-4245-ae9a-e5f921e11cb8,CRPE2-63-84,HOORI,3.0,2,,,,KIT RACIALES PRIMERA ERA: KAMI,1,1500,1,https://pub-77824f6d0d4542d282fa48605bce7479.r2.dev/cards/MYL/PRIMERA%20ERA/6fa3b918-af1d-4245-ae9a-e5f921e11cb8.png
3adb912c-2d6a-4e1f-b730-c1c7fb4fcbf9,2 - 236 / PRIMERA EDICION,HOORI,3.0,2,,,,COLECCION: ESPIRITU DEL DRAGON,3,500,2,https://pub-77824f6d0d4542d282fa48605bce7479.r2.dev/cards/MYL/PRIMERA%20ERA/3adb912c-2d6a-4e1f-b730-c1c7fb4fcbf9.png
cff1c8d6-ff03-4f2c-9c3b-9f89edc8fdc4,LPE23 162/300,HORDA BARBARA,,0,,,,LEYENDAS PRIMERA ERA 3.0,23,1000,5,https://pub-77824f6d0d4542d282fa48605bce7479.r2.dev/cards/MYL/PRIMERA%20ERA/cff1c8d6-ff03-4f2c-9c3b-9f89edc8fdc4.png
6267f659-c41e-4c67-9143-927a7fc02f5d,25 - 236 / PRIMERA EDICION,HORDA BARBARA,,0,,,,LEYENDAS PRIMERA ERA 2.0,3,500,1,https://pub-77824f6d0d4542d282fa48605bce7479.r2.dev/cards/MYL/PRIMERA%20ERA/6267f659-c41e-4c67-9143-927a7fc02f5d.png
3a1b0679-af8d-4e14-86fb-3ffe2439a67f,CRPE-24-72,HORDA BARBARA,,0,,,,KIT RACIALES PRIMERA ERA: BARBARO,5,1500,2,https://pub-77824f6d0d4542d282fa48605bce7479.r2.dev/cards/MYL/PRIMERA%20ERA/3a1b0679-af8d-4e14-86fb-3ffe2439a67f.png
142e8e9d-881e-488e-95a0-98e43d3cd384,PROMO PE-08,HORDA BARBARA,,0,,,,LOOTBOX PRIMERA ERA 2024,3,4500,3,https://pub-77824f6d0d4542d282fa48605bce7479.r2.dev/cards/MYL/PRIMERA%20ERA/142e8e9d-881e-488e-95a0-98e43d3cd384.png
1e4b45fb-f859-4869-a040-ec8c345912a1,LPE4 321/320,HOROSCOPO CHINO,,0,,,,LEYENDAS PE 4.0,10,9500,3,https://pub-77824f6d0d4542d282fa48605bce7479.r2.dev/cards/MYL/PRIMERA%20ERA/1e4b45fb-f859-4869-a040-ec8c345912a1.png
351ef040-3eed-4789-b593-604456eafd21,LPE4 71/320,HOROSCOPO CHINO,,0,,,,LEYENDAS PE 4.0,38,2500,8,https://pub-77824f6d0d4542d282fa48605bce7479.r2.dev/cards/MYL/PRIMERA%20ERA/351ef040-3eed-4789-b593-604456eafd21.png
499af827-7cf9-43dc-ad3e-8e4560572be8,XINNIAN 2 31/30,HOROSCOPO CHINO,,0,,,,XINNIAN 2: ANO DE LA SERPIENTE,11,3500,3,https://pub-77824f6d0d4542d282fa48605bce7479.r2.dev/cards/MYL/PRIMERA%20ERA/499af827-7cf9-43dc-ad3e-8e4560572be8.png
e13fc8d1-491a-488b-8095-fd91eef01c5d,LPE4 15/320,HOROSCOPO CHINO,,0,,,,LEYENDAS PE 4.0,9,12000,2,https://pub-77824f6d0d4542d282fa48605bce7479.r2.dev/cards/MYL/PRIMERA%20ERA/e13fc8d1-491a-488b-8095-fd91eef01c5d.png
33a57283-1aac-4e77-a633-4b47425fd84a,EDICION LIMITADA,HOROSCOPO CHINO,,0,,,,,3,11000,1,https://pub-77824f6d0d4542d282fa48605bce7479.r2.dev/pending-versions/a09cd627-0dac-4af7-96c4-4501b80b8882/1785117266929-0.webp
921cee1a-19de-4fad-bd8d-25862661b85a,XINNIAN 19/32,HOROSCOPO CHINO,,0,,,,XINNIAN: ANO DEL DRAGON,15,3500,3,https://pub-77824f6d0d4542d282fa48605bce7479.r2.dev/cards/MYL/PRIMERA%20ERA/921cee1a-19de-4fad-bd8d-25862661b85a.png
0ca4af00-74bd-4357-ab25-ef96653dfec3,168 - 126 / PRIMERA EDICION,HORUS,3.0,0,,,,COLECCION: EL RETO,8,200,2,https://pub-77824f6d0d4542d282fa48605bce7479.r2.dev/cards/MYL/PRIMERA%20ERA/0ca4af00-74bd-4357-ab25-ef96653dfec3.png
aae4f92a-3026-4b73-8677-6682753bb3ab,240 - 236 / PRIMERA EDICION,HORUS,3.0,0,,,,LEYENDAS PRIMERA ERA 2.0,4,300,1,https://pub-77824f6d0d4542d282fa48605bce7479.r2.dev/cards/MYL/PRIMERA%20ERA/aae4f92a-3026-4b73-8677-6682753bb3ab.png
39040993-073a-400e-99a7-f5ede82b4074,LPE23 013/300,HORUS,3.0,0,,,,LEYENDAS PRIMERA ERA 3.0,7,2000,3,https://pub-77824f6d0d4542d282fa48605bce7479.r2.dev/cards/MYL/PRIMERA%20ERA/39040993-073a-400e-99a7-f5ede82b4074.png
6bf11bbf-d67b-4e0c-8e37-88085f9ff019,XINNIAN 13/32,HOUZI TIAOWU,3.0,0,,,,XINNIAN: ANO DEL DRAGON,8,4500,3,https://pub-77824f6d0d4542d282fa48605bce7479.r2.dev/cards/MYL/PRIMERA%20ERA/6bf11bbf-d67b-4e0c-8e37-88085f9ff019.png
8acf630f-61f6-4da4-93ce-4228d9cff1db,LPE4 304/320,HRAESVELG,3.0,3,,,,LEYENDAS PE 4.0,20,100,1,https://pub-77824f6d0d4542d282fa48605bce7479.r2.dev/cards/MYL/PRIMERA%20ERA/8acf630f-61f6-4da4-93ce-4228d9cff1db.png
fddf002f-abb6-429c-9afe-668b4d607cfe,EDICION LIMITADA JO,HRIST,2.0,2,,,,,9,4500,3,https://pub-77824f6d0d4542d282fa48605bce7479.r2.dev/pending-versions/a09cd627-0dac-4af7-96c4-4501b80b8882/1783273446405-0.webp
117eb696-f4dd-4e8a-8308-39eb3b330ab1,CRPE4 106 - 117,HRIST,2.0,2,,,,KIT RACIALES PRIMERA ERA 2025: DIOS,11,3000,3,https://pub-77824f6d0d4542d282fa48605bce7479.r2.dev/cards/MYL/PRIMERA%20ERA/117eb696-f4dd-4e8a-8308-39eb3b330ab1.png
5984c2e2-5ce1-491c-ba66-5d562a2edd84,85 - 236 / PRIMERA EDICION,HUA MU LAN,3.0,3,,,,COLECCION: ESPIRITU DEL DRAGON,1,500,1,https://pub-77824f6d0d4542d282fa48605bce7479.r2.dev/cards/MYL/PRIMERA%20ERA/5984c2e2-5ce1-491c-ba66-5d562a2edd84.png
74e9b681-3e91-4b16-87fc-6c35c4715558,MPAT 15/18,HUA MU LAN,3.0,3,,,,MUNDOS PERDIDOS: HORDA ESTEPARIA,53,2000,9,https://pub-77824f6d0d4542d282fa48605bce7479.r2.dev/pending-versions/b457c3e0-41ed-4a6b-8d6b-438846ff4e1d/1785697866024-0.webp
379dea4e-9bb7-474a-a6ab-040205c12cb7,36 - 236 / PRIMERA EDICION,HUANG DI,1.0,1,,,,COLECCION: ESPIRITU DEL DRAGON,2,1000,1,https://pub-77824f6d0d4542d282fa48605bce7479.r2.dev/cards/MYL/PRIMERA%20ERA/379dea4e-9bb7-474a-a6ab-040205c12cb7.png
16dcc5c6-ff7d-4485-9206-8a6db48cb420,70 - 236 / PRIMERA EDICION,HUANG ZHONG,2.0,3,,,,COLECCION: ESPIRITU DEL DRAGON,2,300,1,https://pub-77824f6d0d4542d282fa48605bce7479.r2.dev/cards/MYL/PRIMERA%20ERA/16dcc5c6-ff7d-4485-9206-8a6db48cb420.png
d78dfde8-ac9c-4024-90c1-cb054d62f7fa,CRPE2-40-84,HUANG ZHONG,2.0,3,,,,KIT RACIALES PRIMERA ERA: CAMPEON,8,1500,5,https://pub-77824f6d0d4542d282fa48605bce7479.r2.dev/cards/MYL/PRIMERA%20ERA/d78dfde8-ac9c-4024-90c1-cb054d62f7fa.png
51dae8c1-ac29-4738-ba46-fd5fa9696f69,CRPE2-59-84,HUANGLONG,3.0,3,,,,KIT RACIALES PRIMERA ERA: CRIATURAS,3,2000,2,https://pub-77824f6d0d4542d282fa48605bce7479.r2.dev/cards/MYL/PRIMERA%20ERA/51dae8c1-ac29-4738-ba46-fd5fa9696f69.png
c41e93d4-66e7-45e9-90f5-848e90916e09,LPE4 208/320,HUANGLONG,3.0,3,,,,LEYENDAS PE 4.0,36,600,6,https://pub-77824f6d0d4542d282fa48605bce7479.r2.dev/cards/MYL/PRIMERA%20ERA/c41e93d4-66e7-45e9-90f5-848e90916e09.png
78aa1679-6d48-4c50-9730-5fa5e409964d,MPO 16/18,HUANGLONG,3.0,3,,,,MUNDOS PERDIDOS: VIAJE AL OESTE,23,2000,6,https://pub-77824f6d0d4542d282fa48605bce7479.r2.dev/cards/MYL/PRIMERA%20ERA/78aa1679-6d48-4c50-9730-5fa5e409964d.png
297c4196-edc9-4c0a-86d6-1d80b8a088a9,TKPE24 06/28,HUARAKA,3.0,0,,,,TOOLKIT PREMIUM JUSTA,6,1500,2,https://pub-77824f6d0d4542d282fa48605bce7479.r2.dev/cards/MYL/PRIMERA%20ERA/297c4196-edc9-4c0a-86d6-1d80b8a088a9.png
18490134-c4dc-4a6b-b281-09f8a056642c,LPE4 193/320,HUARAKA,3.0,0,,,,LEYENDAS PE 4.0,40,700,6,https://pub-77824f6d0d4542d282fa48605bce7479.r2.dev/cards/MYL/PRIMERA%20ERA/18490134-c4dc-4a6b-b281-09f8a056642c.png
9a74004c-3f87-45a9-80cc-87cabfdb63a5,EXPE - 48 - 120,HUARAKA,3.0,0,,,,KIT EXTENSION PRIMERA ERA: LA IRA DEL NAHUAL,5,2000,1,https://pub-77824f6d0d4542d282fa48605bce7479.r2.dev/cards/MYL/PRIMERA%20ERA/9a74004c-3f87-45a9-80cc-87cabfdb63a5.png
92f49261-1f84-442d-8a90-95f1f54ea153,CRPE4 63-117,HUASCAR,2.0,2,,,,KIT RACIALES PRIMERA ERA 2025: GUERRERO,18,1500,4,https://pub-77824f6d0d4542d282fa48605bce7479.r2.dev/cards/MYL/PRIMERA%20ERA/92f49261-1f84-442d-8a90-95f1f54ea153.png
7f66d80a-cf0b-4275-a2c5-ce3f9d2d2d7e,MPC 08/18,HUASCAR,2.0,2,,,,MUNDOS PERDIDOS: CIUDAD DE LOS CESARES,6,2000,2,https://pub-77824f6d0d4542d282fa48605bce7479.r2.dev/cards/MYL/PRIMERA%20ERA/7f66d80a-cf0b-4275-a2c5-ce3f9d2d2d7e.png
64941903-d538-4e2f-a326-6fef9401bfa3,LPE4 28/320,HUASCAR,2.0,2,,,,LEYENDAS PE 4.0,19,2000,3,https://pub-77824f6d0d4542d282fa48605bce7479.r2.dev/cards/MYL/PRIMERA%20ERA/64941903-d538-4e2f-a326-6fef9401bfa3.png
c1d98f9a-ad2c-4d16-a136-dd5408ebc0e5,COLECCIONISTA VICTORIOSA PE 9,HUASCAR,2.0,2,,,,,1,20000,1,https://pub-77824f6d0d4542d282fa48605bce7479.r2.dev/pending-versions/a09cd627-0dac-4af7-96c4-4501b80b8882/1787449697448-0.webp
b16b13ae-1dfb-446b-8348-f30d18b228a1,027 - 126 / PRIMERA ERA,HUASCAR Y ATAHUALPA,1.0,0,,,,COLECCION: LA IRA DEL NAHUAL,1,300,1,https://pub-77824f6d0d4542d282fa48605bce7479.r2.dev/cards/MYL/PRIMERA%20ERA/b16b13ae-1dfb-446b-8348-f30d18b228a1.png
8d5736ed-6f33-4040-963f-614328a8ba6d,LPE23 085/300,HUASCAR Y ATAHUALPA,1.0,0,,,,LEYENDAS PRIMERA ERA 3.0,15,900,4,https://pub-77824f6d0d4542d282fa48605bce7479.r2.dev/cards/MYL/PRIMERA%20ERA/8d5736ed-6f33-4040-963f-614328a8ba6d.png
ce67a776-4b28-47dd-81b0-e826083fa876,25 - 170 / PRIMERA EDICION,HUEHUETEOTL,3.0,3,,,,COLECCION: COFRADIA,2,300,1,https://pub-77824f6d0d4542d282fa48605bce7479.r2.dev/cards/MYL/PRIMERA%20ERA/ce67a776-4b28-47dd-81b0-e826083fa876.png
6c950d0a-2881-44e9-8cf2-c5dba90bd826,CRPE-33-72,HUEHUETEOTL,3.0,3,,,,KIT RACIALES PRIMERA ERA: CHAMAN,6,2000,2,https://pub-77824f6d0d4542d282fa48605bce7479.r2.dev/cards/MYL/PRIMERA%20ERA/6c950d0a-2881-44e9-8cf2-c5dba90bd826.png
fc7c5209-cae0-47aa-836c-c82876818ff8,052 - 126 / PRIMERA ERA,HUITZIL,3.0,2,,,,COLECCION: LA IRA DEL NAHUAL,4,400,1,https://pub-77824f6d0d4542d282fa48605bce7479.r2.dev/cards/MYL/PRIMERA%20ERA/fc7c5209-cae0-47aa-836c-c82876818ff8.png
d30a8a06-4e4d-483c-80de-2c6840729f21,CRPE-27-72,HUITZIL,3.0,2,,,,KIT RACIALES PRIMERA ERA: CHAMAN,8,2000,4,https://pub-77824f6d0d4542d282fa48605bce7479.r2.dev/cards/MYL/PRIMERA%20ERA/d30a8a06-4e4d-483c-80de-2c6840729f21.png
e056670e-d586-4dc4-a76c-0380eff14d11,LPE4 220/320,HUMBABA,2.0,3,,,,LEYENDAS PE 4.0,22,200,2,https://pub-77824f6d0d4542d282fa48605bce7479.r2.dev/cards/MYL/PRIMERA%20ERA/e056670e-d586-4dc4-a76c-0380eff14d11.png
ff4dbd68-5a06-4325-9d91-9153c90d2b20,PROMOCIONAL LPE25 13,HURACAN,,3,,,,LOOTBOX PRIMERA ERA 2025,15,2000,3,https://pub-77824f6d0d4542d282fa48605bce7479.r2.dev/cards/MYL/PRIMERA%20ERA/ff4dbd68-5a06-4325-9d91-9153c90d2b20.png
97b0c505-dcd9-416f-82b1-de4cc246b282,8 - 236 / PRIMERA EDICION,HURACAN,,3,,,,LEYENDAS PRIMERA ERA 2.0,1,10000,1,https://pub-77824f6d0d4542d282fa48605bce7479.r2.dev/cards/MYL/PRIMERA%20ERA/97b0c505-dcd9-416f-82b1-de4cc246b282.png
bed8e70b-bdf4-4d17-8b4a-ced89d165de5,CRPE2-28-84,HURACAN,,3,,,,KIT RACIALES PRIMERA ERA: GUERRERO,1,1000,1,https://pub-77824f6d0d4542d282fa48605bce7479.r2.dev/cards/MYL/PRIMERA%20ERA/bed8e70b-bdf4-4d17-8b4a-ced89d165de5.png
d2ab961a-ed0a-43de-b616-d85023b35ffd,LPE23 078/300,HURACAN,,3,,,,LEYENDAS PRIMERA ERA 3.0,23,600,5,https://pub-77824f6d0d4542d282fa48605bce7479.r2.dev/cards/MYL/PRIMERA%20ERA/d2ab961a-ed0a-43de-b616-d85023b35ffd.png
0cc20b32-7396-4d2b-b40e-0bda48d27198,EDICION LIMITADA JO,HUTZILOPOCHTLI,,0,,,,,32,4000,4,https://pub-77824f6d0d4542d282fa48605bce7479.r2.dev/pending-versions/a09cd627-0dac-4af7-96c4-4501b80b8882/1783264873105-0.webp
eaeff2d3-7466-4d42-9c32-f028563e9113,LBPE25 20/21,HUXIAN,2.0,3,,,,LOOTBOX PRIMERA ERA 2025,4,2000,2,https://pub-77824f6d0d4542d282fa48605bce7479.r2.dev/cards/MYL/PRIMERA%20ERA/eaeff2d3-7466-4d42-9c32-f028563e9113.png
7ad06b7e-73fa-455d-b904-21aca52d4635,LBPE24-21-21,HWANDUDAEDO,2.0,0,,,,LOOTBOX PRIMERA ERA 2024,2,1500,1,https://pub-77824f6d0d4542d282fa48605bce7479.r2.dev/cards/MYL/PRIMERA%20ERA/7ad06b7e-73fa-455d-b904-21aca52d4635.png
ed215c15-2dff-4693-96db-7fec3713d3dd,LPE4 217/320,HWANDUDAEDO,2.0,0,,,,LEYENDAS PE 4.0,39,600,7,https://pub-77824f6d0d4542d282fa48605bce7479.r2.dev/cards/MYL/PRIMERA%20ERA/ed215c15-2dff-4693-96db-7fec3713d3dd.png
c3ff98eb-fe45-48ae-b2af-29c063ed1e6a,PREMIUM LPE25 21,HWARANG,1.0,1,,,,LOOTBOX PRIMERA ERA 2025,20,1500,4,https://pub-77824f6d0d4542d282fa48605bce7479.r2.dev/cards/MYL/PRIMERA%20ERA/c3ff98eb-fe45-48ae-b2af-29c063ed1e6a.png
5c99941b-f131-422d-aa82-578b3b66f2df,EDICION LIMITADA JO,HWARANG,1.0,1,,,,,23,4000,8,https://pub-77824f6d0d4542d282fa48605bce7479.r2.dev/pending-versions/a09cd627-0dac-4af7-96c4-4501b80b8882/1783267051449-0.webp
c1e04b44-d79f-4e5a-9380-fb392d8eba1e,LBPE24-17-21,HWARANG,1.0,1,,,,LOOTBOX PRIMERA ERA 2024,3,800,2,https://pub-77824f6d0d4542d282fa48605bce7479.r2.dev/cards/MYL/PRIMERA%20ERA/c1e04b44-d79f-4e5a-9380-fb392d8eba1e.png
470f06c2-78f3-4fa5-9260-7e9fd591ffc7,LPE4 206/320,HWARANG,1.0,1,,,,LEYENDAS PE 4.0,37,600,5,https://pub-77824f6d0d4542d282fa48605bce7479.r2.dev/cards/MYL/PRIMERA%20ERA/470f06c2-78f3-4fa5-9260-7e9fd591ffc7.png
f3dda100-022a-4e42-8e0f-85b9e66da625,EXPE - 16 - 120,HYDRA,2.0,2,,,,KIT EXTENSION PRIMERA ERA: EL RETO,15,1500,3,https://pub-77824f6d0d4542d282fa48605bce7479.r2.dev/cards/MYL/PRIMERA%20ERA/f3dda100-022a-4e42-8e0f-85b9e66da625.png
c9651cbe-3a1f-49d9-b715-5e7af4e1e2ac,LPE4 272/320,HYDRA,2.0,2,,,,LEYENDAS PE 4.0,23,200,2,https://pub-77824f6d0d4542d282fa48605bce7479.r2.dev/cards/MYL/PRIMERA%20ERA/c9651cbe-3a1f-49d9-b715-5e7af4e1e2ac.png
ac280607-03e5-40e0-bbbf-7b252f0c99c1,CRPE3 - 14 - 36,HYDRA,2.0,2,,,,KIT RACIALES PRIMERA ERA: DRAGON,3,800,1,https://pub-77824f6d0d4542d282fa48605bce7479.r2.dev/cards/MYL/PRIMERA%20ERA/ac280607-03e5-40e0-bbbf-7b252f0c99c1.png
3830b5ff-ca78-4bc3-b034-b841df196e42,MPA-17-18,HYDRA,2.0,2,,,,MUNDOS PERDIDOS: LEYENDAS DE AVALON,15,1500,6,https://pub-77824f6d0d4542d282fa48605bce7479.r2.dev/cards/MYL/PRIMERA%20ERA/3830b5ff-ca78-4bc3-b034-b841df196e42.png
e4fa284a-04cd-4c4f-9159-ce6e5aad80b0,CRPE4 73 - 117,HYMIR,8.0,10,,,,KIT RACIALES PRIMERA ERA 2025: ABOMINACION,13,2000,2,https://pub-77824f6d0d4542d282fa48605bce7479.r2.dev/cards/MYL/PRIMERA%20ERA/e4fa284a-04cd-4c4f-9159-ce6e5aad80b0.png
dfcace61-93ba-4e6e-80c2-e99caeeb9413,CRPE-06-72,HYMIR,8.0,10,,,,KIT RACIALES PRIMERA ERA: ABOMINACION,7,1500,3,https://pub-77824f6d0d4542d282fa48605bce7479.r2.dev/cards/MYL/PRIMERA%20ERA/dfcace61-93ba-4e6e-80c2-e99caeeb9413.png
73a05019-3f9f-4895-8967-dcb3acab34f0,25 - 126 / PRIMERA EDICION,HYMIR,8.0,10,,,,COLECCION: RAGNAROK,4,1500,2,https://pub-77824f6d0d4542d282fa48605bce7479.r2.dev/cards/MYL/PRIMERA%20ERA/73a05019-3f9f-4895-8967-dcb3acab34f0.png
1c6fc105-4da3-44f2-9119-130975886b94,CRPE-19-72,HYRRONKKIN,2.0,3,,,,KIT RACIALES PRIMERA ERA: BARBARO,1,3000,1,https://pub-77824f6d0d4542d282fa48605bce7479.r2.dev/cards/MYL/PRIMERA%20ERA/1c6fc105-4da3-44f2-9119-130975886b94.png
ecb43602-f18c-491d-a84e-3b55df963483,38 - 126 / PRIMERA EDICION,HYRRONKKIN,2.0,3,,,,COLECCION: RAGNAROK,12,700,3,https://pub-77824f6d0d4542d282fa48605bce7479.r2.dev/cards/MYL/PRIMERA%20ERA/ecb43602-f18c-491d-a84e-3b55df963483.png
afe5befe-d0e4-4ad9-9df3-c9e1affce127,153 - 236 / PRIMERA EDICION,I CHING,1.0,0,,,,COLECCION: ESPIRITU DEL DRAGON,1,500,1,https://pub-77824f6d0d4542d282fa48605bce7479.r2.dev/cards/MYL/PRIMERA%20ERA/afe5befe-d0e4-4ad9-9df3-c9e1affce127.png
2b7cb3b2-886d-42bb-97a1-6c5183480dbd,LPE23 114/300,I CHING,1.0,0,,,,LEYENDAS PRIMERA ERA 3.0,32,700,6,https://pub-77824f6d0d4542d282fa48605bce7479.r2.dev/cards/MYL/PRIMERA%20ERA/2b7cb3b2-886d-42bb-97a1-6c5183480dbd.png
9d656f09-9b7a-453c-9c07-5b1a702245ab,EXPE - 5 - 120,ICTIOCENTAURO,3.0,2,,,,KIT EXTENSION PRIMERA ERA: EL RETO,13,1500,4,https://pub-77824f6d0d4542d282fa48605bce7479.r2.dev/cards/MYL/PRIMERA%20ERA/9d656f09-9b7a-453c-9c07-5b1a702245ab.png
11c3b048-e828-4ab5-bc36-bf87362e3de3,95 - 126 / PRIMERA EDICION,IDUNN,3.0,1,,,,COLECCION: RAGNAROK,3,1000,1,https://pub-77824f6d0d4542d282fa48605bce7479.r2.dev/cards/MYL/PRIMERA%20ERA/11c3b048-e828-4ab5-bc36-bf87362e3de3.png
c442af13-c1e1-4781-a31b-1b746fdce422,LPE4 123/320,IKTOMI,3.0,3,,,,LEYENDAS PE 4.0,47,700,8,https://pub-77824f6d0d4542d282fa48605bce7479.r2.dev/cards/MYL/PRIMERA%20ERA/c442af13-c1e1-4781-a31b-1b746fdce422.png
45e658c9-9688-4f15-884d-915d0ddcaccf,MPT-13-18,ILUMINAR,2.0,0,,,,MUNDOS PERDIDOS: SENORES DEL TRUENO,12,500,2,https://pub-77824f6d0d4542d282fa48605bce7479.r2.dev/cards/MYL/PRIMERA%20ERA/45e658c9-9688-4f15-884d-915d0ddcaccf.png
05ede2ac-863b-4144-8024-7e13d3797111,14 - 236 / PRIMERA EDICION,INARI,3.0,3,,,,COLECCION: ESPIRITU DEL DRAGON,10,1500,2,https://pub-77824f6d0d4542d282fa48605bce7479.r2.dev/cards/MYL/PRIMERA%20ERA/05ede2ac-863b-4144-8024-7e13d3797111.png
366b099b-2662-4fe4-8127-933621c8274d,054 - 126 / PRIMERA ERA,INCA YUPANQUI,1.0,1,,,,COLECCION: LA IRA DEL NAHUAL,4,800,3,https://pub-77824f6d0d4542d282fa48605bce7479.r2.dev/cards/MYL/PRIMERA%20ERA/366b099b-2662-4fe4-8127-933621c8274d.png
e68c76be-1c4e-40a6-a5c4-096b0b3e1f20,24 - 126 / PRIMERA EDICION,INCUBO,2.0,0,,,,COLECCION: MUNDO GOTICO,4,200,1,https://pub-77824f6d0d4542d282fa48605bce7479.r2.dev/cards/MYL/PRIMERA%20ERA/e68c76be-1c4e-40a6-a5c4-096b0b3e1f20.png
ca9c83a7-a416-426a-b814-022a21c6072a,MPT-09-18,INDRA PARJANYA,2.0,2,,,,MUNDOS PERDIDOS: SENORES DEL TRUENO,19,800,2,https://pub-77824f6d0d4542d282fa48605bce7479.r2.dev/cards/MYL/PRIMERA%20ERA/ca9c83a7-a416-426a-b814-022a21c6072a.png
3f1597c6-2a30-4910-9842-082e729bbbba,XINNIAN 2 03/30,INDRA PARJANYA,2.0,2,,,,XINNIAN 2: ANO DE LA SERPIENTE,17,1000,3,https://pub-77824f6d0d4542d282fa48605bce7479.r2.dev/cards/MYL/PRIMERA%20ERA/3f1597c6-2a30-4910-9842-082e729bbbba.png
abed8cfc-0cad-4e4c-83b8-bed1b0c4644c,LPE23 082/300,INICIACION GUERRERA,2.0,0,,,,LEYENDAS PRIMERA ERA 3.0,15,600,5,https://pub-77824f6d0d4542d282fa48605bce7479.r2.dev/cards/MYL/PRIMERA%20ERA/abed8cfc-0cad-4e4c-83b8-bed1b0c4644c.png
4ba6fd51-7588-4c64-ab99-6c026a0ddd9c,REX 05/12,INKANYAMBA,3.0,3,,,,MUNDO MEDIEVAL,3,1500,3,https://pub-77824f6d0d4542d282fa48605bce7479.r2.dev/cards/MYL/PRIMERA%20ERA/4ba6fd51-7588-4c64-ab99-6c026a0ddd9c.png
dd8c35c2-9b62-4832-8cd9-3218886fd7d2,EDICIÓN LIMITADA JO,INQUISIDOR ASESINO,2.0,2,,,,,10,9000,4,https://pub-77824f6d0d4542d282fa48605bce7479.r2.dev/pending-versions/a09cd627-0dac-4af7-96c4-4501b80b8882/1787450979148-0.webp
95bcfe16-54b2-4438-b2f6-7f237ce3c40a,LPE4 47/320,INQUISIDOR ASESINO,2.0,2,,,,LEYENDAS PE 4.0,14,6500,5,https://pub-77824f6d0d4542d282fa48605bce7479.r2.dev/cards/MYL/PRIMERA%20ERA/95bcfe16-54b2-4438-b2f6-7f237ce3c40a.png
4ace49b2-b909-4522-b198-ea133ba4bc4f,LPE4 301/320,INSIGNIA DE TOKI,,0,,,,LEYENDAS PE 4.0,20,100,1,https://pub-77824f6d0d4542d282fa48605bce7479.r2.dev/cards/MYL/PRIMERA%20ERA/4ace49b2-b909-4522-b198-ea133ba4bc4f.png
400612b6-1e83-4d80-9df8-9efc94228ccf,LPE23 269/300,INSIGNIA DE TOKI,,0,,,,LEYENDAS PRIMERA ERA 3.0,24,100,2,https://pub-77824f6d0d4542d282fa48605bce7479.r2.dev/cards/MYL/PRIMERA%20ERA/400612b6-1e83-4d80-9df8-9efc94228ccf.png
58229b62-165d-46d8-8cf2-36c4f8a6233b,041 - 126 / PRIMERA ERA,INSIGNIA DE TOQUI,,0,,,,COLECCION: LA IRA DEL NAHUAL,1,100,1,https://pub-77824f6d0d4542d282fa48605bce7479.r2.dev/cards/MYL/PRIMERA%20ERA/58229b62-165d-46d8-8cf2-36c4f8a6233b.png
eabcee63-d5e0-43b2-a3b5-79ec69098b2f,067 - 126 / PRIMERA ERA,INTI,3.0,3,,,,COLECCION: LA IRA DEL NAHUAL,1,1000,1,https://pub-77824f6d0d4542d282fa48605bce7479.r2.dev/cards/MYL/PRIMERA%20ERA/eabcee63-d5e0-43b2-a3b5-79ec69098b2f.png
fccb8556-5d3e-4853-9efd-619ab10dfa8a,CRPE-25-72,INTI,3.0,3,,,,KIT RACIALES PRIMERA ERA: CHAMAN,4,1500,2,https://pub-77824f6d0d4542d282fa48605bce7479.r2.dev/cards/MYL/PRIMERA%20ERA/fccb8556-5d3e-4853-9efd-619ab10dfa8a.png
15feae83-46c4-4dc5-81bd-c9be919e75d8,97 - 126 / PRIMERA EDICION,INVUNCHE,2.0,0,,,,COLECCION: EL RETO,1,100,1,https://pub-77824f6d0d4542d282fa48605bce7479.r2.dev/cards/MYL/PRIMERA%20ERA/15feae83-46c4-4dc5-81bd-c9be919e75d8.png
b51fccb0-c15a-421a-a268-30a89a66caf9,LPE23 183/300,INVUNCHE,2.0,0,,,,LEYENDAS PRIMERA ERA 3.0,5,100,1,https://pub-77824f6d0d4542d282fa48605bce7479.r2.dev/cards/MYL/PRIMERA%20ERA/b51fccb0-c15a-421a-a268-30a89a66caf9.png
03fd37f7-8867-4d3c-b84e-b4bdd032fdb1,26 - 170 / PRIMERA EDICION,INVUNCHE,2.0,0,,,,COLECCION: COFRADIA,1,100,1,https://pub-77824f6d0d4542d282fa48605bce7479.r2.dev/cards/MYL/PRIMERA%20ERA/03fd37f7-8867-4d3c-b84e-b4bdd032fdb1.png
18e9d1cf-5019-4053-89fa-1070910e3d76,CRPE4 11 - 117,ION VADUVA,4.0,5,,,,KIT RACIALES PRIMERA ERA 2025: CAZADOR,15,2000,2,https://pub-77824f6d0d4542d282fa48605bce7479.r2.dev/cards/MYL/PRIMERA%20ERA/18e9d1cf-5019-4053-89fa-1070910e3d76.png
5b363780-9d67-4311-a4e1-357f39dfd46b,EXPE - 94 - 120,IRA DEL NAHUAL,4.0,0,,,,KIT EXTENSION PRIMERA ERA: COFRADIA,3,1000,3,https://pub-77824f6d0d4542d282fa48605bce7479.r2.dev/cards/MYL/PRIMERA%20ERA/5b363780-9d67-4311-a4e1-357f39dfd46b.png
044e2af1-abf3-4b6d-9a5b-e9480d75061e,006 - 126 / PRIMERA ERA,IRA DEL NAHUAL,4.0,0,,,,COLECCION: LA IRA DEL NAHUAL,2,2000,2,https://pub-77824f6d0d4542d282fa48605bce7479.r2.dev/cards/MYL/PRIMERA%20ERA/044e2af1-abf3-4b6d-9a5b-e9480d75061e.png
a9dce4d1-96fc-466b-af6c-85b821ece5ea,LPE23 130/300,ISSLER,3.0,1,,,,LEYENDAS PRIMERA ERA 3.0,19,400,6,https://pub-77824f6d0d4542d282fa48605bce7479.r2.dev/cards/MYL/PRIMERA%20ERA/a9dce4d1-96fc-466b-af6c-85b821ece5ea.png
0361a7d7-128a-4090-981b-7816f98ca474,LPE4 218/320,ISTHAR,3.0,4,,,,LEYENDAS PE 4.0,20,100,1,https://pub-77824f6d0d4542d282fa48605bce7479.r2.dev/cards/MYL/PRIMERA%20ERA/0361a7d7-128a-4090-981b-7816f98ca474.png
5dce402b-30c8-4b35-9bc7-4836ee4eb3ab,CRPE-65-72,ITAZZY,2.0,0,,,,KIT RACIALES PRIMERA ERA: VAMPIRO,6,2000,1,https://pub-77824f6d0d4542d282fa48605bce7479.r2.dev/cards/MYL/PRIMERA%20ERA/5dce402b-30c8-4b35-9bc7-4836ee4eb3ab.png
209932cd-9cec-45fd-8d9d-940eb4073cd6,EXPE - 56 - 120,ITZAM NA,3.0,2,,,,KIT EXTENSION PRIMERA ERA: LA IRA DEL NAHUAL,2,1000,1,https://pub-77824f6d0d4542d282fa48605bce7479.r2.dev/cards/MYL/PRIMERA%20ERA/209932cd-9cec-45fd-8d9d-940eb4073cd6.png
b44ee1cd-d3c7-4331-9fbd-d2b4a4436676,LPE23 141/300,ITZCOATL,3.0,3,,,,LEYENDAS PRIMERA ERA 3.0,13,600,4,https://pub-77824f6d0d4542d282fa48605bce7479.r2.dev/cards/MYL/PRIMERA%20ERA/b44ee1cd-d3c7-4331-9fbd-d2b4a4436676.png
10797485-471d-44d2-889f-ac03934f57e7,CRPE4 091 - 117,IVAR RAGNARSSON,3.0,2,,,,KIT RACIALES PRIMERA ERA 2025: BARBARO,7,1500,2,https://pub-77824f6d0d4542d282fa48605bce7479.r2.dev/cards/MYL/PRIMERA%20ERA/10797485-471d-44d2-889f-ac03934f57e7.png
8646671a-e263-4a56-8606-4124471f1f86,PREMIUM PE-011,IVAR RAGNARSSON,3.0,2,,,,LOOTBOX PRIMERA ERA 2024,6,2500,3,https://pub-77824f6d0d4542d282fa48605bce7479.r2.dev/cards/MYL/PRIMERA%20ERA/8646671a-e263-4a56-8606-4124471f1f86.png
49b845b3-8163-4f26-aebb-336d7b7ebd4d,LPE4 201/320,IVAR RAGNARSSON,3.0,2,,,,LEYENDAS PE 4.0,41,600,5,https://pub-77824f6d0d4542d282fa48605bce7479.r2.dev/cards/MYL/PRIMERA%20ERA/49b845b3-8163-4f26-aebb-336d7b7ebd4d.png
568ada4d-d137-4935-9934-348c23bf9c24,EDICION LIMITADA JO,IVAR RAGNARSSON,3.0,2,,,,,22,5000,7,https://pub-77824f6d0d4542d282fa48605bce7479.r2.dev/pending-versions/a09cd627-0dac-4af7-96c4-4501b80b8882/1783273850330-0.webp
69334cab-5d90-466e-89f0-e328b39a3b88,EXPE - 66 - 120,IVAR RAGNARSSON,3.0,2,,,,KIT EXTENSION PRIMERA ERA: RAGNAROK,2,2000,1,https://pub-77824f6d0d4542d282fa48605bce7479.r2.dev/cards/MYL/PRIMERA%20ERA/69334cab-5d90-466e-89f0-e328b39a3b88.png
16f3b528-acc3-45b8-9967-f4b22ff1551c,007 - 126 / PRIMERA ERA,IX CHEBEL YAX,2.0,0,,,,COLECCION: LA IRA DEL NAHUAL,11,600,4,https://pub-77824f6d0d4542d282fa48605bce7479.r2.dev/cards/MYL/PRIMERA%20ERA/16f3b528-acc3-45b8-9967-f4b22ff1551c.png
70a2938e-88f7-4c62-89a3-c3ac4313c4a1,LPE23 042/300,IX CHEL,3.0,0,,,,LEYENDAS PRIMERA ERA 3.0,2,1500,2,https://pub-77824f6d0d4542d282fa48605bce7479.r2.dev/cards/MYL/PRIMERA%20ERA/70a2938e-88f7-4c62-89a3-c3ac4313c4a1.png
c01ce708-6a03-47b1-a4f3-9d4445c1ad0b,009 - 126 / PRIMERA ERA,IX TABAI,2.0,0,,,,COLECCION: LA IRA DEL NAHUAL,1,100,1,https://pub-77824f6d0d4542d282fa48605bce7479.r2.dev/cards/MYL/PRIMERA%20ERA/c01ce708-6a03-47b1-a4f3-9d4445c1ad0b.png
1826c787-ca72-4d1a-8081-0d58b462e0e6,LPE23 267/300,IX TABAI,2.0,0,,,,LEYENDAS PRIMERA ERA 3.0,5,100,1,https://pub-77824f6d0d4542d282fa48605bce7479.r2.dev/cards/MYL/PRIMERA%20ERA/1826c787-ca72-4d1a-8081-0d58b462e0e6.png
36d50b72-01d0-4fcf-adf7-2ee179b7edd3,LPE4 183/320,IXPUXTEQUI,3.0,3,,,,LEYENDAS PE 4.0,31,600,7,https://pub-77824f6d0d4542d282fa48605bce7479.r2.dev/cards/MYL/PRIMERA%20ERA/36d50b72-01d0-4fcf-adf7-2ee179b7edd3.png
b5fa080c-ccd0-4edf-9aed-759a85c6a22b,HPE 09/21,IXPUXTEQUI,3.0,3,,,,VIGILANTES DE LA NOCHE,8,1000,2,https://pub-77824f6d0d4542d282fa48605bce7479.r2.dev/cards/MYL/PRIMERA%20ERA/b5fa080c-ccd0-4edf-9aed-759a85c6a22b.png
d2b66ca4-3a38-4ea7-ad1d-cdf13adbeb99,CRPE4 43 - 117,IXPUXTEQUI,3.0,3,,,,KIT RACIALES PRIMERA ERA 2025: BESTIA,16,2000,3,https://pub-77824f6d0d4542d282fa48605bce7479.r2.dev/cards/MYL/PRIMERA%20ERA/d2b66ca4-3a38-4ea7-ad1d-cdf13adbeb99.png
9530467f-bb25-4e75-bb01-275eebbc0b54,30 - 236 / PRIMERA EDICION,IZANAGI,2.0,2,,,,COLECCION: ESPIRITU DEL DRAGON,13,200,2,https://pub-77824f6d0d4542d282fa48605bce7479.r2.dev/cards/MYL/PRIMERA%20ERA/9530467f-bb25-4e75-bb01-275eebbc0b54.png
9b55690a-c615-4e7f-981f-e9e24e936e15,LPE23 292/300,IZANAGI,2.0,2,,,,LEYENDAS PRIMERA ERA 3.0,5,100,1,https://pub-77824f6d0d4542d282fa48605bce7479.r2.dev/cards/MYL/PRIMERA%20ERA/9b55690a-c615-4e7f-981f-e9e24e936e15.png
ccc2cd46-5494-4a50-bca2-6713a2448b27,LPE23 104/300,IZANAMI,3.0,4,,,,LEYENDAS PRIMERA ERA 3.0,17,700,4,https://pub-77824f6d0d4542d282fa48605bce7479.r2.dev/cards/MYL/PRIMERA%20ERA/ccc2cd46-5494-4a50-bca2-6713a2448b27.png
cac3c3bc-aff5-4660-93f7-a73f87954cbf,CRPE2-68-84,IZANAMI,3.0,4,,,,KIT RACIALES PRIMERA ERA: KAMI,1,1000,1,https://pub-77824f6d0d4542d282fa48605bce7479.r2.dev/cards/MYL/PRIMERA%20ERA/cac3c3bc-aff5-4660-93f7-a73f87954cbf.png
8d449d5e-06cd-421f-8483-034a180caaa5,17 - 236 / PRIMERA EDICION,IZANAMI,3.0,4,,,,COLECCION: ESPIRITU DEL DRAGON,2,500,2,https://pub-77824f6d0d4542d282fa48605bce7479.r2.dev/cards/MYL/PRIMERA%20ERA/8d449d5e-06cd-421f-8483-034a180caaa5.png
529100bc-907a-4fc6-b512-5f73fe2d9108,209 - 236 / PRIMERA EDICION,IZANAMI,3.0,4,,,,LEYENDAS PRIMERA ERA 1.0,2,300,1,https://pub-77824f6d0d4542d282fa48605bce7479.r2.dev/cards/MYL/PRIMERA%20ERA/529100bc-907a-4fc6-b512-5f73fe2d9108.png
d104832a-5678-4046-8be3-102d4a01bc53,133 - 126 / PRIMERA EDICION,IZANAMI E IZANAGI,3.0,0,,,,COLECCION: EL RETO,1,100,1,https://pub-77824f6d0d4542d282fa48605bce7479.r2.dev/cards/MYL/PRIMERA%20ERA/d104832a-5678-4046-8be3-102d4a01bc53.png
455f8a11-494a-4b3e-95b9-580bf0ee6c77,LPE23 250/300,IZANAMI E IZANAGI,3.0,0,,,,LEYENDAS PRIMERA ERA 3.0,8,200,2,https://pub-77824f6d0d4542d282fa48605bce7479.r2.dev/cards/MYL/PRIMERA%20ERA/455f8a11-494a-4b3e-95b9-580bf0ee6c77.png
5d088758-e6eb-4deb-8d51-41074d86bed9,CRPE4 24 - 117,JABALINA DE LA JAURIA,2.0,0,,,,KIT RACIALES PRIMERA ERA 2025: LICANTROPO,24,1500,5,https://pub-77824f6d0d4542d282fa48605bce7479.r2.dev/cards/MYL/PRIMERA%20ERA/5d088758-e6eb-4deb-8d51-41074d86bed9.png
e2aa70b5-6bfd-4407-b016-76732baa2585,COLECCIONISTA VICTORIOSA PE 6,JACQUES ST. GERMAIN,,0,,,,,3,20000,2,https://pub-77824f6d0d4542d282fa48605bce7479.r2.dev/pending-versions/a09cd627-0dac-4af7-96c4-4501b80b8882/1787449649367-0.webp
489de304-aae7-4b98-8f00-b3759f5a5975,MPTO 07/18,JACQUEST ST. GERMAIN,3.0,3,,,,MUNDOS PERDIDOS: TOMBSTONE,5,3500,2,https://pub-77824f6d0d4542d282fa48605bce7479.r2.dev/cards/MYL/PRIMERA%20ERA/489de304-aae7-4b98-8f00-b3759f5a5975.png
31d71c66-d6f4-46c8-8d38-129ba41b4d10,PREMIUM LPE25 13,JANAQUEO,3.0,3,,,,LOOTBOX PRIMERA ERA 2025,7,2500,3,https://pub-77824f6d0d4542d282fa48605bce7479.r2.dev/cards/MYL/PRIMERA%20ERA/31d71c66-d6f4-46c8-8d38-129ba41b4d10.png
5ba637ad-bf37-49dc-a5b5-c26fc0a22e84,LPE23 204/300,JANAQUEO,3.0,3,,,,LEYENDAS PRIMERA ERA 3.0,5,100,1,https://pub-77824f6d0d4542d282fa48605bce7479.r2.dev/cards/MYL/PRIMERA%20ERA/5ba637ad-bf37-49dc-a5b5-c26fc0a22e84.png
b5d3e8f4-07b2-4ca7-8d6e-24b1bff6e5ee,MPDI 14/18,JARDIN DE LAS ROSAS,,0,,,,MUNDOS PERDIDOS: ALIENTO DE FUEGO,35,2000,11,https://pub-77824f6d0d4542d282fa48605bce7479.r2.dev/pending-versions/a09cd627-0dac-4af7-96c4-4501b80b8882/1786239619715-0.webp
c9f51589-ce91-453c-be3a-c604a2ff12a6,LPE23 187/300,JAURIA,4.0,3,,,,LEYENDAS PRIMERA ERA 3.0,3,100,1,https://pub-77824f6d0d4542d282fa48605bce7479.r2.dev/cards/MYL/PRIMERA%20ERA/c9f51589-ce91-453c-be3a-c604a2ff12a6.png
29455568-df72-4542-a817-f9ea9a7b6784,56 - 126 / PRIMERA EDICION,JAURIA,4.0,3,,,,COLECCION: MUNDO GOTICO,2,300,2,https://pub-77824f6d0d4542d282fa48605bce7479.r2.dev/cards/MYL/PRIMERA%20ERA/29455568-df72-4542-a817-f9ea9a7b6784.png
73ebcd18-cca6-4b48-99c7-f8c0f20a14dc,CRPE-50-72,JAURIA,4.0,3,,,,KIT RACIALES PRIMERA ERA: LICANTROPO,3,1500,2,https://pub-77824f6d0d4542d282fa48605bce7479.r2.dev/cards/MYL/PRIMERA%20ERA/73ebcd18-cca6-4b48-99c7-f8c0f20a14dc.png
0b026995-557d-4fe0-ad47-451f33eb273d,XINNIAN 3 17/30,JI,3.0,0,,,,XINNIAN 3: ANO DEL CABALLO,16,2500,3,https://pub-77824f6d0d4542d282fa48605bce7479.r2.dev/cards/MYL/PRIMERA%20ERA/0b026995-557d-4fe0-ad47-451f33eb273d.png
10ead8db-ae31-4fe8-97e4-7bb12093ccba,LPE4 66/320,JIAOLONG,2.0,3,,,,LEYENDAS PE 4.0,17,4500,5,https://pub-77824f6d0d4542d282fa48605bce7479.r2.dev/cards/MYL/PRIMERA%20ERA/10ead8db-ae31-4fe8-97e4-7bb12093ccba.png
3149b72e-cc71-4f75-88f9-15c351ba05de,XINNIAN 14/32,JIN JI DU LI,2.0,0,,,,XINNIAN: ANO DEL DRAGON,17,1500,4,https://pub-77824f6d0d4542d282fa48605bce7479.r2.dev/cards/MYL/PRIMERA%20ERA/3149b72e-cc71-4f75-88f9-15c351ba05de.png
bcb309bc-9f93-4a87-b013-87c306e18f13,101 - 126 / PRIMERA EDICION,JINAS,3.0,0,,,,COLECCION: EL RETO,1,100,1,https://pub-77824f6d0d4542d282fa48605bce7479.r2.dev/cards/MYL/PRIMERA%20ERA/bcb309bc-9f93-4a87-b013-87c306e18f13.png
6059b65b-ba18-4975-b0f1-4c7a2b2f78ae,LPE23 185/300,JINAS,3.0,0,,,,LEYENDAS PRIMERA ERA 3.0,1,100,1,https://pub-77824f6d0d4542d282fa48605bce7479.r2.dev/cards/MYL/PRIMERA%20ERA/6059b65b-ba18-4975-b0f1-4c7a2b2f78ae.png
91cf98f0-55d8-4252-afe0-7ced615275e0,CRPE3 - 16 - 36,JINETE DE DRAGON,5.0,5,,,,KIT RACIALES PRIMERA ERA: DRAGON,4,800,2,https://pub-77824f6d0d4542d282fa48605bce7479.r2.dev/cards/MYL/PRIMERA%20ERA/91cf98f0-55d8-4252-afe0-7ced615275e0.png
5c61b742-2bbb-4c3c-9b52-52cc68d26fd7,CRPE5 19 - 84,JINETE DE DRAGON,5.0,5,,,,KIT RACIALES PRIMERA ERA 2025: DRAGON,4,1500,3,https://pub-77824f6d0d4542d282fa48605bce7479.r2.dev/cards/MYL/PRIMERA%20ERA/5c61b742-2bbb-4c3c-9b52-52cc68d26fd7.png
0963eb4e-8bce-4ada-911e-b68050b35b10,XINNIÁN 2 04/30,JINGWEI,,0,,,,XINNIAN 2: ANO DE LA SERPIENTE,6,1500,1,https://pub-77824f6d0d4542d282fa48605bce7479.r2.dev/pending-versions/a09cd627-0dac-4af7-96c4-4501b80b8882/1789913148925-0.webp
a4ad3545-4e55-440f-8bfe-2314d6e90f9c,MPTO 20/18,JOHNY RINGO,2.0,3,,,,MUNDOS PERDIDOS: TOMBSTONE,6,14000,4,https://pub-77824f6d0d4542d282fa48605bce7479.r2.dev/cards/MYL/PRIMERA%20ERA/a4ad3545-4e55-440f-8bfe-2314d6e90f9c.png
0d625fa9-306f-47ac-bd84-a344793223cd,LPE23 074/300,JOON,3.0,2,,,,LEYENDAS PRIMERA ERA 3.0,45,600,7,https://pub-77824f6d0d4542d282fa48605bce7479.r2.dev/cards/MYL/PRIMERA%20ERA/0d625fa9-306f-47ac-bd84-a344793223cd.png
2288b9d5-3194-4974-81d5-eff09df4aa0d,MPSG 05/18,JORMUNREK,,0,,,,MUNDOS PERDIDOS: LOCURA DE DRAGON,35,2000,7,https://pub-77824f6d0d4542d282fa48605bce7479.r2.dev/pending-versions/b457c3e0-41ed-4a6b-8d6b-438846ff4e1d/1785703023030-0.webp
daa31bb2-4acc-44e8-9ed9-0e4b5bb22e60,HPE 19/21,JOROGUMO,2.0,2,,,,VIGILANTES DE LA NOCHE,13,2000,2,https://pub-77824f6d0d4542d282fa48605bce7479.r2.dev/cards/MYL/PRIMERA%20ERA/daa31bb2-4acc-44e8-9ed9-0e4b5bb22e60.png
0b2fa8a1-4aa3-40d4-a07f-a0e5f340600d,CRPE5 65 - 84,JOROGUMO,2.0,2,,,,KIT RACIALES PRIMERA ERA 2025: KAMI,9,2500,3,https://pub-77824f6d0d4542d282fa48605bce7479.r2.dev/cards/MYL/PRIMERA%20ERA/0b2fa8a1-4aa3-40d4-a07f-a0e5f340600d.png
93408ebb-e75e-4047-b4d3-84cd8d0e1ae6,LBPE24-20-21,JOWANGSIN,3.0,3,,,,LOOTBOX PRIMERA ERA 2024,4,2500,2,https://pub-77824f6d0d4542d282fa48605bce7479.r2.dev/cards/MYL/PRIMERA%20ERA/93408ebb-e75e-4047-b4d3-84cd8d0e1ae6.png
fcd77da8-ace6-4a17-aebb-f2f5af6e3d36,MPDI 15/18,JOYA DE BALDUNG,,0,,,,MUNDOS PERDIDOS: ALIENTO DE FUEGO,11,5500,4,https://pub-77824f6d0d4542d282fa48605bce7479.r2.dev/pending-versions/a09cd627-0dac-4af7-96c4-4501b80b8882/1786063942700-0.webp
6e1b6417-12e0-48d2-9b3d-761c448a0b84,LPE4 - 80/320 MR,JUBOKKU,3.0,0,,,,LEYENDAS PE 4.0,4,3000,3,https://pub-77824f6d0d4542d282fa48605bce7479.r2.dev/pending-versions/b457c3e0-41ed-4a6b-8d6b-438846ff4e1d/1785713055534-0.webp
db064314-0fe1-451d-9985-e3a8a39570c0,TKPE24 19/28,JUBOKKU,3.0,0,,,,TOOLKIT PREMIUM PUERTAS DEL VALHALLA,8,2500,3,https://pub-77824f6d0d4542d282fa48605bce7479.r2.dev/cards/MYL/PRIMERA%20ERA/db064314-0fe1-451d-9985-e3a8a39570c0.png
81e594f1-7e9f-4223-a3e1-7a86c790f4c4,EXPE - 29 - 120,JUBOKKU,3.0,0,,,,KIT EXTENSION PRIMERA ERA: MUNDO GOTICO,13,2500,4,https://pub-77824f6d0d4542d282fa48605bce7479.r2.dev/cards/MYL/PRIMERA%20ERA/81e594f1-7e9f-4223-a3e1-7a86c790f4c4.png
bb131bdb-175e-494d-8ed1-ab9c84053f04,LPE23 319/300,JUBOKKU,3.0,0,,,,LEYENDAS PRIMERA ERA 3.0,10,3500,3,https://pub-77824f6d0d4542d282fa48605bce7479.r2.dev/cards/MYL/PRIMERA%20ERA/bb131bdb-175e-494d-8ed1-ab9c84053f04.png
2f81956a-e474-41a8-9f12-d7b9ab6635bc,LPE4 290/320,JUDY,1.0,2,,,,LEYENDAS PE 4.0,20,100,1,https://pub-77824f6d0d4542d282fa48605bce7479.r2.dev/cards/MYL/PRIMERA%20ERA/2f81956a-e474-41a8-9f12-d7b9ab6635bc.png
83763e06-2626-4454-a248-1b496edeb5f3,EXPE - 38 - 120,JUDY,1.0,2,,,,KIT EXTENSION PRIMERA ERA: MUNDO GOTICO,7,1000,2,https://pub-77824f6d0d4542d282fa48605bce7479.r2.dev/cards/MYL/PRIMERA%20ERA/83763e06-2626-4454-a248-1b496edeb5f3.png
39654c08-1206-458d-a91e-13b2d995f50c,PROMOCIONAL LPE25 08,JUDY,1.0,2,,,,LOOTBOX PRIMERA ERA 2025,23,1500,4,https://pub-77824f6d0d4542d282fa48605bce7479.r2.dev/cards/MYL/PRIMERA%20ERA/39654c08-1206-458d-a91e-13b2d995f50c.png
9a4100d7-333e-4836-bee5-a7447f342ab2,LPE23 260/300,JUEGO ETERNO,2.0,0,,,,LEYENDAS PRIMERA ERA 3.0,4,100,1,https://pub-77824f6d0d4542d282fa48605bce7479.r2.dev/cards/MYL/PRIMERA%20ERA/9a4100d7-333e-4836-bee5-a7447f342ab2.png
675a69c3-8544-44db-8b89-45d8a3c51eb6,30 - 126 / PRIMERA EDICION,JUEGO ETERNO,2.0,0,,,,COLECCION: MUNDO GOTICO,4,200,2,https://pub-77824f6d0d4542d282fa48605bce7479.r2.dev/cards/MYL/PRIMERA%20ERA/675a69c3-8544-44db-8b89-45d8a3c51eb6.png
2310965a-3126-4990-9bdd-ef1b6128f59c,MPS 10/18,JUICIOS DE SALEM,3.0,0,,,,MUNDOS PERDIDOS: HORRORES DE SALEM,25,1500,6,https://pub-77824f6d0d4542d282fa48605bce7479.r2.dev/cards/MYL/PRIMERA%20ERA/2310965a-3126-4990-9bdd-ef1b6128f59c.png
ec925aaa-52f7-48fc-80f6-fa2fd3d157c1,LPE4 179/320,JUICIOS DE SALEM,3.0,0,,,,LEYENDAS PE 4.0,55,700,8,https://pub-77824f6d0d4542d282fa48605bce7479.r2.dev/cards/MYL/PRIMERA%20ERA/ec925aaa-52f7-48fc-80f6-fa2fd3d157c1.png
df995ea6-57de-43d8-aaca-21617c0eb3b8,MPAT 11/18,JURAMENTO,,0,,,,MUNDOS PERDIDOS: HORDA ESTEPARIA,38,2000,7,https://pub-77824f6d0d4542d282fa48605bce7479.r2.dev/pending-versions/b457c3e0-41ed-4a6b-8d6b-438846ff4e1d/1785700911361-0.webp
1b761759-f671-49e6-952e-827847228111,EXPE - 74 - 120,JURAMENTO DE LOS HEROES,3.0,0,,,,KIT EXTENSION PRIMERA ERA: RAGNAROK,11,2000,3,https://pub-77824f6d0d4542d282fa48605bce7479.r2.dev/cards/MYL/PRIMERA%20ERA/1b761759-f671-49e6-952e-827847228111.png
9a9fd2d3-664c-49c8-af18-b14fdbeb7d4f,TKPE24 18/28,JURAMENTO DE LOS HEROES,3.0,0,,,,TOOLKIT PREMIUM PUERTAS DEL VALHALLA,13,1000,3,https://pub-77824f6d0d4542d282fa48605bce7479.r2.dev/cards/MYL/PRIMERA%20ERA/9a9fd2d3-664c-49c8-af18-b14fdbeb7d4f.png
a547fc54-247f-4d19-877f-952b3665583c,4 - 126 / PRIMERA EDICION,JURAMENTO DE LOS HEROES,3.0,0,,,,COLECCION: RAGNAROK,3,1000,3,https://pub-77824f6d0d4542d282fa48605bce7479.r2.dev/cards/MYL/PRIMERA%20ERA/a547fc54-247f-4d19-877f-952b3665583c.png
8cc840e6-a8b0-4987-8760-39083b874ce2,LBPE25 07/21,JURE GRANDO,2.0,3,,,,LOOTBOX PRIMERA ERA 2025,7,3000,3,https://pub-77824f6d0d4542d282fa48605bce7479.r2.dev/cards/MYL/PRIMERA%20ERA/8cc840e6-a8b0-4987-8760-39083b874ce2.png
dba5991a-577e-4723-bd4b-258bb92dce3b,EDICIÓN LIMITADA JO,JUSTA,3.0,0,,,,JUEGO ORGANIZADO,4,5000,2,https://pub-77824f6d0d4542d282fa48605bce7479.r2.dev/pending-versions/efaa6295-f0d9-4ace-a854-648c041539e0/1787853128915-0.webp
56455e54-9d0d-429a-8b97-ee4308ea02c7,TKPE25 15/28,JUSTA,3.0,0,,,,TOOLKIT 2025: HONOR Y FEROCIDAD,24,900,7,https://pub-77824f6d0d4542d282fa48605bce7479.r2.dev/cards/MYL/PRIMERA%20ERA/56455e54-9d0d-429a-8b97-ee4308ea02c7.png
4c014252-00db-45b3-9c2d-c5df80c50311,SECRETA-PROMO-01,JUSTA,3.0,0,,,,LOOTBOX PRIMERA ERA 2024,42,2500,8,https://pub-77824f6d0d4542d282fa48605bce7479.r2.dev/cards/MYL/PRIMERA%20ERA/4c014252-00db-45b3-9c2d-c5df80c50311.png
8ba0e9f6-075f-49c8-a2c3-089fe302fd31,LPE4 74/320,JUSTA,3.0,0,,,,LEYENDAS PE 4.0,6,1000,3,https://pub-77824f6d0d4542d282fa48605bce7479.r2.dev/cards/MYL/PRIMERA%20ERA/8ba0e9f6-075f-49c8-a2c3-089fe302fd31.png
db88854e-143d-4192-83b2-0a49a2e8e9ae,TKPE24 10/28,JUSTA,3.0,0,,,,TOOLKIT PREMIUM JUSTA,5,2000,2,https://pub-77824f6d0d4542d282fa48605bce7479.r2.dev/cards/MYL/PRIMERA%20ERA/db88854e-143d-4192-83b2-0a49a2e8e9ae.png
8abf1d6a-5925-4a79-b5b7-d7f80f076ab3,LPE4 333/320 P,JUSTOS POR PECADORES,2.0,0,,,,KIT DE BATALLA PAGANO,13,1500,3,https://pub-77824f6d0d4542d282fa48605bce7479.r2.dev/cards/MYL/PRIMERA%20ERA/8abf1d6a-5925-4a79-b5b7-d7f80f076ab3.png
6c7f8a40-931e-47c2-a286-d1df6bf2561e,LPE4 129/320,K AK NA,4.0,0,,,,LEYENDAS PE 4.0,23,600,6,https://pub-77824f6d0d4542d282fa48605bce7479.r2.dev/cards/MYL/PRIMERA%20ERA/6c7f8a40-931e-47c2-a286-d1df6bf2561e.png
21231a9c-aeb9-4ae3-ba6f-c360ad496559,011 - 126 / PRIMERA ERA,K AK NA,4.0,0,,,,COLECCION: LA IRA DEL NAHUAL,2,300,2,https://pub-77824f6d0d4542d282fa48605bce7479.r2.dev/cards/MYL/PRIMERA%20ERA/21231a9c-aeb9-4ae3-ba6f-c360ad496559.png
8deccc01-359d-4a02-9522-cef176123480,47 - 236 / PRIMERA EDICION,K AK NA,4.0,0,,,,LEYENDAS PRIMERA ERA 2.0,1,100,1,https://pub-77824f6d0d4542d282fa48605bce7479.r2.dev/cards/MYL/PRIMERA%20ERA/8deccc01-359d-4a02-9522-cef176123480.png
40396c18-5259-443d-9145-9896b475e179,LPE23 - 143/300,K AK NA,4.0,0,,,,LEYENDAS PRIMERA ERA 3.0,3,500,2,https://pub-77824f6d0d4542d282fa48605bce7479.r2.dev/pending-versions/b457c3e0-41ed-4a6b-8d6b-438846ff4e1d/1786642387622-0.webp
a50503ec-2f3a-4add-80e5-2d934e34fb60,155 - 236 / PRIMERA EDICION,KAGE BUN SHIN NO JUTSU,2.0,0,,,,COLECCION: ESPIRITU DEL DRAGON,3,2000,2,https://pub-77824f6d0d4542d282fa48605bce7479.r2.dev/cards/MYL/PRIMERA%20ERA/a50503ec-2f3a-4add-80e5-2d934e34fb60.png
8ca1c5c8-d334-495d-bd9c-2b5b4c181a0f,LPE23 113/300,KAGE GAKURE JUTSU,4.0,0,,,,LEYENDAS PRIMERA ERA 3.0,19,600,6,https://pub-77824f6d0d4542d282fa48605bce7479.r2.dev/cards/MYL/PRIMERA%20ERA/8ca1c5c8-d334-495d-bd9c-2b5b4c181a0f.png
9748d984-be88-4837-8592-fa0506e732dd,169 - 236 / PRIMERA EDICION,KAGE GAKURE JUTSU,4.0,0,,,,,1,5000,1,https://pub-77824f6d0d4542d282fa48605bce7479.r2.dev/pending-versions/a09cd627-0dac-4af7-96c4-4501b80b8882/1783275896392-0.webp
d1206182-b159-4161-a61b-c17f39feb600,LPE23 105/300,KAGUTSUCHI,2.0,4,,,,LEYENDAS PRIMERA ERA 3.0,7,500,4,https://pub-77824f6d0d4542d282fa48605bce7479.r2.dev/cards/MYL/PRIMERA%20ERA/d1206182-b159-4161-a61b-c17f39feb600.png
d356ee28-a2f4-4b70-a2a1-8f219837b7d2,18 - 236 / PRIMERA EDICION,KAGUTSUCHI,2.0,4,,,,COLECCION: ESPIRITU DEL DRAGON,2,400,2,https://pub-77824f6d0d4542d282fa48605bce7479.r2.dev/cards/MYL/PRIMERA%20ERA/d356ee28-a2f4-4b70-a2a1-8f219837b7d2.png
38fb3304-7cc7-4c4a-b828-a0ad50f21d7c,71 - 126 / PRIMERA EDICION,KAIN,4.0,4,,,,COLECCION: MUNDO GOTICO,2,500,2,https://pub-77824f6d0d4542d282fa48605bce7479.r2.dev/cards/MYL/PRIMERA%20ERA/38fb3304-7cc7-4c4a-b828-a0ad50f21d7c.png
b14e56c3-35f9-4d38-9bc2-b1f4d86cc83c,CRPE-62-72,KAIN,4.0,4,,,,KIT RACIALES PRIMERA ERA: VAMPIRO,1,2000,1,https://pub-77824f6d0d4542d282fa48605bce7479.r2.dev/cards/MYL/PRIMERA%20ERA/b14e56c3-35f9-4d38-9bc2-b1f4d86cc83c.png
782fc84d-1260-48d4-bdb1-fc5a82d774ff,LPE23 129/300,KAIN,4.0,4,,,,LEYENDAS PRIMERA ERA 3.0,15,600,4,https://pub-77824f6d0d4542d282fa48605bce7479.r2.dev/cards/MYL/PRIMERA%20ERA/782fc84d-1260-48d4-bdb1-fc5a82d774ff.png
88eecab7-2169-408f-b27a-0692181d77fc,73 - 170 / PRIMERA EDICION,KAIN,4.0,4,,,,COLECCION: COFRADIA,1,100,1,https://pub-77824f6d0d4542d282fa48605bce7479.r2.dev/cards/MYL/PRIMERA%20ERA/88eecab7-2169-408f-b27a-0692181d77fc.png
bbf5c0e7-9860-4505-9536-7d0405f21639,72 - 170 / FIRST EDITION,KAK'NA,,0,,,,,1,2000,1,https://pub-77824f6d0d4542d282fa48605bce7479.r2.dev/pending-versions/b457c3e0-41ed-4a6b-8d6b-438846ff4e1d/1785134070154-0.webp
60948a56-3113-4538-b685-0b4a722259d4,LPE23 143/300,KAKNA,4.0,0,,,,LEYENDAS PRIMERA ERA 3.0,10,1000,2,https://pub-77824f6d0d4542d282fa48605bce7479.r2.dev/cards/MYL/PRIMERA%20ERA/60948a56-3113-4538-b685-0b4a722259d4.png
2507c490-6351-4ed8-ac7e-5f6889bf9807,063 - 126 / PRIMERA ERA,KALKU,6.0,3,,,,COLECCION: LA IRA DEL NAHUAL,1,300,1,https://pub-77824f6d0d4542d282fa48605bce7479.r2.dev/cards/MYL/PRIMERA%20ERA/2507c490-6351-4ed8-ac7e-5f6889bf9807.png
93a8d70e-7a4e-409c-847e-be829b040b91,EXPE - 54 - 120,KALKU,6.0,3,,,,KIT EXTENSION PRIMERA ERA: LA IRA DEL NAHUAL,8,1500,2,https://pub-77824f6d0d4542d282fa48605bce7479.r2.dev/cards/MYL/PRIMERA%20ERA/93a8d70e-7a4e-409c-847e-be829b040b91.png
f5533a8e-2990-4608-a2da-fd28026324ca,CRPE4 51 - 117,KALKU,6.0,3,,,,KIT RACIALES PRIMERA ERA 2025: CHAMAN,8,1500,2,https://pub-77824f6d0d4542d282fa48605bce7479.r2.dev/cards/MYL/PRIMERA%20ERA/f5533a8e-2990-4608-a2da-fd28026324ca.png
68237731-e955-4ca3-b99f-063ce1ffe108,EXPE - 115 - 120,KAMA DE OKINAWA,2.0,0,,,,KIT EXTENSION PRIMERA ERA: ESPIRITU DEL DRAGON,2,3500,2,https://pub-77824f6d0d4542d282fa48605bce7479.r2.dev/cards/MYL/PRIMERA%20ERA/68237731-e955-4ca3-b99f-063ce1ffe108.png
03a801dd-e150-41ca-a5cb-422e05fddea2,CRPE5 51 - 84,KAMAITACHI,3.0,3,,,,KIT RACIALES PRIMERA ERA 2025: CRIATURAS,20,2500,2,https://pub-77824f6d0d4542d282fa48605bce7479.r2.dev/cards/MYL/PRIMERA%20ERA/03a801dd-e150-41ca-a5cb-422e05fddea2.png
0051a841-6770-4ab4-bbbd-725208d95d62,LPE23 054/300,KAMAITACHI,3.0,3,,,,LEYENDAS PRIMERA ERA 3.0,10,3000,1,https://pub-77824f6d0d4542d282fa48605bce7479.r2.dev/cards/MYL/PRIMERA%20ERA/0051a841-6770-4ab4-bbbd-725208d95d62.png
fc954fa3-3799-4836-8806-dad81b3ea929,195 - 236 / PRIMERA EDICION,KAN,4.0,0,,,,COLECCION: ESPIRITU DEL DRAGON,1,300,1,https://pub-77824f6d0d4542d282fa48605bce7479.r2.dev/cards/MYL/PRIMERA%20ERA/fc954fa3-3799-4836-8806-dad81b3ea929.png
b9e64e3c-5588-4d8b-a86a-175c651f8cc2,EXPE - 118 - 120,KAN,3.0,0,,,,KIT EXTENSION PRIMERA ERA: ESPIRITU DEL DRAGON,1,1500,1,https://pub-77824f6d0d4542d282fa48605bce7479.r2.dev/cards/MYL/PRIMERA%20ERA/b9e64e3c-5588-4d8b-a86a-175c651f8cc2.png
c97191bd-c75f-4860-85b6-17d4dd792c23,EXPE - 41 - 120,KANILLU,5.0,3,,,,KIT EXTENSION PRIMERA ERA: LA IRA DEL NAHUAL,12,2000,2,https://pub-77824f6d0d4542d282fa48605bce7479.r2.dev/cards/MYL/PRIMERA%20ERA/c97191bd-c75f-4860-85b6-17d4dd792c23.png
990a5ab3-0c50-4f18-8cb6-7712366747ef,LPE23 239/300,KAPPA,2.0,2,,,,LEYENDAS PRIMERA ERA 3.0,4,100,1,https://pub-77824f6d0d4542d282fa48605bce7479.r2.dev/cards/MYL/PRIMERA%20ERA/990a5ab3-0c50-4f18-8cb6-7712366747ef.png
8afc314f-e6ad-439c-855e-f67bc38a18c5,109 - 236 / PRIMERA EDICION,KAPPA,2.0,2,,,,COLECCION: ESPIRITU DEL DRAGON,1,100,1,https://pub-77824f6d0d4542d282fa48605bce7479.r2.dev/cards/MYL/PRIMERA%20ERA/8afc314f-e6ad-439c-855e-f67bc38a18c5.png
5133fdec-94d3-4a0b-a397-879f3db8d090,LPE4 299/320,KARIB,3.0,3,,,,LEYENDAS PE 4.0,20,100,1,https://pub-77824f6d0d4542d282fa48605bce7479.r2.dev/cards/MYL/PRIMERA%20ERA/5133fdec-94d3-4a0b-a397-879f3db8d090.png
fce340a2-6257-4ec7-b847-34821edc6dbf,CRPE4 114-117,KARIB,3.0,3,,,,KIT RACIALES PRIMERA ERA 2025: GUERRERO,13,2500,3,https://pub-77824f6d0d4542d282fa48605bce7479.r2.dev/cards/MYL/PRIMERA%20ERA/fce340a2-6257-4ec7-b847-34821edc6dbf.png
33bdd3e9-f357-43d8-8802-401f355f1d83,EXPE - 88 - 120,KARIB,3.0,3,,,,KIT EXTENSION PRIMERA ERA: COFRADIA,11,1500,4,https://pub-77824f6d0d4542d282fa48605bce7479.r2.dev/cards/MYL/PRIMERA%20ERA/33bdd3e9-f357-43d8-8802-401f355f1d83.png
0d9a79ca-d176-49d5-8546-f6a4092f8dd2,EDICION LIMITADA JO,KARVE,,0,,,,,20,6500,6,https://pub-77824f6d0d4542d282fa48605bce7479.r2.dev/cards/MYL/PRIMERA%20ERA/0d9a79ca-d176-49d5-8546-f6a4092f8dd2.png
1de4e71b-acb5-4f44-ae13-8844c0868aab,LPE4 - 340/320,KARVE,,0,,,,KIT DE BATALLA VINLAND,15,4500,6,https://pub-77824f6d0d4542d282fa48605bce7479.r2.dev/cards/MYL/PRIMERA%20ERA/1de4e71b-acb5-4f44-ae13-8844c0868aab.png
f5f7e328-bd68-49d8-b194-e8ce666bdd04,MPRE 18/18,KASEWATS,3.0,2,,,,MUNDOS PERDIDOS: NUBE ROJA,15,2500,4,https://pub-77824f6d0d4542d282fa48605bce7479.r2.dev/cards/MYL/PRIMERA%20ERA/f5f7e328-bd68-49d8-b194-e8ce666bdd04.png
ade3ea96-2f7d-489a-a37e-11a42ddd9e23,LPE23 174/300,KATANA,3.0,0,,,,LEYENDAS PRIMERA ERA 3.0,19,1500,5,https://pub-77824f6d0d4542d282fa48605bce7479.r2.dev/cards/MYL/PRIMERA%20ERA/ade3ea96-2f7d-489a-a37e-11a42ddd9e23.png
f5bde9b9-b82a-4e81-a86f-30dbcc6edd22,211 - 236 / PRIMERA EDICION,KATANA,3.0,0,,,,COLECCION: ESPIRITU DEL DRAGON,2,1000,2,https://pub-77824f6d0d4542d282fa48605bce7479.r2.dev/cards/MYL/PRIMERA%20ERA/f5bde9b9-b82a-4e81-a86f-30dbcc6edd22.png
571e7c08-193e-4903-b0dc-b819bd641d80,132 - 236 / PRIMERA EDICION,KAYAKUJUTSU,3.0,0,,,,COLECCION: ESPIRITU DEL DRAGON,1,400,1,https://pub-77824f6d0d4542d282fa48605bce7479.r2.dev/cards/MYL/PRIMERA%20ERA/571e7c08-193e-4903-b0dc-b819bd641d80.png
8806844e-fa81-43b8-8fef-79cd795a8ff3,105 - 126 / PRIMERA EDICION,KEL-ESSUF,4.0,2,,,,COLECCION: EL RETO,1,100,1,https://pub-77824f6d0d4542d282fa48605bce7479.r2.dev/cards/MYL/PRIMERA%20ERA/8806844e-fa81-43b8-8fef-79cd795a8ff3.png
47efc1a1-a092-4629-a13f-71081d02d907,74 - 170 / PRIMERA EDICION,KEMSA,1.0,1,,,,COLECCION: COFRADIA,6,1500,3,https://pub-77824f6d0d4542d282fa48605bce7479.r2.dev/cards/MYL/PRIMERA%20ERA/47efc1a1-a092-4629-a13f-71081d02d907.png
b7a1518c-3bd7-4d44-bcd6-5b3d48611c7e,CRPE2-09-84,KEMSA,2.0,1,,,,KIT RACIALES PRIMERA ERA: CAZADOR,2,2000,1,https://pub-77824f6d0d4542d282fa48605bce7479.r2.dev/cards/MYL/PRIMERA%20ERA/b7a1518c-3bd7-4d44-bcd6-5b3d48611c7e.png
12012748-26b7-432f-90d2-0c3d481ab45a,160 - 236 / PRIMERA EDICION,KEN NAGE,6.0,0,,,,COLECCION: ESPIRITU DEL DRAGON,3,1000,3,https://pub-77824f6d0d4542d282fa48605bce7479.r2.dev/cards/MYL/PRIMERA%20ERA/12012748-26b7-432f-90d2-0c3d481ab45a.png
d27aace2-0703-4f8f-86a2-c48d46a3c3f7,LPE23 312/300,KEN NAGE,6.0,0,,,,LEYENDAS PRIMERA ERA 3.0,4,3500,2,https://pub-77824f6d0d4542d282fa48605bce7479.r2.dev/cards/MYL/PRIMERA%20ERA/d27aace2-0703-4f8f-86a2-c48d46a3c3f7.png
a6c0b9df-fc68-4b74-b76d-798e90c7e9df,LPE4 264/320,KENDO,2.0,0,,,,LEYENDAS PE 4.0,20,100,1,https://pub-77824f6d0d4542d282fa48605bce7479.r2.dev/cards/MYL/PRIMERA%20ERA/a6c0b9df-fc68-4b74-b76d-798e90c7e9df.png
12292edf-f1b8-4d19-b93d-93cb0bfc8280,059 - 126 / PRIMERA ERA,KENOS,1.0,1,,,,COLECCION: LA IRA DEL NAHUAL,16,600,3,https://pub-77824f6d0d4542d282fa48605bce7479.r2.dev/cards/MYL/PRIMERA%20ERA/12292edf-f1b8-4d19-b93d-93cb0bfc8280.png
7d298f62-258b-405e-aae6-940540e6807b,80 - 126 / PRIMERA EDICION,KHAN,2.0,1,,,,COLECCION: MUNDO GOTICO,4,1000,1,https://pub-77824f6d0d4542d282fa48605bce7479.r2.dev/cards/MYL/PRIMERA%20ERA/7d298f62-258b-405e-aae6-940540e6807b.png
23ae59e9-4794-4fff-9dcd-4618adbf2df5,CRPE-64-72,KHAN,2.0,1,,,,KIT RACIALES PRIMERA ERA: VAMPIRO,4,2000,2,https://pub-77824f6d0d4542d282fa48605bce7479.r2.dev/cards/MYL/PRIMERA%20ERA/23ae59e9-4794-4fff-9dcd-4618adbf2df5.png
58f63787-a970-4597-ae66-75154ad8d019,LPE23 175/300,KIKU,,0,,,,LEYENDAS PRIMERA ERA 3.0,10,1500,3,https://pub-77824f6d0d4542d282fa48605bce7479.r2.dev/cards/MYL/PRIMERA%20ERA/58f63787-a970-4597-ae66-75154ad8d019.png
89299cd7-6df4-4f68-bb2c-8a9264981f83,CRPE2-27-84,KILLA,4.0,4,,,,KIT RACIALES PRIMERA ERA: GUERRERO,2,1500,1,https://pub-77824f6d0d4542d282fa48605bce7479.r2.dev/cards/MYL/PRIMERA%20ERA/89299cd7-6df4-4f68-bb2c-8a9264981f83.png
d5e3ab32-ac50-4f52-af93-a223cda5a2d7,LPE23 020/300,KILLA,4.0,4,,,,LEYENDAS PRIMERA ERA 3.0,6,2000,3,https://pub-77824f6d0d4542d282fa48605bce7479.r2.dev/cards/MYL/PRIMERA%20ERA/d5e3ab32-ac50-4f52-af93-a223cda5a2d7.png
20a27c50-40c6-4bcc-b038-642461ce8e01,75 - 170 / FIRST EDITION,KILLA,4.0,4,,,,,1,3000,1,https://pub-77824f6d0d4542d282fa48605bce7479.r2.dev/pending-versions/b457c3e0-41ed-4a6b-8d6b-438846ff4e1d/1785132901202-0.webp
bdf4c790-21fd-4f89-8da0-d56f6e088294,75 - 170 / PRIMERA EDICION,KILLA,4.0,4,,,,COLECCION: COFRADIA,3,1000,3,https://pub-77824f6d0d4542d282fa48605bce7479.r2.dev/cards/MYL/PRIMERA%20ERA/bdf4c790-21fd-4f89-8da0-d56f6e088294.png
04f2ae6e-792e-4c65-976d-b31333a3f7b3,116 - 236 / PRIMERA EDICION,KITSUNE,3.0,4,,,,COLECCION: ESPIRITU DEL DRAGON,5,600,4,https://pub-77824f6d0d4542d282fa48605bce7479.r2.dev/cards/MYL/PRIMERA%20ERA/04f2ae6e-792e-4c65-976d-b31333a3f7b3.png
c6bcf3fe-e0f5-40bd-a14d-c0f97bb18fc5,CRPE2-54-84,KITSUNE,3.0,4,,,,KIT RACIALES PRIMERA ERA: CRIATURAS,4,1000,2,https://pub-77824f6d0d4542d282fa48605bce7479.r2.dev/cards/MYL/PRIMERA%20ERA/c6bcf3fe-e0f5-40bd-a14d-c0f97bb18fc5.png
9a76530e-4280-41cd-be18-2ca68ecb4d6a,LPE23 115/300,KITSUNE-TSUKI,5.0,0,,,,LEYENDAS PRIMERA ERA 3.0,25,600,5,https://pub-77824f6d0d4542d282fa48605bce7479.r2.dev/cards/MYL/PRIMERA%20ERA/9a76530e-4280-41cd-be18-2ca68ecb4d6a.png
f66a2376-644b-4e56-95e4-3ab4f7f84f1b,TKPE24 17/28,KITSUNE-TSUKI,5.0,0,,,,TOOLKIT PREMIUM PUERTAS DEL VALHALLA,8,2000,2,https://pub-77824f6d0d4542d282fa48605bce7479.r2.dev/cards/MYL/PRIMERA%20ERA/f66a2376-644b-4e56-95e4-3ab4f7f84f1b.png
d271f874-591f-4fbc-b918-fb1643a7d4fe,159 - 236 / PRIMERA EDICION,KITSUNE-TSUKI,5.0,0,,,,COLECCION: ESPIRITU DEL DRAGON,1,1000,1,https://pub-77824f6d0d4542d282fa48605bce7479.r2.dev/cards/MYL/PRIMERA%20ERA/d271f874-591f-4fbc-b918-fb1643a7d4fe.png
98b81f62-884b-4315-97a7-420b7a34f1f4,CRPE2-58-84,KIYOHIME,2.0,2,,,,KIT RACIALES PRIMERA ERA: CRIATURAS,5,1500,3,https://pub-77824f6d0d4542d282fa48605bce7479.r2.dev/cards/MYL/PRIMERA%20ERA/98b81f62-884b-4315-97a7-420b7a34f1f4.png
697bf325-dc3b-4c81-b93c-6f93cd117ab1,LPE23 094/300,KNARR,,0,,,,LEYENDAS PRIMERA ERA 3.0,36,2500,6,https://pub-77824f6d0d4542d282fa48605bce7479.r2.dev/cards/MYL/PRIMERA%20ERA/697bf325-dc3b-4c81-b93c-6f93cd117ab1.png
3bd504f8-5bfd-4cf6-991f-d5126fe6d36e,TKPE26 34/32,KNARR,,0,,,,TOOLKIT 2026: ANCESTRAL,48,2000,9,https://pub-77824f6d0d4542d282fa48605bce7479.r2.dev/cards/MYL/PRIMERA%20ERA/3bd504f8-5bfd-4cf6-991f-d5126fe6d36e.png
f26ea3d0-1b66-48f0-9090-680b8949e470,EDICION LIMITADA PE 24,KNARR,,0,,,,,8,5000,3,https://pub-77824f6d0d4542d282fa48605bce7479.r2.dev/pending-versions/a09cd627-0dac-4af7-96c4-4501b80b8882/1783275215981-0.webp
d8cac211-4f7c-4c89-9fd3-740b29e0bfad,LPE4 91/320,KNARR,,0,,,,LEYENDAS PE 4.0,6,2000,4,https://pub-77824f6d0d4542d282fa48605bce7479.r2.dev/cards/MYL/PRIMERA%20ERA/d8cac211-4f7c-4c89-9fd3-740b29e0bfad.png
88bb5452-2057-4eaa-94be-bda0c4734223,LPE4 325/320,KNARR,,0,,,,LEYENDAS PE 4.0,8,8000,2,https://pub-77824f6d0d4542d282fa48605bce7479.r2.dev/cards/MYL/PRIMERA%20ERA/88bb5452-2057-4eaa-94be-bda0c4734223.png
18319a83-10c0-41bb-8850-de2786772929,REX 06/12,KNOCHEN,5.0,5,,,,MUNDO MEDIEVAL,11,2000,6,https://pub-77824f6d0d4542d282fa48605bce7479.r2.dev/cards/MYL/PRIMERA%20ERA/18319a83-10c0-41bb-8850-de2786772929.png
03fe034a-f5dc-4e1f-ab19-2601785fa073,EXPE - 82 - 120,KNOCHEN,5.0,5,,,,KIT EXTENSION PRIMERA ERA: COFRADIA,13,1500,5,https://pub-77824f6d0d4542d282fa48605bce7479.r2.dev/cards/MYL/PRIMERA%20ERA/03fe034a-f5dc-4e1f-ab19-2601785fa073.png
9daf2fc3-4701-43b0-be66-7a3e67ad7f1e,76 - 170 / PRIMERA EDICION,KNOCHEN,5.0,5,,,,COLECCION: COFRADIA,1,1500,1,https://pub-77824f6d0d4542d282fa48605bce7479.r2.dev/cards/MYL/PRIMERA%20ERA/9daf2fc3-4701-43b0-be66-7a3e67ad7f1e.png
e52349a7-4226-48c9-8888-9b54ed6d0b58,CRPE5 86 - 84,KNOCHEN,5.0,5,,,,KIT RACIALES PRIMERA ERA 2025: DRAGON,1,2000,1,https://pub-77824f6d0d4542d282fa48605bce7479.r2.dev/cards/MYL/PRIMERA%20ERA/e52349a7-4226-48c9-8888-9b54ed6d0b58.png
e5c159e4-f85c-44e4-a321-fa05daf9c21f,25 ANIVERSARIO 03/25,KNOCHEN,5.0,5,,,,ANIVERSARIO 25 ANOS,26,5500,6,https://pub-77824f6d0d4542d282fa48605bce7479.r2.dev/cards/MYL/PRIMERA%20ERA/e5c159e4-f85c-44e4-a321-fa05daf9c21f.png
1d8678de-bcaa-4bb8-86d1-5cfdbe7f339a,7 - 236 / PRIMERA EDICION,KOJIN,3.0,3,,,,COLECCION: ESPIRITU DEL DRAGON,1,100,1,https://pub-77824f6d0d4542d282fa48605bce7479.r2.dev/cards/MYL/PRIMERA%20ERA/1d8678de-bcaa-4bb8-86d1-5cfdbe7f339a.png
1c1382a0-dbdd-4a5d-b449-889ccb1b2825,CRPE2-69-84,KOJIN,3.0,3,,,,KIT RACIALES PRIMERA ERA: KAMI,2,800,2,https://pub-77824f6d0d4542d282fa48605bce7479.r2.dev/cards/MYL/PRIMERA%20ERA/1c1382a0-dbdd-4a5d-b449-889ccb1b2825.png
32bdd642-90c2-43e6-8fbc-8c67923768f5,LPE23 231/300,KOJIN,3.0,3,,,,LEYENDAS PRIMERA ERA 3.0,3,100,1,https://pub-77824f6d0d4542d282fa48605bce7479.r2.dev/cards/MYL/PRIMERA%20ERA/32bdd642-90c2-43e6-8fbc-8c67923768f5.png
88706964-c658-4612-b75d-e8eb0c9a96f0,LPE23 238/300,KONAKI JIJI,1.0,2,,,,LEYENDAS PRIMERA ERA 3.0,1,100,1,https://pub-77824f6d0d4542d282fa48605bce7479.r2.dev/cards/MYL/PRIMERA%20ERA/88706964-c658-4612-b75d-e8eb0c9a96f0.png
d6e3f9ea-43da-4f8f-b268-ea447951543a,PROMOCIONAL LPE25 22,KONAKI JIJI,1.0,2,,,,LOOTBOX PRIMERA ERA 2025,14,3500,2,https://pub-77824f6d0d4542d282fa48605bce7479.r2.dev/cards/MYL/PRIMERA%20ERA/d6e3f9ea-43da-4f8f-b268-ea447951543a.png
642644e3-955b-4162-a5db-866b9ad0bdb6,CRPE2-52-84,KONAKI JIJI,1.0,2,,,,KIT RACIALES PRIMERA ERA: CRIATURAS,6,2500,2,https://pub-77824f6d0d4542d282fa48605bce7479.r2.dev/cards/MYL/PRIMERA%20ERA/642644e3-955b-4162-a5db-866b9ad0bdb6.png
64e46de8-9486-43fb-8a68-0a41d73ab7a5,107 - 236 / PRIMERA EDICION,KONAKI JIJI,1.0,2,,,,COLECCION: ESPIRITU DEL DRAGON,5,300,2,https://pub-77824f6d0d4542d282fa48605bce7479.r2.dev/cards/MYL/PRIMERA%20ERA/64e46de8-9486-43fb-8a68-0a41d73ab7a5.png
6925022b-cbc6-4d4d-b47b-c57f90fe1070,LPE23 052/300,KONJIN,2.0,2,,,,LEYENDAS PRIMERA ERA 3.0,13,2500,3,https://pub-77824f6d0d4542d282fa48605bce7479.r2.dev/cards/MYL/PRIMERA%20ERA/6925022b-cbc6-4d4d-b47b-c57f90fe1070.png
059fc60f-47e4-46e1-b05d-e2c1dca836e5,CRPE5 67 - 84,KONJIN,2.0,2,,,,KIT RACIALES PRIMERA ERA 2025: KAMI,15,2000,2,https://pub-77824f6d0d4542d282fa48605bce7479.r2.dev/cards/MYL/PRIMERA%20ERA/059fc60f-47e4-46e1-b05d-e2c1dca836e5.png
7040d6e0-69d3-4029-9779-3e30106d97f4,XINNIAN 3 09/30,KONPIRA GONGEN,3.0,3,,,,XINNIAN 3: ANO DEL CABALLO,9,3500,2,https://pub-77824f6d0d4542d282fa48605bce7479.r2.dev/cards/MYL/PRIMERA%20ERA/7040d6e0-69d3-4029-9779-3e30106d97f4.png
840d5b16-1ed3-4613-b960-596df806f124,EXPE - 81 - 120,KORDRAG,4.0,4,,,,KIT EXTENSION PRIMERA ERA: COFRADIA,26,2000,4,https://pub-77824f6d0d4542d282fa48605bce7479.r2.dev/cards/MYL/PRIMERA%20ERA/840d5b16-1ed3-4613-b960-596df806f124.png
53f62f0f-c9d4-48e5-a238-458042ab048b,25 ANIVERSARIO 02/25,KORDRAG,4.0,4,,,,ANIVERSARIO 25 ANOS,21,5000,5,https://pub-77824f6d0d4542d282fa48605bce7479.r2.dev/cards/MYL/PRIMERA%20ERA/53f62f0f-c9d4-48e5-a238-458042ab048b.png
fddbf5a0-c328-4102-91a4-957c8542742f,102 - 126 / PRIMERA EDICION,KORDRAG,4.0,4,,,,COLECCION: EL RETO,1,500,1,https://pub-77824f6d0d4542d282fa48605bce7479.r2.dev/cards/MYL/PRIMERA%20ERA/fddbf5a0-c328-4102-91a4-957c8542742f.png
218d36ec-649c-4e93-85d7-2b0e047811cb,REX 03/12,KORDRAG,4.0,4,,,,MUNDO MEDIEVAL,7,2500,3,https://pub-77824f6d0d4542d282fa48605bce7479.r2.dev/cards/MYL/PRIMERA%20ERA/218d36ec-649c-4e93-85d7-2b0e047811cb.png
97c7081d-c326-4155-8e61-173eee3cb4df,CRPE5 85 - 84,KORDRAG,4.0,4,,,,KIT RACIALES PRIMERA ERA 2025: CABALLERO,13,2500,4,https://pub-77824f6d0d4542d282fa48605bce7479.r2.dev/cards/MYL/PRIMERA%20ERA/97c7081d-c326-4155-8e61-173eee3cb4df.png
fac04a94-4614-40bd-93a4-fc3812e3839e,EDICION LIMITADA,KORDRAG,4.0,4,,,,,7,7500,5,https://pub-77824f6d0d4542d282fa48605bce7479.r2.dev/pending-versions/a09cd627-0dac-4af7-96c4-4501b80b8882/1783264185961-0.webp
20f08294-438c-48c6-bc5b-6575469e1d21,MPDI 17/18,KORNOS,3.0,1,,,,MUNDOS PERDIDOS: ALIENTO DE FUEGO,41,2500,12,https://pub-77824f6d0d4542d282fa48605bce7479.r2.dev/pending-versions/a09cd627-0dac-4af7-96c4-4501b80b8882/1786239224561-0.webp
7d97ac15-588e-4d03-9ed7-86ff2f824266,CRPE5 20 - 84,KRAKEN,5.0,4,,,,KIT RACIALES PRIMERA ERA 2025: DRAGON,4,3000,2,https://pub-77824f6d0d4542d282fa48605bce7479.r2.dev/cards/MYL/PRIMERA%20ERA/7d97ac15-588e-4d03-9ed7-86ff2f824266.png
7a79b255-42f9-44ed-8a49-666cc7fa43e9,CRPE4 04 - 117,KRANA,3.0,2,,,,KIT RACIALES PRIMERA ERA 2025: CAZADOR,12,2000,3,https://pub-77824f6d0d4542d282fa48605bce7479.r2.dev/cards/MYL/PRIMERA%20ERA/7a79b255-42f9-44ed-8a49-666cc7fa43e9.png
a47ed072-01c8-47e8-a434-6baceaaa6748,CRPE2-08-84,KRANA,3.0,2,,,,KIT RACIALES PRIMERA ERA: CAZADOR,5,1500,2,https://pub-77824f6d0d4542d282fa48605bce7479.r2.dev/cards/MYL/PRIMERA%20ERA/a47ed072-01c8-47e8-a434-6baceaaa6748.png
5b3bfc84-77e2-4e81-9819-99a15ae3fd5a,MPSG 06/18,KRIEMHILD,,0,,,,MUNDOS PERDIDOS: LOCURA DE DRAGON,21,2500,6,https://pub-77824f6d0d4542d282fa48605bce7479.r2.dev/pending-versions/b457c3e0-41ed-4a6b-8d6b-438846ff4e1d/1785702763167-0.webp
9f788323-fd30-4bb8-907c-2770e67e0268,CRPE4 12 - 117,KRIS DE PLATA,2.0,0,,,,KIT RACIALES PRIMERA ERA 2025: CAZADOR,18,3000,3,https://pub-77824f6d0d4542d282fa48605bce7479.r2.dev/cards/MYL/PRIMERA%20ERA/9f788323-fd30-4bb8-907c-2770e67e0268.png
718ed241-0d74-4191-b38b-e3438dad3dcb,TKPE26 17/32,KRIS DE PLATA,2.0,0,,,,TOOLKIT 2026: ESPIRITU,34,1500,9,https://pub-77824f6d0d4542d282fa48605bce7479.r2.dev/cards/MYL/PRIMERA%20ERA/718ed241-0d74-4191-b38b-e3438dad3dcb.png
c5c67480-f4e2-4866-8238-c2d14db4bc05,LPE23 235/300,KUEI XING,3.0,3,,,,LEYENDAS PRIMERA ERA 3.0,2,100,1,https://pub-77824f6d0d4542d282fa48605bce7479.r2.dev/cards/MYL/PRIMERA%20ERA/c5c67480-f4e2-4866-8238-c2d14db4bc05.png
70ee3ff0-77cd-4fe5-bae8-0d917d0674ac,CRPE2-80-84,KUEI XING,3.0,3,,,,KIT RACIALES PRIMERA ERA: XIAN,5,1500,3,https://pub-77824f6d0d4542d282fa48605bce7479.r2.dev/cards/MYL/PRIMERA%20ERA/70ee3ff0-77cd-4fe5-bae8-0d917d0674ac.png
3f5e5aea-993e-4ad6-b4ff-4ad66e22e590,PREMIUM LPE25 24,KUEI XING,3.0,3,,,,LOOTBOX PRIMERA ERA 2025,11,2500,3,https://pub-77824f6d0d4542d282fa48605bce7479.r2.dev/cards/MYL/PRIMERA%20ERA/3f5e5aea-993e-4ad6-b4ff-4ad66e22e590.png
f1aa9b66-21e5-4fde-abe4-0a1f9d09e65f,57 - 236 / PRIMERA EDICION,KUEI XING,3.0,3,,,,COLECCION: ESPIRITU DEL DRAGON,2,100,2,https://pub-77824f6d0d4542d282fa48605bce7479.r2.dev/cards/MYL/PRIMERA%20ERA/f1aa9b66-21e5-4fde-abe4-0a1f9d09e65f.png
d6c47abc-7b9a-4541-bd2a-e56b677471e5,HPE 20/21,KUEI-SHEN,4.0,4,,,,VIGILANTES DE LA NOCHE,11,1500,3,https://pub-77824f6d0d4542d282fa48605bce7479.r2.dev/cards/MYL/PRIMERA%20ERA/d6c47abc-7b9a-4541-bd2a-e56b677471e5.png
5dff377b-15ea-43f0-bfad-c381d50a74a6,EXPE - 26 - 120,KUKUDH,4.0,4,,,,KIT EXTENSION PRIMERA ERA: MUNDO GOTICO,3,2000,2,https://pub-77824f6d0d4542d282fa48605bce7479.r2.dev/cards/MYL/PRIMERA%20ERA/5dff377b-15ea-43f0-bfad-c381d50a74a6.png
469c763d-4654-4931-b3a8-53e038cda321,PROMO PE-19,KUKULCAN,2.0,2,,,,LOOTBOX PRIMERA ERA 2024,7,2500,3,https://pub-77824f6d0d4542d282fa48605bce7479.r2.dev/cards/MYL/PRIMERA%20ERA/469c763d-4654-4931-b3a8-53e038cda321.png
411264d6-1827-47e8-81e7-41bb1da3cad4,EXPE - 55 - 120,KUKULCAN,2.0,2,,,,KIT EXTENSION PRIMERA ERA: LA IRA DEL NAHUAL,16,1500,3,https://pub-77824f6d0d4542d282fa48605bce7479.r2.dev/cards/MYL/PRIMERA%20ERA/411264d6-1827-47e8-81e7-41bb1da3cad4.png
ff1848ba-32e4-478c-a4b7-5a6fb4126295,LPE4 297/320,KUKULCAN,2.0,2,,,,LEYENDAS PE 4.0,20,100,1,https://pub-77824f6d0d4542d282fa48605bce7479.r2.dev/cards/MYL/PRIMERA%20ERA/ff1848ba-32e4-478c-a4b7-5a6fb4126295.png
e400a017-1594-4b1a-a1ca-4ff0cef594a4,192 - 236 / PRIMERA EDICION,KUN,3.0,0,,,,COLECCION: ESPIRITU DEL DRAGON,5,700,3,https://pub-77824f6d0d4542d282fa48605bce7479.r2.dev/cards/MYL/PRIMERA%20ERA/e400a017-1594-4b1a-a1ca-4ff0cef594a4.png
772e2601-8dc5-4169-ac60-bd2ef1d9684d,LPE4 260/320,KUNOICHI,3.0,3,,,,LEYENDAS PE 4.0,20,100,1,https://pub-77824f6d0d4542d282fa48605bce7479.r2.dev/cards/MYL/PRIMERA%20ERA/772e2601-8dc5-4169-ac60-bd2ef1d9684d.png
553ce4d3-6d62-43f2-a23f-244748adb442,208 - 236 / PRIMERA EDICION,KUSARI GAMA,2.0,0,,,,COLECCION: ESPIRITU DEL DRAGON,1,1000,1,https://pub-77824f6d0d4542d282fa48605bce7479.r2.dev/cards/MYL/PRIMERA%20ERA/553ce4d3-6d62-43f2-a23f-244748adb442.png
11a5e023-fcd0-4eb6-a837-fabcdb19630e,CRPE4 52 - 117,KUYEN,2.0,3,,,,KIT RACIALES PRIMERA ERA 2025: CHAMAN,11,1500,2,https://pub-77824f6d0d4542d282fa48605bce7479.r2.dev/cards/MYL/PRIMERA%20ERA/11a5e023-fcd0-4eb6-a837-fabcdb19630e.png
5af820ba-b1e2-4cb3-b94b-2efa14dcf4d4,LPE4 186/320,KUYEN,2.0,3,,,,LEYENDAS PE 4.0,32,600,10,https://pub-77824f6d0d4542d282fa48605bce7479.r2.dev/cards/MYL/PRIMERA%20ERA/5af820ba-b1e2-4cb3-b94b-2efa14dcf4d4.png
19e2e6e0-b1c2-4ec7-9906-c7d002c21e09,MPC 05/18,KUYEN,2.0,3,,,,MUNDOS PERDIDOS: CIUDAD DE LOS CESARES,9,1500,2,https://pub-77824f6d0d4542d282fa48605bce7479.r2.dev/cards/MYL/PRIMERA%20ERA/19e2e6e0-b1c2-4ec7-9906-c7d002c21e09.png
ab7d4a3e-69db-4525-8a93-330a75fd8a64,CRPE4 104 - 117,KVASIR,1.0,2,,,,KIT RACIALES PRIMERA ERA 2025: DIOS,15,2500,3,https://pub-77824f6d0d4542d282fa48605bce7479.r2.dev/cards/MYL/PRIMERA%20ERA/ab7d4a3e-69db-4525-8a93-330a75fd8a64.png
1c6215d4-475b-4f4d-8335-f6e0a9e0f536,EXPE - 46 - 120,KWANYIP,3.0,2,,,,KIT EXTENSION PRIMERA ERA: LA IRA DEL NAHUAL,6,1500,1,https://pub-77824f6d0d4542d282fa48605bce7479.r2.dev/cards/MYL/PRIMERA%20ERA/1c6215d4-475b-4f4d-8335-f6e0a9e0f536.png
0de72c93-f6a4-4af1-9398-7db39debe8f1,LPE23 242/300,KYUDO,2.0,0,,,,LEYENDAS PRIMERA ERA 3.0,1,100,1,https://pub-77824f6d0d4542d282fa48605bce7479.r2.dev/cards/MYL/PRIMERA%20ERA/0de72c93-f6a4-4af1-9398-7db39debe8f1.png
5dbdb2d0-0bbf-4f81-8539-06a97c8c1726,140 - 236 / PRIMERA EDICION,KYUDO,2.0,0,,,,COLECCION: ESPIRITU DEL DRAGON,1,100,1,https://pub-77824f6d0d4542d282fa48605bce7479.r2.dev/cards/MYL/PRIMERA%20ERA/5dbdb2d0-0bbf-4f81-8539-06a97c8c1726.png
dc545218-5d0c-4034-a841-d411cf8d013e,PROMO PE-24,KYUDO,2.0,0,,,,LOOTBOX PRIMERA ERA 2024,6,3500,3,https://pub-77824f6d0d4542d282fa48605bce7479.r2.dev/cards/MYL/PRIMERA%20ERA/dc545218-5d0c-4034-a841-d411cf8d013e.png
0601fb04-ef4b-4acf-ba47-0c4ad58afffc,LPE23 116/300,KYUSHO,3.0,0,,,,LEYENDAS PRIMERA ERA 3.0,44,600,7,https://pub-77824f6d0d4542d282fa48605bce7479.r2.dev/cards/MYL/PRIMERA%20ERA/0601fb04-ef4b-4acf-ba47-0c4ad58afffc.png
7e7e14a2-b27d-4e31-bf8b-da8ecad7dc22,172 - 236 / PRIMERA EDICION,KYUSHO,3.0,0,,,,COLECCION: ESPIRITU DEL DRAGON,2,200,2,https://pub-77824f6d0d4542d282fa48605bce7479.r2.dev/cards/MYL/PRIMERA%20ERA/7e7e14a2-b27d-4e31-bf8b-da8ecad7dc22.png
e6efe539-8c3d-48fa-ba84-91ded353c2f9,CONMEMORATIVA PE-05,LA COFRADIA,5.0,5,,,,LOOTBOX PRIMERA ERA 2024,11,2000,3,https://pub-77824f6d0d4542d282fa48605bce7479.r2.dev/cards/MYL/PRIMERA%20ERA/e6efe539-8c3d-48fa-ba84-91ded353c2f9.png
de84ac66-b875-4e85-9895-1facac0d2149,CONMEMORATIVA PE-03,LA IRA DEL NAHUAL,3.0,3,,,,LOOTBOX PRIMERA ERA 2024,7,2000,2,https://pub-77824f6d0d4542d282fa48605bce7479.r2.dev/cards/MYL/PRIMERA%20ERA/de84ac66-b875-4e85-9895-1facac0d2149.png
b949697a-070d-4b3d-875c-9e5a8a16b637,TKPE25 02/28,LA SAGA DE VOLSUNG,,0,,,,TOOLKIT 2025: VALENTIA Y DESOLACION,24,2000,4,https://pub-77824f6d0d4542d282fa48605bce7479.r2.dev/cards/MYL/PRIMERA%20ERA/b949697a-070d-4b3d-875c-9e5a8a16b637.png
1d8d06ee-4ff0-455f-a49b-07340b25241c,MPV 00/18,LA SAGA DE VOLSUNG,,0,,,,MUNDOS PERDIDOS: LA SAGA DE VOLSUNG,5,2000,2,https://pub-77824f6d0d4542d282fa48605bce7479.r2.dev/cards/MYL/PRIMERA%20ERA/1d8d06ee-4ff0-455f-a49b-07340b25241c.png
51b272a2-5464-40ed-8ad4-6c3d48dbe8c8,LPE4 144/320,LA SAGA DE VOLSUNG,,0,,,,LEYENDAS PE 4.0,52,900,8,https://pub-77824f6d0d4542d282fa48605bce7479.r2.dev/cards/MYL/PRIMERA%20ERA/51b272a2-5464-40ed-8ad4-6c3d48dbe8c8.png
18c62c1d-4f74-48d6-998c-7681cf1486c5,PREMIUM LPE25 06,LADY RACHEL,3.0,2,,,,LOOTBOX PRIMERA ERA 2025,6,2500,4,https://pub-77824f6d0d4542d282fa48605bce7479.r2.dev/cards/MYL/PRIMERA%20ERA/18c62c1d-4f74-48d6-998c-7681cf1486c5.png
921ac6ef-dca5-4f03-b658-0749e9dd9218,EXPE - 22 - 120,LADY RACHEL,3.0,2,,,,KIT EXTENSION PRIMERA ERA: MUNDO GOTICO,10,2000,2,https://pub-77824f6d0d4542d282fa48605bce7479.r2.dev/cards/MYL/PRIMERA%20ERA/921ac6ef-dca5-4f03-b658-0749e9dd9218.png
014bbd1f-a96d-446a-99cc-bc2223a8bdf5,CRPE4 094 - 117,LAGERTHA,1.0,2,,,,KIT RACIALES PRIMERA ERA 2025: BARBARO,3,3500,3,https://pub-77824f6d0d4542d282fa48605bce7479.r2.dev/cards/MYL/PRIMERA%20ERA/014bbd1f-a96d-446a-99cc-bc2223a8bdf5.png
28a971ec-9a02-411d-92a6-2075c68d59bc,LPE4 41/320,LAMORAK,4.0,3,,,,LEYENDAS PE 4.0,26,4000,5,https://pub-77824f6d0d4542d282fa48605bce7479.r2.dev/cards/MYL/PRIMERA%20ERA/28a971ec-9a02-411d-92a6-2075c68d59bc.png
52a036c8-57ed-467c-99a8-346096957760,EDICIÓN LIMITADA RELÁMPAGO,LAMPARA MAGICA,,0,,,,,2,3000,1,https://pub-77824f6d0d4542d282fa48605bce7479.r2.dev/pending-versions/a09cd627-0dac-4af7-96c4-4501b80b8882/1787450241731-0.webp
ce074f54-ea87-4bb7-acb8-0f4c973eae63,LPE4 103/320,LAMPARA MAGICA,,0,,,,LEYENDAS PE 4.0,37,1500,8,https://pub-77824f6d0d4542d282fa48605bce7479.r2.dev/cards/MYL/PRIMERA%20ERA/ce074f54-ea87-4bb7-acb8-0f4c973eae63.png
7386ab74-adab-4fad-9a10-1931508b202a,EDICION LIMITADA PE25,LAMPARA MAGICA,,0,,,,LOOTBOX PRIMERA ERA 2025,16,3500,4,https://pub-77824f6d0d4542d282fa48605bce7479.r2.dev/cards/MYL/PRIMERA%20ERA/7386ab74-adab-4fad-9a10-1931508b202a.png
ddc3778a-e0ce-4a4d-90ac-a91e7cde0dfb,CRPE5 05 - 84,LANCELOT,2.0,2,,,,KIT RACIALES PRIMERA ERA 2025: CABALLERO,9,2000,3,https://pub-77824f6d0d4542d282fa48605bce7479.r2.dev/cards/MYL/PRIMERA%20ERA/ddc3778a-e0ce-4a4d-90ac-a91e7cde0dfb.png
d50e5011-94ae-416d-88e5-c09d2bbe49e6,EXPE - 2 - 120,LANCELOT,2.0,2,,,,KIT EXTENSION PRIMERA ERA: EL RETO,9,2000,3,https://pub-77824f6d0d4542d282fa48605bce7479.r2.dev/cards/MYL/PRIMERA%20ERA/d50e5011-94ae-416d-88e5-c09d2bbe49e6.png
777fbde6-2af0-4af8-8c3b-f81ca035462b,LPE4 138/320,LANGSKIB,,0,,,,LEYENDAS PE 4.0,42,900,7,https://pub-77824f6d0d4542d282fa48605bce7479.r2.dev/cards/MYL/PRIMERA%20ERA/777fbde6-2af0-4af8-8c3b-f81ca035462b.png
bd84ea14-6d09-41f4-8008-71002f40e4a9,MPC 13/18,LANZA ASTRAL,1.0,0,,,,MUNDOS PERDIDOS: CIUDAD DE LOS CESARES,5,2000,1,https://pub-77824f6d0d4542d282fa48605bce7479.r2.dev/cards/MYL/PRIMERA%20ERA/bd84ea14-6d09-41f4-8008-71002f40e4a9.png
51465f1a-552b-4226-8c0c-181d4b198444,LPE23 99/300,LANZA DE ODIN,3.0,0,,,,LEYENDAS PRIMERA ERA 3.0,18,600,5,https://pub-77824f6d0d4542d282fa48605bce7479.r2.dev/cards/MYL/PRIMERA%20ERA/51465f1a-552b-4226-8c0c-181d4b198444.png
a8649829-3750-489c-8662-3a4569e6f96c,8 - 126 / PRIMERA EDICION,LANZA DE ODIN,3.0,0,,,,COLECCION: RAGNAROK,2,500,2,https://pub-77824f6d0d4542d282fa48605bce7479.r2.dev/cards/MYL/PRIMERA%20ERA/a8649829-3750-489c-8662-3a4569e6f96c.png
f0874896-1843-4ff1-9410-a95ec63f5def,EXPE - 75 - 120,LANZA KROKSPJOT,3.0,0,,,,KIT EXTENSION PRIMERA ERA: RAGNAROK,7,2000,2,https://pub-77824f6d0d4542d282fa48605bce7479.r2.dev/cards/MYL/PRIMERA%20ERA/f0874896-1843-4ff1-9410-a95ec63f5def.png
3a8881fe-c929-42d6-b1ca-e8a5e5fcdb10,CRPE4 72-117,LANZA WAYKI,2.0,0,,,,KIT RACIALES PRIMERA ERA 2025: GUERRERO,6,2000,3,https://pub-77824f6d0d4542d282fa48605bce7479.r2.dev/cards/MYL/PRIMERA%20ERA/3a8881fe-c929-42d6-b1ca-e8a5e5fcdb10.png
89b0ac88-b8cd-4422-8bfd-0b72cdc509b8,40 - 236 / PRIMERA EDICION,LAO TSE,2.0,0,,,,COLECCION: ESPIRITU DEL DRAGON,1,1000,1,https://pub-77824f6d0d4542d282fa48605bce7479.r2.dev/cards/MYL/PRIMERA%20ERA/89b0ac88-b8cd-4422-8bfd-0b72cdc509b8.png
6afc4fec-2f4f-42cb-8fa7-adc053c86828,LPE4 213/320,LAOHU QUANFUZHE,4.0,0,,,,LEYENDAS PE 4.0,46,600,5,https://pub-77824f6d0d4542d282fa48605bce7479.r2.dev/cards/MYL/PRIMERA%20ERA/6afc4fec-2f4f-42cb-8fa7-adc053c86828.png
10dce2e0-8792-4163-9bac-1cf1bcbe98f9,XINNIAN 07/32,LAOHU QUANFUZHE,4.0,0,,,,XINNIAN: ANO DEL DRAGON,4,1000,2,https://pub-77824f6d0d4542d282fa48605bce7479.r2.dev/cards/MYL/PRIMERA%20ERA/10dce2e0-8792-4163-9bac-1cf1bcbe98f9.png
4c209545-c845-4b04-8f52-fca733d72215,XINNIAN 05/32,LAOSHU WA,2.0,0,,,,XINNIAN: ANO DEL DRAGON,10,1500,3,https://pub-77824f6d0d4542d282fa48605bce7479.r2.dev/cards/MYL/PRIMERA%20ERA/4c209545-c845-4b04-8f52-fca733d72215.png
da380fc9-89dc-441f-982e-b8e56c4df57d,EDICION LIMITADA JO,LAQUE,2.0,0,,,,,10,3500,4,https://pub-77824f6d0d4542d282fa48605bce7479.r2.dev/pending-versions/a09cd627-0dac-4af7-96c4-4501b80b8882/1783272524453-0.webp
6615cb36-b2e1-4135-972b-4e14ae4150d1,TKPE25 10/28,LAQUE,2.0,0,,,,TOOLKIT 2025: VALENTIA Y DESOLACION,21,1500,4,https://pub-77824f6d0d4542d282fa48605bce7479.r2.dev/cards/MYL/PRIMERA%20ERA/6615cb36-b2e1-4135-972b-4e14ae4150d1.png
a49a3af1-1c18-4047-a743-3f85eed4ff85,LPE4 117/320,LAS LILIM,3.0,3,,,,LEYENDAS PE 4.0,44,700,8,https://pub-77824f6d0d4542d282fa48605bce7479.r2.dev/cards/MYL/PRIMERA%20ERA/a49a3af1-1c18-4047-a743-3f85eed4ff85.png
a25dbfe9-3ac9-4703-b70f-869f8b099f27,CRPE4 111 - 117,LAS LILIM,3.0,3,,,,KIT RACIALES PRIMERA ERA 2025: VAMPIRO,16,1500,3,https://pub-77824f6d0d4542d282fa48605bce7479.r2.dev/cards/MYL/PRIMERA%20ERA/a25dbfe9-3ac9-4703-b70f-869f8b099f27.png
31e916ce-daf9-4865-915d-8926ebf1f82c,HPE 07/21,LAS LILIM,3.0,3,,,,VIGILANTES DE LA NOCHE,6,1500,2,https://pub-77824f6d0d4542d282fa48605bce7479.r2.dev/cards/MYL/PRIMERA%20ERA/31e916ce-daf9-4865-915d-8926ebf1f82c.png
fef82c9e-f5a2-46a0-845f-9708d27fd90f,LPE4 43/320,LAS MUSAS,2.0,2,,,,LEYENDAS PE 4.0,27,3000,8,https://pub-77824f6d0d4542d282fa48605bce7479.r2.dev/cards/MYL/PRIMERA%20ERA/fef82c9e-f5a2-46a0-845f-9708d27fd90f.png
cfb3237c-260c-48d4-a13b-8e515263dffa,LPE23 021/300,LAUTARO,3.0,3,,,,LEYENDAS PRIMERA ERA 3.0,12,1500,4,https://pub-77824f6d0d4542d282fa48605bce7479.r2.dev/cards/MYL/PRIMERA%20ERA/cfb3237c-260c-48d4-a13b-8e515263dffa.png
215ed566-b644-4504-97cf-08c6e03e39e6,083 - 126 / PRIMERA ERA,LAUTARO,3.0,3,,,,COLECCION: LA IRA DEL NAHUAL,1,100,1,https://pub-77824f6d0d4542d282fa48605bce7479.r2.dev/cards/MYL/PRIMERA%20ERA/215ed566-b644-4504-97cf-08c6e03e39e6.png
f0272c00-a119-452f-9f7e-7090b751fb1f,CRPE2-31-84,LAUTARO,3.0,3,,,,KIT RACIALES PRIMERA ERA: GUERRERO,3,1500,2,https://pub-77824f6d0d4542d282fa48605bce7479.r2.dev/cards/MYL/PRIMERA%20ERA/f0272c00-a119-452f-9f7e-7090b751fb1f.png
03110a72-92e4-462f-b503-a2dc62693e29,14 - 236 / PRIMERA EDICION,LAUTARO,3.0,3,,,,LEYENDAS PRIMERA ERA 2.0,1,1500,1,https://pub-77824f6d0d4542d282fa48605bce7479.r2.dev/cards/MYL/PRIMERA%20ERA/03110a72-92e4-462f-b503-a2dc62693e29.png
b940d97a-9f10-4068-b297-37bc9aec284e,LEGENDARIA LPE25 03,LAUTARO,3.0,3,,,,LOOTBOX PRIMERA ERA 2025,16,3500,4,https://pub-77824f6d0d4542d282fa48605bce7479.r2.dev/cards/MYL/PRIMERA%20ERA/b940d97a-9f10-4068-b297-37bc9aec284e.png
8046f904-4a96-4056-865f-9a2cb35629e8,REX 08/12,LECHUZA LUNAR,2.0,2,,,,MUNDO MEDIEVAL,1,3000,1,https://pub-77824f6d0d4542d282fa48605bce7479.r2.dev/cards/MYL/PRIMERA%20ERA/8046f904-4a96-4056-865f-9a2cb35629e8.png
f07bbe63-1da1-43b0-9548-2dd6a30afcd5,51 - 236 / PRIMERA EDICION,LEI KUNG,4.0,0,,,,COLECCION: ESPIRITU DEL DRAGON,5,800,4,https://pub-77824f6d0d4542d282fa48605bce7479.r2.dev/cards/MYL/PRIMERA%20ERA/f07bbe63-1da1-43b0-9548-2dd6a30afcd5.png
1ecf5a99-7bf1-490a-8236-60519c80194d,EXPE - 65 - 120,LEIF ERICKSON,3.0,3,,,,KIT EXTENSION PRIMERA ERA: RAGNAROK,5,1500,2,https://pub-77824f6d0d4542d282fa48605bce7479.r2.dev/cards/MYL/PRIMERA%20ERA/1ecf5a99-7bf1-490a-8236-60519c80194d.png
7bd5c6be-d5f2-4691-a1de-01f68ddf7b5b,MPSG 12/18,LENGUAJE AVIAR,,0,,,,MUNDOS PERDIDOS: LOCURA DE DRAGON,35,2000,7,https://pub-77824f6d0d4542d282fa48605bce7479.r2.dev/pending-versions/b457c3e0-41ed-4a6b-8d6b-438846ff4e1d/1785707944227-0.webp
dae95f80-d087-4450-8d42-34a9bd4127b2,LPE4 320/320,LEYENDAS PRIMERA ERA,,0,,,,LEYENDAS PE 4.0,21,400,2,https://pub-77824f6d0d4542d282fa48605bce7479.r2.dev/cards/MYL/PRIMERA%20ERA/dae95f80-d087-4450-8d42-34a9bd4127b2.png
e3b71982-f3ad-42d8-b4ad-cec6b2f9dad6,197 - 236 / PRIMERA EDICION,LI,4.0,0,,,,COLECCION: ESPIRITU DEL DRAGON,2,500,1,https://pub-77824f6d0d4542d282fa48605bce7479.r2.dev/cards/MYL/PRIMERA%20ERA/e3b71982-f3ad-42d8-b4ad-cec6b2f9dad6.png
e2f9e0d3-57a0-483d-afa6-345ced342f1a,LBPE25 17/21,LI SHUWEN,2.0,3,,,,LOOTBOX PRIMERA ERA 2025,21,3500,5,https://pub-77824f6d0d4542d282fa48605bce7479.r2.dev/cards/MYL/PRIMERA%20ERA/e2f9e0d3-57a0-483d-afa6-345ced342f1a.png
bf85c5fe-262a-4eeb-847a-889e85646003,CRPE2-44-84,LI SOU,2.0,1,,,,KIT RACIALES PRIMERA ERA: CAMPEON,7,1500,4,https://pub-77824f6d0d4542d282fa48605bce7479.r2.dev/cards/MYL/PRIMERA%20ERA/bf85c5fe-262a-4eeb-847a-889e85646003.png
d7804032-f53f-44c5-901b-d11f8606377c,LPE23 286/300,LI SOU,2.0,1,,,,LEYENDAS PRIMERA ERA 3.0,6,100,1,https://pub-77824f6d0d4542d282fa48605bce7479.r2.dev/cards/MYL/PRIMERA%20ERA/d7804032-f53f-44c5-901b-d11f8606377c.png
5ae8b511-2702-43ad-b838-b343b42f3b75,96 - 236 / PRIMERA EDICION,LI SOU,2.0,1,,,,COLECCION: ESPIRITU DEL DRAGON,1,100,1,https://pub-77824f6d0d4542d282fa48605bce7479.r2.dev/cards/MYL/PRIMERA%20ERA/5ae8b511-2702-43ad-b838-b343b42f3b75.png
a2b4faa1-4c20-40e4-a709-de60c056e973,65 - 236 / PRIMERA EDICION,LI TIE GUAI,2.0,2,,,,COLECCION: ESPIRITU DEL DRAGON,2,100,1,https://pub-77824f6d0d4542d282fa48605bce7479.r2.dev/cards/MYL/PRIMERA%20ERA/a2b4faa1-4c20-40e4-a709-de60c056e973.png
3886d4ef-112a-4a86-a2c7-3cde4b73663b,37 - 236 / PRIMERA EDICION,LI TIEN,2.0,1,,,,COLECCION: ESPIRITU DEL DRAGON,3,200,2,https://pub-77824f6d0d4542d282fa48605bce7479.r2.dev/cards/MYL/PRIMERA%20ERA/3886d4ef-112a-4a86-a2c7-3cde4b73663b.png
b09a35df-e09f-45db-ac14-263370b9e5c6,LPE23 284/300,LI TIEN,2.0,1,,,,LEYENDAS PRIMERA ERA 3.0,4,100,1,https://pub-77824f6d0d4542d282fa48605bce7479.r2.dev/cards/MYL/PRIMERA%20ERA/b09a35df-e09f-45db-ac14-263370b9e5c6.png
dc988e31-1da4-4f99-a8fd-6f47610088c0,PROMOCIONAL LPE25 10,LICANTROPIA,4.0,0,,,,LOOTBOX PRIMERA ERA 2025,20,2000,5,https://pub-77824f6d0d4542d282fa48605bce7479.r2.dev/cards/MYL/PRIMERA%20ERA/dc988e31-1da4-4f99-a8fd-6f47610088c0.png
a3eef6cf-39ae-4ad3-bc4a-3f44d4f37290,LPE4 231/320,LICANTROPIA,4.0,0,,,,LEYENDAS PE 4.0,22,100,2,https://pub-77824f6d0d4542d282fa48605bce7479.r2.dev/cards/MYL/PRIMERA%20ERA/a3eef6cf-39ae-4ad3-bc4a-3f44d4f37290.png
7255c21b-fee2-4515-9e42-e9d481dfa754,30 - 170 / PRIMERA EDICION,LICANTROPIA,2.0,0,,,,COLECCION: COFRADIA,1,100,1,https://pub-77824f6d0d4542d282fa48605bce7479.r2.dev/cards/MYL/PRIMERA%20ERA/7255c21b-fee2-4515-9e42-e9d481dfa754.png
3bfb3f79-13ff-4ebd-8494-f756006c2088,EXPE - 92 - 120,LICANTROPIA,4.0,0,,,,KIT EXTENSION PRIMERA ERA: COFRADIA,14,1000,5,https://pub-77824f6d0d4542d282fa48605bce7479.r2.dev/cards/MYL/PRIMERA%20ERA/3bfb3f79-13ff-4ebd-8494-f756006c2088.png
9c37c99c-4adc-4deb-acfc-6c10ce5cff0b,LPE23 320/300,LICANTROPIA,4.0,0,,,,LEYENDAS PRIMERA ERA 3.0,6,4000,2,https://pub-77824f6d0d4542d282fa48605bce7479.r2.dev/cards/MYL/PRIMERA%20ERA/9c37c99c-4adc-4deb-acfc-6c10ce5cff0b.png
058d7e3c-d3e8-41ba-b0ac-1686910709f3,9 - 126 / PRIMERA EDICION,LICANTROPIA,4.0,0,,,,COLECCION: MUNDO GOTICO,1,100,1,https://pub-77824f6d0d4542d282fa48605bce7479.r2.dev/cards/MYL/PRIMERA%20ERA/058d7e3c-d3e8-41ba-b0ac-1686910709f3.png
1f77eec0-3bf7-46db-a6e3-833edc38280b,EXPE - 34 - 120,LICANTROPO,3.0,2,,,,KIT EXTENSION PRIMERA ERA: MUNDO GOTICO,2,3000,1,https://pub-77824f6d0d4542d282fa48605bce7479.r2.dev/cards/MYL/PRIMERA%20ERA/1f77eec0-3bf7-46db-a6e3-833edc38280b.png
8ca6797b-a5b2-48c2-b8ab-7f5437ebedd2,PROMOCIONAL LPE25 07,LICANTROPOS SALVAJES,1.0,2,,,,LOOTBOX PRIMERA ERA 2025,2,3000,2,https://pub-77824f6d0d4542d282fa48605bce7479.r2.dev/cards/MYL/PRIMERA%20ERA/8ca6797b-a5b2-48c2-b8ab-7f5437ebedd2.png
c5c344c0-160c-41b8-9f07-7381669f44a8,CRPE4 20 - 117,LICANTROPOS SALVAJES,1.0,2,,,,KIT RACIALES PRIMERA ERA 2025: LICANTROPO,2,3000,2,https://pub-77824f6d0d4542d282fa48605bce7479.r2.dev/cards/MYL/PRIMERA%20ERA/c5c344c0-160c-41b8-9f07-7381669f44a8.png
85391435-1173-40c4-8358-99e56738fc19,72 - 126 / PRIMERA EDICION,LILITH,2.0,2,,,,COLECCION: EL RETO,1,100,1,https://pub-77824f6d0d4542d282fa48605bce7479.r2.dev/cards/MYL/PRIMERA%20ERA/85391435-1173-40c4-8358-99e56738fc19.png
b3dfb0fb-535b-4b94-b778-881c9053736c,LPE23 257/300,LILITH,2.0,2,,,,LEYENDAS PRIMERA ERA 3.0,3,100,1,https://pub-77824f6d0d4542d282fa48605bce7479.r2.dev/cards/MYL/PRIMERA%20ERA/b3dfb0fb-535b-4b94-b778-881c9053736c.png
9e18a7db-aa02-41fc-bc13-f7446b32e8a2,133 - 170 / PRIMERA EDICION,LILITH,2.0,2,,,,COLECCION: COFRADIA,2,400,2,https://pub-77824f6d0d4542d282fa48605bce7479.r2.dev/cards/MYL/PRIMERA%20ERA/9e18a7db-aa02-41fc-bc13-f7446b32e8a2.png
e36b9f07-3e77-4925-9fe3-65f427575fe1,72 - 236 / PRIMERA EDICION,LIN KUEI,3.0,2,,,,COLECCION: ESPIRITU DEL DRAGON,3,300,2,https://pub-77824f6d0d4542d282fa48605bce7479.r2.dev/cards/MYL/PRIMERA%20ERA/e36b9f07-3e77-4925-9fe3-65f427575fe1.png
35cc2f5b-2fdb-4737-abb8-308080b147ef,CRPE2-41-84,LIN KUEI,3.0,2,,,,KIT RACIALES PRIMERA ERA: CAMPEON,6,1000,4,https://pub-77824f6d0d4542d282fa48605bce7479.r2.dev/cards/MYL/PRIMERA%20ERA/35cc2f5b-2fdb-4737-abb8-308080b147ef.png
a89f22c3-6556-4fbb-848c-e10aed79d3a4,LPE23 227/300,LIN KUEI,3.0,2,,,,LEYENDAS PRIMERA ERA 3.0,4,100,1,https://pub-77824f6d0d4542d282fa48605bce7479.r2.dev/cards/MYL/PRIMERA%20ERA/a89f22c3-6556-4fbb-848c-e10aed79d3a4.png
8ddae1bc-f1bb-4fa4-ad75-0f6ba1ff0efc,MPDI 06/18,LINDWURM,,0,,,,MUNDOS PERDIDOS: ALIENTO DE FUEGO,26,2500,9,https://pub-77824f6d0d4542d282fa48605bce7479.r2.dev/pending-versions/a09cd627-0dac-4af7-96c4-4501b80b8882/1786239481161-0.webp
e848dbab-44ca-4526-8d46-03f6ab431167,109 - 126 / PRIMERA EDICION,LINNA,1.0,2,,,,COLECCION: MUNDO GOTICO,1,100,1,https://pub-77824f6d0d4542d282fa48605bce7479.r2.dev/cards/MYL/PRIMERA%20ERA/e848dbab-44ca-4526-8d46-03f6ab431167.png
2045cc32-d082-4913-b19b-bfc2ead49ecc,LPE23 254/300,LINNA,1.0,2,,,,LEYENDAS PRIMERA ERA 3.0,4,100,1,https://pub-77824f6d0d4542d282fa48605bce7479.r2.dev/cards/MYL/PRIMERA%20ERA/2045cc32-d082-4913-b19b-bfc2ead49ecc.png
3e93d41d-c6e1-4b74-b8d0-002a54a2b272,CRPE2-04-84,LINNA,1.0,2,,,,KIT RACIALES PRIMERA ERA: CAZADOR,7,2500,2,https://pub-77824f6d0d4542d282fa48605bce7479.r2.dev/cards/MYL/PRIMERA%20ERA/3e93d41d-c6e1-4b74-b8d0-002a54a2b272.png
716f5136-c659-45cc-933d-fd2bd81e8793,134 - 170 / PRIMERA EDICION,LINNA,1.0,2,,,,COLECCION: COFRADIA,4,200,2,https://pub-77824f6d0d4542d282fa48605bce7479.r2.dev/cards/MYL/PRIMERA%20ERA/716f5136-c659-45cc-933d-fd2bd81e8793.png
0177895a-fdc5-43c0-a15c-bf0ec91c3aff,CRPE4 23 - 117,LIRIA SELYANOV,4.0,3,,,,KIT RACIALES PRIMERA ERA 2025: LICANTROPO,6,2500,4,https://pub-77824f6d0d4542d282fa48605bce7479.r2.dev/cards/MYL/PRIMERA%20ERA/0177895a-fdc5-43c0-a15c-bf0ec91c3aff.png
30ba4e5d-406d-4ede-90b2-09f68b40aeb1,LPE23 101/300,LIU BEI,4.0,4,,,,LEYENDAS PRIMERA ERA 3.0,13,400,5,https://pub-77824f6d0d4542d282fa48605bce7479.r2.dev/cards/MYL/PRIMERA%20ERA/30ba4e5d-406d-4ede-90b2-09f68b40aeb1.png
fdcb5bb0-6e4d-4fb2-90e5-580540f0cd33,58 - 236 / PRIMERA EDICION,LIU BEI,4.0,4,,,,LEYENDAS PRIMERA ERA 2.0,1,300,1,https://pub-77824f6d0d4542d282fa48605bce7479.r2.dev/cards/MYL/PRIMERA%20ERA/fdcb5bb0-6e4d-4fb2-90e5-580540f0cd33.png
048eb516-2d55-421c-bd68-2396bc2ce0b8,79 - 236 / PRIMERA EDICION,LIU BEI,4.0,4,,,,COLECCION: ESPIRITU DEL DRAGON,1,100,1,https://pub-77824f6d0d4542d282fa48605bce7479.r2.dev/cards/MYL/PRIMERA%20ERA/048eb516-2d55-421c-bd68-2396bc2ce0b8.png
6d1a1859-6bd6-4f5b-a683-82a242529d02,LPE4 102/320,LLAMADA FEERICA,1.0,0,,,,LEYENDAS PE 4.0,41,600,5,https://pub-77824f6d0d4542d282fa48605bce7479.r2.dev/cards/MYL/PRIMERA%20ERA/6d1a1859-6bd6-4f5b-a683-82a242529d02.png
b469e0c9-ebd7-4cbf-b888-81ce3e9e176a,LPE4 230/320,LLAMADO DE LA JAURIA,2.0,0,,,,LEYENDAS PE 4.0,6,200,1,https://pub-77824f6d0d4542d282fa48605bce7479.r2.dev/cards/MYL/PRIMERA%20ERA/b469e0c9-ebd7-4cbf-b888-81ce3e9e176a.png
136cb33e-2de3-4257-b1b7-75de40134130,MPSG 19/18,LOCURA DE FAFNER,,0,,,,MUNDOS PERDIDOS: LOCURA DE DRAGON,33,2500,6,https://pub-77824f6d0d4542d282fa48605bce7479.r2.dev/pending-versions/b457c3e0-41ed-4a6b-8d6b-438846ff4e1d/1785708251746-0.webp
4257df4c-febc-4a43-b2e3-a34fa3839637,LBPE24-15-21,LODURR,3.0,3,,,,LOOTBOX PRIMERA ERA 2024,7,1500,4,https://pub-77824f6d0d4542d282fa48605bce7479.r2.dev/cards/MYL/PRIMERA%20ERA/4257df4c-febc-4a43-b2e3-a34fa3839637.png
b4850821-2211-45cf-a4c5-02863273331e,CRPE4 98 - 117,LOKE,2.0,2,,,,KIT RACIALES PRIMERA ERA 2025: DIOS,15,800,3,https://pub-77824f6d0d4542d282fa48605bce7479.r2.dev/cards/MYL/PRIMERA%20ERA/b4850821-2211-45cf-a4c5-02863273331e.png
04013693-9339-4b5b-acd7-e3c24d29f7ba,COLECCIONISTA VICTORIOSA PE 12,LOKE,2.0,2,,,,,1,15000,1,https://pub-77824f6d0d4542d282fa48605bce7479.r2.dev/pending-versions/a09cd627-0dac-4af7-96c4-4501b80b8882/1787449540762-0.webp
8a159881-0bb2-4eae-82ca-ae82e87192e7,LPE4 203/320,LOKE,2.0,2,,,,LEYENDAS PE 4.0,42,700,5,https://pub-77824f6d0d4542d282fa48605bce7479.r2.dev/cards/MYL/PRIMERA%20ERA/8a159881-0bb2-4eae-82ca-ae82e87192e7.png
a20f4fa5-d9a1-46b2-bf6d-d87241bde138,LPE23 046/300,LOKE,2.0,2,,,,LEYENDAS PRIMERA ERA 3.0,4,800,3,https://pub-77824f6d0d4542d282fa48605bce7479.r2.dev/cards/MYL/PRIMERA%20ERA/a20f4fa5-d9a1-46b2-bf6d-d87241bde138.png
f65dfa35-2155-409a-8961-8596927cf7a2,EXPE - 91 - 120,LOKI,1.0,0,,,,KIT EXTENSION PRIMERA ERA: COFRADIA,4,800,4,https://pub-77824f6d0d4542d282fa48605bce7479.r2.dev/cards/MYL/PRIMERA%20ERA/f65dfa35-2155-409a-8961-8596927cf7a2.png
d79e8b2a-7384-4754-9b0d-56ff26abc82a,XINNIAN 32/32,LONG NIAN,2.0,0,,,,XINNIAN: ANO DEL DRAGON,6,2000,3,https://pub-77824f6d0d4542d282fa48605bce7479.r2.dev/cards/MYL/PRIMERA%20ERA/d79e8b2a-7384-4754-9b0d-56ff26abc82a.png
148dde99-f5b5-4ba4-8bb4-670e45884546,XINNIAN 3 04/30,LONGMA,4.0,4,,,,XINNIAN 3: ANO DEL CABALLO,12,2000,1,https://pub-77824f6d0d4542d282fa48605bce7479.r2.dev/cards/MYL/PRIMERA%20ERA/148dde99-f5b5-4ba4-8bb4-670e45884546.png
1bee2913-bf6b-49fc-b9b8-b688b2d7df9a,XINNIAN 2 10/30,LONGMU,4.0,3,,,,XINNIAN 2: ANO DE LA SERPIENTE,15,1500,3,https://pub-77824f6d0d4542d282fa48605bce7479.r2.dev/cards/MYL/PRIMERA%20ERA/1bee2913-bf6b-49fc-b9b8-b688b2d7df9a.png
b50ad65b-9eb5-418c-93e6-47102548b4f8,CRPE4 29 - 117,LORD RUTHVEN,3.0,3,,,,KIT RACIALES PRIMERA ERA 2025: VAMPIRO,21,1500,4,https://pub-77824f6d0d4542d282fa48605bce7479.r2.dev/cards/MYL/PRIMERA%20ERA/b50ad65b-9eb5-418c-93e6-47102548b4f8.png
49b6ff9a-54ce-4110-9cb6-e460eac4cdce,CRPE-71-72,LORD RUTHVEN,3.0,3,,,,KIT RACIALES PRIMERA ERA: VAMPIRO,2,2500,2,https://pub-77824f6d0d4542d282fa48605bce7479.r2.dev/cards/MYL/PRIMERA%20ERA/49b6ff9a-54ce-4110-9cb6-e460eac4cdce.png
c22a948f-9008-476e-ad6d-147f95a6c88c,PREMIUM PE-06,LORD RUTHVEN,3.0,3,,,,LOOTBOX PRIMERA ERA 2024,7,3000,3,https://pub-77824f6d0d4542d282fa48605bce7479.r2.dev/cards/MYL/PRIMERA%20ERA/c22a948f-9008-476e-ad6d-147f95a6c88c.png
2934cbb4-28d4-4b0b-8a01-02f9ee66208a,LPE23 127/300,LORD RUTHVEN,3.0,3,,,,LEYENDAS PRIMERA ERA 3.0,19,700,6,https://pub-77824f6d0d4542d282fa48605bce7479.r2.dev/cards/MYL/PRIMERA%20ERA/2934cbb4-28d4-4b0b-8a01-02f9ee66208a.png
0fef523f-a028-4bf0-b259-5b083b41306b,EXPE - 119 - 120,LOS CINCO ANILLOS,,0,,,,KIT EXTENSION PRIMERA ERA: ESPIRITU DEL DRAGON,3,5000,1,https://pub-77824f6d0d4542d282fa48605bce7479.r2.dev/cards/MYL/PRIMERA%20ERA/0fef523f-a028-4bf0-b259-5b083b41306b.png
223702d5-8345-4565-a83f-e75e1c6f5d5d,SECRETA EXCLUSIVA PE 02,LOS CINCO ANILLOS,,0,,,,,11,8500,4,https://pub-77824f6d0d4542d282fa48605bce7479.r2.dev/pending-versions/a09cd627-0dac-4af7-96c4-4501b80b8882/1783267682549-0.webp
f6f3b19b-8399-469a-8cf9-76107c45c69c,LPE4 326/320,LOS CINCO ANILLOS,,0,,,,LEYENDAS PE 4.0,6,7000,3,https://pub-77824f6d0d4542d282fa48605bce7479.r2.dev/cards/MYL/PRIMERA%20ERA/f6f3b19b-8399-469a-8cf9-76107c45c69c.png
7d313d86-d150-4800-95a4-3aebf8f59001,EDICION LIMITADA JO,LOS CINCO ANILLOS,,0,,,,,36,5000,9,https://pub-77824f6d0d4542d282fa48605bce7479.r2.dev/pending-versions/a09cd627-0dac-4af7-96c4-4501b80b8882/1783267784252-0.webp
c62872e0-d425-40de-9ae9-8da18f792fe5,SECRETA-PROMO-02,LOS CINCO ANILLOS,,0,,,,LOOTBOX PRIMERA ERA 2024,30,4500,6,https://pub-77824f6d0d4542d282fa48605bce7479.r2.dev/cards/MYL/PRIMERA%20ERA/c62872e0-d425-40de-9ae9-8da18f792fe5.png
f2fe78c3-5099-4f2b-8372-6d078343b167,LPE4 96/320,LOS CINCO ANILLOS,,0,,,,LEYENDAS PE 4.0,7,4000,6,https://pub-77824f6d0d4542d282fa48605bce7479.r2.dev/cards/MYL/PRIMERA%20ERA/f2fe78c3-5099-4f2b-8372-6d078343b167.png
7e3794fa-689c-402a-8123-c592c470c5c3,1 - 126 / PRIMERA EDICION,LOS EDDAS,5.0,0,,,,COLECCION: RAGNAROK,8,2000,3,https://pub-77824f6d0d4542d282fa48605bce7479.r2.dev/cards/MYL/PRIMERA%20ERA/7e3794fa-689c-402a-8123-c592c470c5c3.png
91558c45-5d8e-469a-a836-8e099aed0fb3,111 - 236 / PRIMERA EDICION,LOS EDDAS,5.0,0,,,,LEYENDAS PRIMERA ERA 1.0,1,2000,1,https://pub-77824f6d0d4542d282fa48605bce7479.r2.dev/cards/MYL/PRIMERA%20ERA/91558c45-5d8e-469a-a836-8e099aed0fb3.png
6592959d-bced-406f-917e-1d89adcb86da,42 - 126 / PRIMERA EDICION,LOTHAR,3.0,0,,,,COLECCION: EL RETO,1,100,1,https://pub-77824f6d0d4542d282fa48605bce7479.r2.dev/cards/MYL/PRIMERA%20ERA/6592959d-bced-406f-917e-1d89adcb86da.png
342a43f9-9dd0-4714-a42b-6b3f632057b8,LPE4 48/320,LOUP-GAROU,5.0,5,,,,LEYENDAS PE 4.0,17,3500,6,https://pub-77824f6d0d4542d282fa48605bce7479.r2.dev/cards/MYL/PRIMERA%20ERA/342a43f9-9dd0-4714-a42b-6b3f632057b8.png
9fd300be-d8d9-4184-833f-9abf46ab33b9,CRPE2-81-84,LU DONG PIN,3.0,2,,,,KIT RACIALES PRIMERA ERA: XIAN,2,1000,2,https://pub-77824f6d0d4542d282fa48605bce7479.r2.dev/cards/MYL/PRIMERA%20ERA/9fd300be-d8d9-4184-833f-9abf46ab33b9.png
a42d6586-9a36-484c-87f5-52a69448401a,ANIVERSARIO LPE25 21,LU JUNYI,3.0,3,,,,,3,5000,1,https://pub-77824f6d0d4542d282fa48605bce7479.r2.dev/cards/MYL/PRIMERA%20ERA/a42d6586-9a36-484c-87f5-52a69448401a.png
fba0f099-06cf-434e-a9f6-79e506a0af07,XINNIAN 2 02/30,LU JUNYI,3.0,3,,,,XINNIAN 2: ANO DE LA SERPIENTE,22,2500,3,https://pub-77824f6d0d4542d282fa48605bce7479.r2.dev/cards/MYL/PRIMERA%20ERA/fba0f099-06cf-434e-a9f6-79e506a0af07.png
56c732ca-491b-4772-84c7-543bda0e2844,8 - 126 / PRIMERA EDICION,LUCHA DE GOLEMS,1.0,0,,,,COLECCION: MUNDO GOTICO,1,400,1,https://pub-77824f6d0d4542d282fa48605bce7479.r2.dev/cards/MYL/PRIMERA%20ERA/56c732ca-491b-4772-84c7-543bda0e2844.png
40e43be0-333c-4688-986b-2a07848d9cfa,CRPE4 33 - 117,LUCY,2.0,1,,,,KIT RACIALES PRIMERA ERA 2025: VAMPIRO,18,2000,3,https://pub-77824f6d0d4542d282fa48605bce7479.r2.dev/cards/MYL/PRIMERA%20ERA/40e43be0-333c-4688-986b-2a07848d9cfa.png
b410d2d2-0ebf-4ce3-b1bc-edbef75a07af,CRPE4 34 - 117,LUGAT,3.0,3,,,,KIT RACIALES PRIMERA ERA 2025: VAMPIRO,13,2000,2,https://pub-77824f6d0d4542d282fa48605bce7479.r2.dev/cards/MYL/PRIMERA%20ERA/b410d2d2-0ebf-4ce3-b1bc-edbef75a07af.png
76041e0b-0db7-4689-93a3-a4db10287881,LPE4 313/320,LUJIAODAO,2.0,0,,,,LEYENDAS PE 4.0,20,100,1,https://pub-77824f6d0d4542d282fa48605bce7479.r2.dev/cards/MYL/PRIMERA%20ERA/76041e0b-0db7-4689-93a3-a4db10287881.png
16ffbd49-1d53-491b-89ac-c1b2fa600a72,32 - 170 / PRIMERA EDICION,LUNA LLENA,3.0,0,,,,COLECCION: COFRADIA,1,100,1,https://pub-77824f6d0d4542d282fa48605bce7479.r2.dev/cards/MYL/PRIMERA%20ERA/16ffbd49-1d53-491b-89ac-c1b2fa600a72.png
080f6644-724a-44b9-954e-5d5d5fcb0d64,14 - 126 / PRIMERA EDICION,LUNA LLENA,3.0,0,,,,COLECCION: MUNDO GOTICO,1,100,1,https://pub-77824f6d0d4542d282fa48605bce7479.r2.dev/cards/MYL/PRIMERA%20ERA/080f6644-724a-44b9-954e-5d5d5fcb0d64.png
242e6a9d-4671-4319-83cc-bab5390197b6,LPE23 191/300,LUNA LLENA,3.0,0,,,,LEYENDAS PRIMERA ERA 3.0,1,100,1,https://pub-77824f6d0d4542d282fa48605bce7479.r2.dev/cards/MYL/PRIMERA%20ERA/242e6a9d-4671-4319-83cc-bab5390197b6.png
d7c2f2d6-0139-486e-923b-11164b799d10,CRPE5 57 - 84,LUNG,4.0,4,,,,KIT RACIALES PRIMERA ERA 2025: CRIATURAS,5,3000,2,https://pub-77824f6d0d4542d282fa48605bce7479.r2.dev/cards/MYL/PRIMERA%20ERA/d7c2f2d6-0139-486e-923b-11164b799d10.png
e31fcb3c-1ca7-4dc3-b875-f836d2d05e57,LPE23 110/300,LUNG CHUAN-FA,3.0,0,,,,LEYENDAS PRIMERA ERA 3.0,18,600,4,https://pub-77824f6d0d4542d282fa48605bce7479.r2.dev/cards/MYL/PRIMERA%20ERA/e31fcb3c-1ca7-4dc3-b875-f836d2d05e57.png
632dbccf-93f9-42be-8f4d-931e6216f151,MPS 17/18,LUPO,2.0,1,,,,MUNDOS PERDIDOS: HORRORES DE SALEM,16,1500,4,https://pub-77824f6d0d4542d282fa48605bce7479.r2.dev/cards/MYL/PRIMERA%20ERA/632dbccf-93f9-42be-8f4d-931e6216f151.png
c9934352-7095-486f-a765-39f14cab8d59,LPE4 284/320,LUPO,2.0,1,,,,LEYENDAS PE 4.0,22,100,2,https://pub-77824f6d0d4542d282fa48605bce7479.r2.dev/cards/MYL/PRIMERA%20ERA/c9934352-7095-486f-a765-39f14cab8d59.png
81cca058-b5ba-4b09-8eb9-876518bb3b11,CRPE4 14 - 117,LUPO,2.0,1,,,,KIT RACIALES PRIMERA ERA 2025: LICANTROPO,16,1500,4,https://pub-77824f6d0d4542d282fa48605bce7479.r2.dev/cards/MYL/PRIMERA%20ERA/81cca058-b5ba-4b09-8eb9-876518bb3b11.png
ffa8cb94-7b76-445d-b34d-3f5f0657acea,PREMIUM PE-05,LYCAON,2.0,2,,,,LOOTBOX PRIMERA ERA 2024,3,3500,2,https://pub-77824f6d0d4542d282fa48605bce7479.r2.dev/cards/MYL/PRIMERA%20ERA/ffa8cb94-7b76-445d-b34d-3f5f0657acea.png
a2a27fa9-e660-48a0-9813-36d3066d47d1,EXPE - 23 - 120,LYCAON,2.0,2,,,,KIT EXTENSION PRIMERA ERA: MUNDO GOTICO,8,2000,1,https://pub-77824f6d0d4542d282fa48605bce7479.r2.dev/cards/MYL/PRIMERA%20ERA/a2a27fa9-e660-48a0-9813-36d3066d47d1.png
d4595612-c7c2-4d83-82f4-e19dbf5ed8ac,LPE4 176/320,LYCAON,2.0,2,,,,LEYENDAS PE 4.0,44,600,9,https://pub-77824f6d0d4542d282fa48605bce7479.r2.dev/cards/MYL/PRIMERA%20ERA/d4595612-c7c2-4d83-82f4-e19dbf5ed8ac.png
133f130a-50ce-4804-b16a-3dcf0ff04468,43 - 236 / PRIMERA EDICION,LYNGBAKUR,4.0,3,,,,LEYENDAS PRIMERA ERA 2.0,1,500,1,https://pub-77824f6d0d4542d282fa48605bce7479.r2.dev/cards/MYL/PRIMERA%20ERA/133f130a-50ce-4804-b16a-3dcf0ff04468.png
bf0437b5-d943-433d-8c69-a8044c00aa51,LPE23 152/300,LYNGBAKUR,4.0,3,,,,LEYENDAS PRIMERA ERA 3.0,21,700,6,https://pub-77824f6d0d4542d282fa48605bce7479.r2.dev/cards/MYL/PRIMERA%20ERA/bf0437b5-d943-433d-8c69-a8044c00aa51.png
ca5e63f8-9151-4940-8e76-c5cb393fbbef,CRPE-11-72,LYNGBAKUR,4.0,3,,,,KIT RACIALES PRIMERA ERA: ABOMINACION,4,2000,2,https://pub-77824f6d0d4542d282fa48605bce7479.r2.dev/cards/MYL/PRIMERA%20ERA/ca5e63f8-9151-4940-8e76-c5cb393fbbef.png
1d305ec3-2e9f-4d4d-aa42-17c90bde8334,CRPE4 101 - 117,LYTIR,3.0,3,,,,KIT RACIALES PRIMERA ERA 2025: DIOS,18,1500,4,https://pub-77824f6d0d4542d282fa48605bce7479.r2.dev/cards/MYL/PRIMERA%20ERA/1d305ec3-2e9f-4d4d-aa42-17c90bde8334.png
9d22c287-ab86-43c4-91db-c957cd60621a,MPV 07/18,LYTIR,3.0,3,,,,MUNDOS PERDIDOS: LA SAGA DE VOLSUNG,6,1000,3,https://pub-77824f6d0d4542d282fa48605bce7479.r2.dev/cards/MYL/PRIMERA%20ERA/9d22c287-ab86-43c4-91db-c957cd60621a.png
a5882f10-69d1-4446-97f4-fb978f99e3b0,XINNIAN 3 00/30,MA NIAN,3.0,0,,,,XINNIAN 3: ANO DEL CABALLO,14,2500,2,https://pub-77824f6d0d4542d282fa48605bce7479.r2.dev/cards/MYL/PRIMERA%20ERA/a5882f10-69d1-4446-97f4-fb978f99e3b0.png
92f959c5-7719-4d8a-8891-43550af96d5b,XINNIAN 3 03/30,MA YUAN,4.0,3,,,,XINNIAN 3: ANO DEL CABALLO,27,1500,2,https://pub-77824f6d0d4542d282fa48605bce7479.r2.dev/cards/MYL/PRIMERA%20ERA/92f959c5-7719-4d8a-8891-43550af96d5b.png
1ce57343-4814-49a4-ad5f-4b32583b214f,XINNIAN 3 13/30,MABU,4.0,0,,,,XINNIAN 3: ANO DEL CABALLO,18,2000,2,https://pub-77824f6d0d4542d282fa48605bce7479.r2.dev/cards/MYL/PRIMERA%20ERA/1ce57343-4814-49a4-ad5f-4b32583b214f.png
12e7bed1-586f-4fa9-9056-6727c0f14558,TKPE26 28/32,MACAHUITL,2.0,0,,,,TOOLKIT 2026: ESPIRITU,35,2500,6,https://pub-77824f6d0d4542d282fa48605bce7479.r2.dev/cards/MYL/PRIMERA%20ERA/12e7bed1-586f-4fa9-9056-6727c0f14558.png
8878beb1-c39b-4176-97d9-bc963eeeb61c,053 - 126 / PRIMERA ERA,MACHI,3.0,1,,,,COLECCION: LA IRA DEL NAHUAL,2,1000,1,https://pub-77824f6d0d4542d282fa48605bce7479.r2.dev/cards/MYL/PRIMERA%20ERA/8878beb1-c39b-4176-97d9-bc963eeeb61c.png
152873d4-0659-4f33-8a03-b893b2e98c87,53 - 126 / PRIMERA EDICION,MACHI,3.0,1,,,,,1,5000,1,https://pub-77824f6d0d4542d282fa48605bce7479.r2.dev/pending-versions/a09cd627-0dac-4af7-96c4-4501b80b8882/1783275644304-0.webp
f91d1334-3637-497b-94f6-de1537754ba0,CRPE-26-72,MACHI,3.0,1,,,,KIT RACIALES PRIMERA ERA: CHAMAN,4,2000,2,https://pub-77824f6d0d4542d282fa48605bce7479.r2.dev/cards/MYL/PRIMERA%20ERA/f91d1334-3637-497b-94f6-de1537754ba0.png
cc53e78d-d9da-4399-87af-38af770ee51b,012 - 126 / PRIMERA ERA,MACHITUN,2.0,0,,,,COLECCION: LA IRA DEL NAHUAL,3,1000,2,https://pub-77824f6d0d4542d282fa48605bce7479.r2.dev/cards/MYL/PRIMERA%20ERA/cc53e78d-d9da-4399-87af-38af770ee51b.png
c69cad64-3258-4997-abb7-ca3691655e0e,TKPE24 02/28,MACHITUN,2.0,0,,,,TOOLKIT PREMIUM JUSTA,8,2500,3,https://pub-77824f6d0d4542d282fa48605bce7479.r2.dev/cards/MYL/PRIMERA%20ERA/c69cad64-3258-4997-abb7-ca3691655e0e.png
6e551e13-3614-47bd-946c-6baf9bc7ac11,LPE23 084/300,MACHITUN,2.0,0,,,,LEYENDAS PRIMERA ERA 3.0,32,800,8,https://pub-77824f6d0d4542d282fa48605bce7479.r2.dev/cards/MYL/PRIMERA%20ERA/6e551e13-3614-47bd-946c-6baf9bc7ac11.png
9c2672ab-b76d-4f4e-8b3f-061dd7ae28ec,028 - 126 / PRIMERA ERA,MACUN,2.0,0,,,,COLECCION: LA IRA DEL NAHUAL,19,600,3,https://pub-77824f6d0d4542d282fa48605bce7479.r2.dev/cards/MYL/PRIMERA%20ERA/9c2672ab-b76d-4f4e-8b3f-061dd7ae28ec.png
16b74962-23fe-46fa-8086-ea6092b77e14,PROMOCIONAL LPE25 14,MACUN,2.0,0,,,,LOOTBOX PRIMERA ERA 2025,5,2000,3,https://pub-77824f6d0d4542d282fa48605bce7479.r2.dev/cards/MYL/PRIMERA%20ERA/16b74962-23fe-46fa-8086-ea6092b77e14.png
6720d49e-e5b3-4909-a91c-b276275f36d0,EXPE - 7 - 120,MADRE DE DRAGONES,3.0,0,,,,KIT EXTENSION PRIMERA ERA: EL RETO,10,2000,5,https://pub-77824f6d0d4542d282fa48605bce7479.r2.dev/cards/MYL/PRIMERA%20ERA/6720d49e-e5b3-4909-a91c-b276275f36d0.png
1a00adb7-406e-4923-8ea8-69dd33ef98e9,LPE4 73/320,MADRE DE DRAGONES,3.0,0,,,,LEYENDAS PE 4.0,11,2500,4,https://pub-77824f6d0d4542d282fa48605bce7479.r2.dev/cards/MYL/PRIMERA%20ERA/1a00adb7-406e-4923-8ea8-69dd33ef98e9.png
1f757a55-19c6-4bdf-b328-974791a16ca2,REX 00/12,MADRE DE DRAGONES,3.0,0,,,,MUNDO MEDIEVAL,11,3500,2,https://pub-77824f6d0d4542d282fa48605bce7479.r2.dev/cards/MYL/PRIMERA%20ERA/1f757a55-19c6-4bdf-b328-974791a16ca2.png
a626509f-b6b7-42c8-8c2b-464e467e826f,SECRETA-EXCLUSIVA-04,MADRE DE DRAGONES,3.0,0,,,,LOOTBOX PRIMERA ERA 2024,3,3500,2,https://pub-77824f6d0d4542d282fa48605bce7479.r2.dev/cards/MYL/PRIMERA%20ERA/a626509f-b6b7-42c8-8c2b-464e467e826f.png
8ad4b37b-4f8e-406a-a4b2-d32ef5a12925,CRPE4 10 - 117,MADRE SUPERIORA,3.0,3,,,,KIT RACIALES PRIMERA ERA 2025: CAZADOR,16,2000,2,https://pub-77824f6d0d4542d282fa48605bce7479.r2.dev/cards/MYL/PRIMERA%20ERA/8ad4b37b-4f8e-406a-a4b2-d32ef5a12925.png
b7ff6d3a-1fb6-49a9-a7ea-837929005084,MPDI 05/18,MADRE WYRM,,0,,,,MUNDOS PERDIDOS: ALIENTO DE FUEGO,35,2500,11,https://pub-77824f6d0d4542d282fa48605bce7479.r2.dev/pending-versions/a09cd627-0dac-4af7-96c4-4501b80b8882/1786239356805-0.webp
11fa5cff-5119-47e7-a34f-17313cdbc2c2,EDICION LIMITADA JO,MAELSTROM,4.0,0,,,,,16,4000,7,https://pub-77824f6d0d4542d282fa48605bce7479.r2.dev/pending-versions/a09cd627-0dac-4af7-96c4-4501b80b8882/1783274211610-0.webp
97f03eb0-633b-4dad-8bc8-a1ba821c9364,LPE4 90/320,MAELSTROM,4.0,0,,,,LEYENDAS PE 4.0,7,2500,2,https://pub-77824f6d0d4542d282fa48605bce7479.r2.dev/cards/MYL/PRIMERA%20ERA/97f03eb0-633b-4dad-8bc8-a1ba821c9364.png
cd8df12f-7182-411a-a7f6-b0eb31e6b74a,SECRETA EXCLUSIVA PE 07,MAELSTROM,4.0,0,,,,,19,4000,8,https://pub-77824f6d0d4542d282fa48605bce7479.r2.dev/pending-versions/a09cd627-0dac-4af7-96c4-4501b80b8882/1783274156652-0.webp
de658c21-850f-45a2-8362-948126f0ec3f,SECRETA-EXCLUSIVA-07,MAELSTROM,4.0,0,,,,LOOTBOX PRIMERA ERA 2024,4,4000,1,https://pub-77824f6d0d4542d282fa48605bce7479.r2.dev/cards/MYL/PRIMERA%20ERA/de658c21-850f-45a2-8362-948126f0ec3f.png
141df8a5-0e83-44b6-a779-014f647246ae,TKPE26 09/32,MAELSTROM,4.0,0,,,,TOOLKIT 2026: ANCESTRAL,48,1500,8,https://pub-77824f6d0d4542d282fa48605bce7479.r2.dev/cards/MYL/PRIMERA%20ERA/141df8a5-0e83-44b6-a779-014f647246ae.png
23bc0525-c6b9-45e2-b4f3-cb070cd075ab,LPE23 048/300,MAELSTROM,4.0,0,,,,LEYENDAS PRIMERA ERA 3.0,6,2000,2,https://pub-77824f6d0d4542d282fa48605bce7479.r2.dev/cards/MYL/PRIMERA%20ERA/23bc0525-c6b9-45e2-b4f3-cb070cd075ab.png
f8a57a34-20a0-4496-90d3-378d42e3279f,MPO 09/18,MAESTRIA WUDANG,1.0,0,,,,MUNDOS PERDIDOS: VIAJE AL OESTE,18,1000,6,https://pub-77824f6d0d4542d282fa48605bce7479.r2.dev/cards/MYL/PRIMERA%20ERA/f8a57a34-20a0-4496-90d3-378d42e3279f.png
875f829f-1857-4d11-8a7d-e5f2f9cbc21b,CRPE-43-72,MAGNI,3.0,2,,,,KIT RACIALES PRIMERA ERA: DIOS,4,1500,2,https://pub-77824f6d0d4542d282fa48605bce7479.r2.dev/cards/MYL/PRIMERA%20ERA/875f829f-1857-4d11-8a7d-e5f2f9cbc21b.png
322f1bb2-5405-4312-b59d-c9c1062f56ad,15 - 126 / PRIMERA EDICION,MAGNI,3.0,2,,,,COLECCION: RAGNAROK,1,1000,1,https://pub-77824f6d0d4542d282fa48605bce7479.r2.dev/cards/MYL/PRIMERA%20ERA/322f1bb2-5405-4312-b59d-c9c1062f56ad.png
c7e28364-a71a-4d61-98ac-b17cb35e8eac,LPE4 141/320,MAGNI,3.0,2,,,,LEYENDAS PE 4.0,46,600,6,https://pub-77824f6d0d4542d282fa48605bce7479.r2.dev/cards/MYL/PRIMERA%20ERA/c7e28364-a71a-4d61-98ac-b17cb35e8eac.png
fed2cddf-af84-4efb-a82e-5e6a13b23ce8,77 - 170 / PRIMERA EDICION,MAGNUS,1.0,1,,,,COLECCION: COFRADIA,2,1000,2,https://pub-77824f6d0d4542d282fa48605bce7479.r2.dev/cards/MYL/PRIMERA%20ERA/fed2cddf-af84-4efb-a82e-5e6a13b23ce8.png
b607fedb-44da-4027-9c32-8bc2a54dd761,80 - 236 / PRIMERA EDICION,MAGNUS,1.0,1,,,,LEYENDAS PRIMERA ERA 2.0,1,1500,1,https://pub-77824f6d0d4542d282fa48605bce7479.r2.dev/cards/MYL/PRIMERA%20ERA/b607fedb-44da-4027-9c32-8bc2a54dd761.png
ec1672a3-8a8b-4e73-b6af-d6e8f182970a,LPE23 178/300,MAGO MERLIN,4.0,3,,,,LEYENDAS PRIMERA ERA 3.0,29,800,5,https://pub-77824f6d0d4542d282fa48605bce7479.r2.dev/cards/MYL/PRIMERA%20ERA/ec1672a3-8a8b-4e73-b6af-d6e8f182970a.png
747130b9-79cf-4156-9a23-74dc131d1794,LPE4 18/320,MALEDISANT,2.0,3,,,,LEYENDAS PE 4.0,14,2500,4,https://pub-77824f6d0d4542d282fa48605bce7479.r2.dev/cards/MYL/PRIMERA%20ERA/747130b9-79cf-4156-9a23-74dc131d1794.png
2ebe0a19-5866-4fa4-ab30-c6322678cfb3,CRPE5 30 - 84,MALEDISANT,2.0,3,,,,KIT RACIALES PRIMERA ERA 2025: FAERIE,5,2000,1,https://pub-77824f6d0d4542d282fa48605bce7479.r2.dev/cards/MYL/PRIMERA%20ERA/2ebe0a19-5866-4fa4-ab30-c6322678cfb3.png
47aff9da-e7bb-4ddf-beb0-12ad84544f95,MPA-09-18,MALEDISANT,2.0,3,,,,MUNDOS PERDIDOS: LEYENDAS DE AVALON,19,1500,6,https://pub-77824f6d0d4542d282fa48605bce7479.r2.dev/cards/MYL/PRIMERA%20ERA/47aff9da-e7bb-4ddf-beb0-12ad84544f95.png
d10b32fa-4a01-4cd7-961c-9ef9409d830d,CRPE4 58 - 117,MAMA OCLLO,3.0,3,,,,KIT RACIALES PRIMERA ERA 2025: CHAMAN,9,2500,2,https://pub-77824f6d0d4542d282fa48605bce7479.r2.dev/cards/MYL/PRIMERA%20ERA/d10b32fa-4a01-4cd7-961c-9ef9409d830d.png
6e80fc55-e8a5-40fb-8d56-d6a311e1babd,PROMO PE-02,MANADA MORTIFERA,,0,,,,LOOTBOX PRIMERA ERA 2024,8,5000,3,https://pub-77824f6d0d4542d282fa48605bce7479.r2.dev/cards/MYL/PRIMERA%20ERA/6e80fc55-e8a5-40fb-8d56-d6a311e1babd.png
0e34b3e1-7f57-4536-9a19-19e55dacd9f3,LPE23 136/300,MANADA MORTIFERA,,0,,,,LEYENDAS PRIMERA ERA 3.0,23,1000,8,https://pub-77824f6d0d4542d282fa48605bce7479.r2.dev/cards/MYL/PRIMERA%20ERA/0e34b3e1-7f57-4536-9a19-19e55dacd9f3.png
4027badc-dac4-47f9-9ff7-cb42ddbe4379,CRPE-60-72,MANADA MORTIFERA,,0,,,,KIT RACIALES PRIMERA ERA: LICANTROPO,1,5000,1,https://pub-77824f6d0d4542d282fa48605bce7479.r2.dev/cards/MYL/PRIMERA%20ERA/4027badc-dac4-47f9-9ff7-cb42ddbe4379.png
76fbed29-46a6-486d-8068-0cb9ac3e8740,CRPE4 70-117,MANCO CAPAC,4.0,3,,,,KIT RACIALES PRIMERA ERA 2025: GUERRERO,11,3000,2,https://pub-77824f6d0d4542d282fa48605bce7479.r2.dev/cards/MYL/PRIMERA%20ERA/76fbed29-46a6-486d-8068-0cb9ac3e8740.png
85228041-cc43-495d-8549-4621aa3e931f,LPE4 327/320 P,MANDOBLE PURIFICADOR,4.0,0,,,,KIT DE BATALLA PAGANO,13,1000,3,https://pub-77824f6d0d4542d282fa48605bce7479.r2.dev/cards/MYL/PRIMERA%20ERA/85228041-cc43-495d-8549-4621aa3e931f.png
206a0703-6950-4fe1-8408-94330338f7c0,CRPE-21-72,MANI,2.0,2,,,,KIT RACIALES PRIMERA ERA: BARBARO,7,2000,3,https://pub-77824f6d0d4542d282fa48605bce7479.r2.dev/cards/MYL/PRIMERA%20ERA/206a0703-6950-4fe1-8408-94330338f7c0.png
da8574fe-ba7c-442d-a763-248e63337932,34 - 126 / PRIMERA EDICION,MANI,2.0,2,,,,COLECCION: RAGNAROK,9,1500,4,https://pub-77824f6d0d4542d282fa48605bce7479.r2.dev/cards/MYL/PRIMERA%20ERA/da8574fe-ba7c-442d-a763-248e63337932.png
a553be4c-42d8-4c07-aa0f-df0a33f3a85b,CRPE5 09 - 84,MANUK,2.0,4,,,,KIT RACIALES PRIMERA ERA 2025: CABALLERO,7,2000,2,https://pub-77824f6d0d4542d282fa48605bce7479.r2.dev/cards/MYL/PRIMERA%20ERA/a553be4c-42d8-4c07-aa0f-df0a33f3a85b.png
de74dfdd-7199-4111-b01d-d861c4f60216,27 - 126 / PRIMERA EDICION,MARA,1.0,1,,,,COLECCION: EL RETO,2,500,1,https://pub-77824f6d0d4542d282fa48605bce7479.r2.dev/cards/MYL/PRIMERA%20ERA/de74dfdd-7199-4111-b01d-d861c4f60216.png
3d465bd0-5a75-49a7-803f-010daf0a7646,LPE4 266/320,MARCA DEL TIGRE,2.0,0,,,,LEYENDAS PE 4.0,20,100,1,https://pub-77824f6d0d4542d282fa48605bce7479.r2.dev/cards/MYL/PRIMERA%20ERA/3d465bd0-5a75-49a7-803f-010daf0a7646.png
696abd2b-f749-4def-84c3-7d452285ef83,EXPE - 113 - 120,MARCA DEL TIGRE,2.0,0,,,,KIT EXTENSION PRIMERA ERA: ESPIRITU DEL DRAGON,1,3000,1,https://pub-77824f6d0d4542d282fa48605bce7479.r2.dev/cards/MYL/PRIMERA%20ERA/696abd2b-f749-4def-84c3-7d452285ef83.png
a67e3884-c099-4efa-aa9f-5051d678b21d,LPE23 261/300,MARCAS DE GUERRA,2.0,0,,,,LEYENDAS PRIMERA ERA 3.0,4,500,1,https://pub-77824f6d0d4542d282fa48605bce7479.r2.dev/cards/MYL/PRIMERA%20ERA/a67e3884-c099-4efa-aa9f-5051d678b21d.png
e61fea78-f40b-4b25-ac48-043dcce04bd8,7 - 126 / PRIMERA EDICION,MARCAS DE GUERRA,2.0,0,,,,COLECCION: MUNDO GOTICO,1,100,1,https://pub-77824f6d0d4542d282fa48605bce7479.r2.dev/cards/MYL/PRIMERA%20ERA/e61fea78-f40b-4b25-ac48-043dcce04bd8.png
cd7160c4-a909-4070-880f-7ade48080584,LPE4 219/320,MARDUK,4.0,4,,,,LEYENDAS PE 4.0,20,100,1,https://pub-77824f6d0d4542d282fa48605bce7479.r2.dev/cards/MYL/PRIMERA%20ERA/cd7160c4-a909-4070-880f-7ade48080584.png
f0cb8ec1-eabd-4d8d-95c0-6df600fcdf44,CRPE5 02 - 84,MARDUK,4.0,4,,,,KIT RACIALES PRIMERA ERA 2025: CABALLERO,12,2000,3,https://pub-77824f6d0d4542d282fa48605bce7479.r2.dev/cards/MYL/PRIMERA%20ERA/f0cb8ec1-eabd-4d8d-95c0-6df600fcdf44.png
7f503ca1-4176-4916-8ef7-bb9ed1637b4f,CRPE3 - 05 - 36,MARDUK,4.0,4,,,,KIT RACIALES PRIMERA ERA: CABALLERO,15,2000,3,https://pub-77824f6d0d4542d282fa48605bce7479.r2.dev/cards/MYL/PRIMERA%20ERA/7f503ca1-4176-4916-8ef7-bb9ed1637b4f.png
a7761989-2ed4-46b8-8e64-79a19b9a76b2,117 - 126 / PRIMERA EDICION,MARTILLO AMULETO,,0,,,,COLECCION: RAGNAROK,3,100,1,https://pub-77824f6d0d4542d282fa48605bce7479.r2.dev/cards/MYL/PRIMERA%20ERA/a7761989-2ed4-46b8-8e64-79a19b9a76b2.png
3a562e5d-5cc8-4b96-bff2-f40d1738993e,LPE23 165/300,MARTILLO AMULETO,,0,,,,LEYENDAS PRIMERA ERA 3.0,26,1500,4,https://pub-77824f6d0d4542d282fa48605bce7479.r2.dev/cards/MYL/PRIMERA%20ERA/3a562e5d-5cc8-4b96-bff2-f40d1738993e.png
4ad405f8-6dbe-4d87-adaf-4e0bc5ecea1d,9 - 126 / PRIMERA EDICION,MARTILLO DE THOR,3.0,0,,,,COLECCION: RAGNAROK,2,1500,2,https://pub-77824f6d0d4542d282fa48605bce7479.r2.dev/cards/MYL/PRIMERA%20ERA/4ad405f8-6dbe-4d87-adaf-4e0bc5ecea1d.png
d3a067c6-b1ee-4841-a538-5d201756cabb,40 - 126 / PRIMERA EDICION,MARTILLO Y ESTACAS,1.0,0,,,,COLECCION: MUNDO GOTICO,1,100,1,https://pub-77824f6d0d4542d282fa48605bce7479.r2.dev/cards/MYL/PRIMERA%20ERA/d3a067c6-b1ee-4841-a538-5d201756cabb.png
f4c102c8-fe8b-404e-9a3b-646f2e6e268a,LPE23 262/300,MARTILLO Y ESTACAS,1.0,0,,,,LEYENDAS PRIMERA ERA 3.0,5,100,1,https://pub-77824f6d0d4542d282fa48605bce7479.r2.dev/cards/MYL/PRIMERA%20ERA/f4c102c8-fe8b-404e-9a3b-646f2e6e268a.png
0a7e1523-5123-4413-98e0-81d7414a9dd0,138 - 170 / PRIMERA EDICION,MARTILLO Y ESTACAS,2.0,0,,,,COLECCION: COFRADIA,1,100,1,https://pub-77824f6d0d4542d282fa48605bce7479.r2.dev/cards/MYL/PRIMERA%20ERA/0a7e1523-5123-4413-98e0-81d7414a9dd0.png
732ae511-a404-425d-bacd-e74d3ef70a1d,MPS 19/18,MARY BRADBURY,2.0,2,,,,MUNDOS PERDIDOS: HORRORES DE SALEM,14,2500,3,https://pub-77824f6d0d4542d282fa48605bce7479.r2.dev/cards/MYL/PRIMERA%20ERA/732ae511-a404-425d-bacd-e74d3ef70a1d.png
8315f781-6941-4d9e-b36c-608322ee5c2f,LPE4 118/320,MARY BRADBURY,2.0,2,,,,LEYENDAS PE 4.0,48,600,5,https://pub-77824f6d0d4542d282fa48605bce7479.r2.dev/cards/MYL/PRIMERA%20ERA/8315f781-6941-4d9e-b36c-608322ee5c2f.png
a5330ce6-3c18-462b-8923-d8b7f0d2b8d7,CRPE4 02 - 117,MARY BRADBURY,2.0,2,,,,KIT RACIALES PRIMERA ERA 2025: CAZADOR,11,1000,3,https://pub-77824f6d0d4542d282fa48605bce7479.r2.dev/cards/MYL/PRIMERA%20ERA/a5330ce6-3c18-462b-8923-d8b7f0d2b8d7.png
8099e9b5-35cf-4380-a544-06cab0ac4d69,LPE4 115/320,MASCARA DE JADE,3.0,0,,,,LEYENDAS PE 4.0,47,700,9,https://pub-77824f6d0d4542d282fa48605bce7479.r2.dev/cards/MYL/PRIMERA%20ERA/8099e9b5-35cf-4380-a544-06cab0ac4d69.png
32162e4f-495a-4134-b695-ce7b1586a3fd,EXPE - 10 - 120,MASCARA DE TIAMATH,,0,,,,KIT EXTENSION PRIMERA ERA: EL RETO,16,4500,7,https://pub-77824f6d0d4542d282fa48605bce7479.r2.dev/cards/MYL/PRIMERA%20ERA/32162e4f-495a-4134-b695-ce7b1586a3fd.png
4f916d0a-7b0d-496b-b50d-c1fc1484ea8f,PROMOCIONAL LPE25 05,MASCARA DE TIAMATH,,0,,,,LOOTBOX PRIMERA ERA 2025,12,5000,5,https://pub-77824f6d0d4542d282fa48605bce7479.r2.dev/cards/MYL/PRIMERA%20ERA/4f916d0a-7b0d-496b-b50d-c1fc1484ea8f.png
a07bc502-b6b3-46ba-87a9-ee4a6b1c06ab,TKPE24,MASCARA DE TIAMATH,,0,,,,TOOLKIT 2024,1,6500,1,https://pub-77824f6d0d4542d282fa48605bce7479.r2.dev/pending-versions/a09cd627-0dac-4af7-96c4-4501b80b8882/1785467640441-0.webp
9e4c34e0-4a00-4289-8395-f33c84363a67,LPE23 208/300,MASCARA DEL SOL,3.0,0,,,,LEYENDAS PRIMERA ERA 3.0,3,100,1,https://pub-77824f6d0d4542d282fa48605bce7479.r2.dev/cards/MYL/PRIMERA%20ERA/9e4c34e0-4a00-4289-8395-f33c84363a67.png
7b92f3cb-ccad-4cab-88a6-f234048d0de5,021 - 126 / PRIMERA ERA,MASCARA DEL SOL,3.0,0,,,,COLECCION: LA IRA DEL NAHUAL,1,100,1,https://pub-77824f6d0d4542d282fa48605bce7479.r2.dev/cards/MYL/PRIMERA%20ERA/7b92f3cb-ccad-4cab-88a6-f234048d0de5.png
2420a424-e558-4983-beb0-4f4fb905d7ef,LPE4 224/320,MATADOR DE DRAGONES,2.0,0,,,,LEYENDAS PE 4.0,3,100,1,https://pub-77824f6d0d4542d282fa48605bce7479.r2.dev/cards/MYL/PRIMERA%20ERA/2420a424-e558-4983-beb0-4f4fb905d7ef.png
8d712cb6-d654-456a-8607-43ccfa438bdf,2 - 126 / PRIMERA EDICION,MATADOR DE GIGANTES,5.0,0,,,,COLECCION: RAGNAROK,2,2000,2,https://pub-77824f6d0d4542d282fa48605bce7479.r2.dev/cards/MYL/PRIMERA%20ERA/8d712cb6-d654-456a-8607-43ccfa438bdf.png
14e9c5b6-4296-4cd0-b373-b0254c0db551,LBPE25 03/21,MAUGRIS,2.0,3,,,,LOOTBOX PRIMERA ERA 2025,37,2000,5,https://pub-77824f6d0d4542d282fa48605bce7479.r2.dev/cards/MYL/PRIMERA%20ERA/14e9c5b6-4296-4cd0-b373-b0254c0db551.png
48be7247-5df5-43a5-a7be-cca871d02cfa,CRPE2-30-84,MAUI,,4,,,,KIT RACIALES PRIMERA ERA: GUERRERO,5,2000,1,https://pub-77824f6d0d4542d282fa48605bce7479.r2.dev/cards/MYL/PRIMERA%20ERA/48be7247-5df5-43a5-a7be-cca871d02cfa.png
58aa8061-bdb7-4dd7-8cde-39d202f87f35,LPE23 018/300,MAUI,,4,,,,LEYENDAS PRIMERA ERA 3.0,10,3000,3,https://pub-77824f6d0d4542d282fa48605bce7479.r2.dev/cards/MYL/PRIMERA%20ERA/58aa8061-bdb7-4dd7-8cde-39d202f87f35.png
34355825-4d35-4356-b168-66fdd17bcc8d,78 - 170 / FIRST EDITION,MAUI,,4,,,,,1,4000,1,https://pub-77824f6d0d4542d282fa48605bce7479.r2.dev/pending-versions/b457c3e0-41ed-4a6b-8d6b-438846ff4e1d/1785131445946-0.webp
c66e7383-3b4a-4d30-853f-775364ea4388,78 - 170 / PRIMERA EDICION,MAUI,,4,,,,COLECCION: COFRADIA,1,1500,1,https://pub-77824f6d0d4542d282fa48605bce7479.r2.dev/cards/MYL/PRIMERA%20ERA/c66e7383-3b4a-4d30-853f-775364ea4388.png
70f91e7c-553e-4329-979f-30d9045d9b1f,048 - 126 / PRIMERA ERA,MAZA,2.0,0,,,,COLECCION: LA IRA DEL NAHUAL,2,200,2,https://pub-77824f6d0d4542d282fa48605bce7479.r2.dev/cards/MYL/PRIMERA%20ERA/70f91e7c-553e-4329-979f-30d9045d9b1f.png
58b1d169-aecf-412c-a9d2-0ec4f73cda85,LPE23 268/300,MAZA,2.0,0,,,,LEYENDAS PRIMERA ERA 3.0,11,100,1,https://pub-77824f6d0d4542d282fa48605bce7479.r2.dev/cards/MYL/PRIMERA%20ERA/58b1d169-aecf-412c-a9d2-0ec4f73cda85.png
0c7ef9e4-37a4-4a16-a06f-2ca1fa5600d2,LPE4 148/320,MAZU,2.0,2,,,,LEYENDAS PE 4.0,59,600,6,https://pub-77824f6d0d4542d282fa48605bce7479.r2.dev/cards/MYL/PRIMERA%20ERA/0c7ef9e4-37a4-4a16-a06f-2ca1fa5600d2.png
f81845be-21a0-4e3b-8839-2eaeba5bad99,76 - 126 / PRIMERA EDICION,MEDUSA,4.0,1,,,,COLECCION: EL RETO,1,500,1,https://pub-77824f6d0d4542d282fa48605bce7479.r2.dev/cards/MYL/PRIMERA%20ERA/f81845be-21a0-4e3b-8839-2eaeba5bad99.png
c3e6cd57-18ed-4d50-85fa-e77f0f27f391,CRPE4 44 - 117,MEDUSA,4.0,4,,,,KIT RACIALES PRIMERA ERA 2025: BESTIA,14,1500,3,https://pub-77824f6d0d4542d282fa48605bce7479.r2.dev/cards/MYL/PRIMERA%20ERA/c3e6cd57-18ed-4d50-85fa-e77f0f27f391.png
98e21ba5-513d-4de3-9f0c-69080c0c8302,PREMIUM PE-012,MEILI,4.0,3,,,,LOOTBOX PRIMERA ERA 2024,5,3000,2,https://pub-77824f6d0d4542d282fa48605bce7479.r2.dev/cards/MYL/PRIMERA%20ERA/98e21ba5-513d-4de3-9f0c-69080c0c8302.png
7d9181c4-b216-4f29-a5e0-4cd71ebf1868,EXPE - 69 - 120,MEILI,4.0,3,,,,KIT EXTENSION PRIMERA ERA: RAGNAROK,12,2500,3,https://pub-77824f6d0d4542d282fa48605bce7479.r2.dev/cards/MYL/PRIMERA%20ERA/7d9181c4-b216-4f29-a5e0-4cd71ebf1868.png
89821c21-1423-4001-bbd2-0845c536f66d,MPC 14/18,MELIMOYU,2.0,0,,,,MUNDOS PERDIDOS: CIUDAD DE LOS CESARES,15,1500,4,https://pub-77824f6d0d4542d282fa48605bce7479.r2.dev/cards/MYL/PRIMERA%20ERA/89821c21-1423-4001-bbd2-0845c536f66d.png
f486dbf5-b2ed-47f9-873d-c8a5db0d83db,PROMOCIONAL LPE25 15,MELIMOYU,2.0,0,,,,LOOTBOX PRIMERA ERA 2025,20,1500,5,https://pub-77824f6d0d4542d282fa48605bce7479.r2.dev/cards/MYL/PRIMERA%20ERA/f486dbf5-b2ed-47f9-873d-c8a5db0d83db.png
5fc4eb9c-3acf-48f2-a920-861e83c5ecd1,80 - 170 / PRIMERA EDICION,MELUSINA,2.0,2,,,,COLECCION: COFRADIA,1,1500,1,https://pub-77824f6d0d4542d282fa48605bce7479.r2.dev/cards/MYL/PRIMERA%20ERA/5fc4eb9c-3acf-48f2-a920-861e83c5ecd1.png
fe6b8ef5-8c16-4d86-ae0d-ce55a6921ff9,CRPE3 - 27 - 36,MELUSINA,2.0,2,,,,KIT RACIALES PRIMERA ERA: FAERIE,4,1500,2,https://pub-77824f6d0d4542d282fa48605bce7479.r2.dev/cards/MYL/PRIMERA%20ERA/fe6b8ef5-8c16-4d86-ae0d-ce55a6921ff9.png
584019a0-1074-443b-bc59-e20b1a1790bd,XINNIAN 3 10/30,MENG PO,3.0,3,,,,XINNIAN 3: ANO DEL CABALLO,12,2500,2,https://pub-77824f6d0d4542d282fa48605bce7479.r2.dev/cards/MYL/PRIMERA%20ERA/584019a0-1074-443b-bc59-e20b1a1790bd.png
f4f41cc9-0cea-4409-8f4d-255b2f49d5d0,MPTO 08/18,MERCY BROWN,2.0,3,,,,MUNDOS PERDIDOS: TOMBSTONE,2,5000,1,https://pub-77824f6d0d4542d282fa48605bce7479.r2.dev/cards/MYL/PRIMERA%20ERA/f4f41cc9-0cea-4409-8f4d-255b2f49d5d0.png
36e59d03-7446-4c68-a19d-a27960cc2f77,PROMOCIONAL LPE25 04,MERLIN,4.0,0,,,,LOOTBOX PRIMERA ERA 2025,22,2000,5,https://pub-77824f6d0d4542d282fa48605bce7479.r2.dev/cards/MYL/PRIMERA%20ERA/36e59d03-7446-4c68-a19d-a27960cc2f77.png
1a116420-8cab-4b13-bcd4-49e7790f1f64,81 - 170 / FIRST EDITION,MERLIN,4.0,0,,,,,1,3000,1,https://pub-77824f6d0d4542d282fa48605bce7479.r2.dev/pending-versions/b457c3e0-41ed-4a6b-8d6b-438846ff4e1d/1785133128412-0.webp
9a63a981-903b-4db2-a725-fa573040fd3d,118 - 126 / PRIMERA EDICION,MERLIN,4.0,0,,,,COLECCION: EL RETO,1,500,1,https://pub-77824f6d0d4542d282fa48605bce7479.r2.dev/cards/MYL/PRIMERA%20ERA/9a63a981-903b-4db2-a725-fa573040fd3d.png
2c740b90-2e82-496c-bd2a-6be7474c7409,LPE23 119/300,MERLIN,4.0,0,,,,LEYENDAS PRIMERA ERA 3.0,19,1000,3,https://pub-77824f6d0d4542d282fa48605bce7479.r2.dev/cards/MYL/PRIMERA%20ERA/2c740b90-2e82-496c-bd2a-6be7474c7409.png
897f3e9c-87b3-4f17-a4d3-d3fd78730369,82 - 170 / PRIMERA EDICION,MESALINA,3.0,3,,,,COLECCION: COFRADIA,2,800,2,https://pub-77824f6d0d4542d282fa48605bce7479.r2.dev/cards/MYL/PRIMERA%20ERA/897f3e9c-87b3-4f17-a4d3-d3fd78730369.png
25993fb4-19ed-4695-9e68-c1404f39801d,89 - 126 / PRIMERA EDICION,MESALINA,3.0,3,,,,COLECCION: MUNDO GOTICO,1,100,1,https://pub-77824f6d0d4542d282fa48605bce7479.r2.dev/cards/MYL/PRIMERA%20ERA/25993fb4-19ed-4695-9e68-c1404f39801d.png
b30b17a5-9252-4383-95e1-15bc3d6cf4d1,LPE23 065/300,MESALINA,3.0,3,,,,LEYENDAS PRIMERA ERA 3.0,20,600,4,https://pub-77824f6d0d4542d282fa48605bce7479.r2.dev/cards/MYL/PRIMERA%20ERA/b30b17a5-9252-4383-95e1-15bc3d6cf4d1.png
c82e0f85-18a0-41dd-9ea1-c62dce7fa4b9,82 - 170 / FIRST EDITION,MESALINE,,0,,,,,1,2000,1,https://pub-77824f6d0d4542d282fa48605bce7479.r2.dev/pending-versions/b457c3e0-41ed-4a6b-8d6b-438846ff4e1d/1785175992992-0.webp
3e5cb814-c68a-40b1-af5e-961aec188385,LPE23 160/300,METAMORFOSIS DE LOKI,4.0,0,,,,LEYENDAS PRIMERA ERA 3.0,21,800,3,https://pub-77824f6d0d4542d282fa48605bce7479.r2.dev/cards/MYL/PRIMERA%20ERA/3e5cb814-c68a-40b1-af5e-961aec188385.png
74b97bad-e11a-41d6-ba67-87664cb24d9b,46 - 126 / PRIMERA EDICION,METAMORFOSIS DE LOKI,4.0,0,,,,COLECCION: RAGNAROK,1,300,1,https://pub-77824f6d0d4542d282fa48605bce7479.r2.dev/cards/MYL/PRIMERA%20ERA/74b97bad-e11a-41d6-ba67-87664cb24d9b.png
0bb4db6a-1df3-457e-bfbc-07615907b3ca,CRPE4 53 - 117,METZLI,2.0,3,,,,KIT RACIALES PRIMERA ERA 2025: CHAMAN,9,1500,2,https://pub-77824f6d0d4542d282fa48605bce7479.r2.dev/cards/MYL/PRIMERA%20ERA/0bb4db6a-1df3-457e-bfbc-07615907b3ca.png
cc084914-949d-4a46-9ee3-5c425e87bdd0,LPE4 187/320,METZLI,2.0,3,,,,LEYENDAS PE 4.0,41,600,6,https://pub-77824f6d0d4542d282fa48605bce7479.r2.dev/cards/MYL/PRIMERA%20ERA/cc084914-949d-4a46-9ee3-5c425e87bdd0.png
8188c2ab-afe1-413a-b7dd-d619037bb566,LBPE24-10-21,METZLI,2.0,3,,,,LOOTBOX PRIMERA ERA 2024,9,2000,2,https://pub-77824f6d0d4542d282fa48605bce7479.r2.dev/cards/MYL/PRIMERA%20ERA/8188c2ab-afe1-413a-b7dd-d619037bb566.png
e60c3463-0350-4d3d-af06-4212a7fadf64,LBPE24-11-21,MEXI,2.0,2,,,,LOOTBOX PRIMERA ERA 2024,2,1500,2,https://pub-77824f6d0d4542d282fa48605bce7479.r2.dev/cards/MYL/PRIMERA%20ERA/e60c3463-0350-4d3d-af06-4212a7fadf64.png
fa2a6680-4c56-451f-973d-ec52c066da42,CRPE4 35 - 117,MHACHKAY,4.0,5,,,,KIT RACIALES PRIMERA ERA 2025: VAMPIRO,1,1000,1,https://pub-77824f6d0d4542d282fa48605bce7479.r2.dev/cards/MYL/PRIMERA%20ERA/fa2a6680-4c56-451f-973d-ec52c066da42.png
8de6ede6-6f59-40ed-931a-4549efa92118,CRPE4 35 - 117,MHACHKAY,4.0,5,,,,KIT RACIALES PRIMERA ERA 2025: VAMPIRO,14,1500,3,https://pub-77824f6d0d4542d282fa48605bce7479.r2.dev/cards/MYL/PRIMERA%20ERA/8de6ede6-6f59-40ed-931a-4549efa92118.png
9feb9be2-6fcb-42fa-8ebe-739ce20e971b,CRPE2-34-84,MICHIMALONCO,3.0,3,,,,KIT RACIALES PRIMERA ERA: GUERRERO,2,1500,1,https://pub-77824f6d0d4542d282fa48605bce7479.r2.dev/cards/MYL/PRIMERA%20ERA/9feb9be2-6fcb-42fa-8ebe-739ce20e971b.png
97cfb058-f4b9-48ce-bf12-0824a66fa3f0,CRPE4 62-117,MICHIMALONCO,3.0,3,,,,KIT RACIALES PRIMERA ERA 2025: GUERRERO,15,1500,3,https://pub-77824f6d0d4542d282fa48605bce7479.r2.dev/cards/MYL/PRIMERA%20ERA/97cfb058-f4b9-48ce-bf12-0824a66fa3f0.png
2a0652a1-21de-4e24-a095-1bf5bc9c2f6d,TKPE26 12/32,MIDGARD,3.0,0,,,,TOOLKIT 2026: ANCESTRAL,17,3500,4,https://pub-77824f6d0d4542d282fa48605bce7479.r2.dev/cards/MYL/PRIMERA%20ERA/2a0652a1-21de-4e24-a095-1bf5bc9c2f6d.png
4c96896a-4cc0-4238-84b8-96f73b6828f7,LPE4 295/320,MILLALOBO,3.0,3,,,,LEYENDAS PE 4.0,20,100,1,https://pub-77824f6d0d4542d282fa48605bce7479.r2.dev/cards/MYL/PRIMERA%20ERA/4c96896a-4cc0-4238-84b8-96f73b6828f7.png
a8e72f3e-955d-44c5-a2ac-1fa8a65bbbd8,EXPE - 64 - 120,MIMIR,1.0,1,,,,KIT EXTENSION PRIMERA ERA: RAGNAROK,7,1500,2,https://pub-77824f6d0d4542d282fa48605bce7479.r2.dev/cards/MYL/PRIMERA%20ERA/a8e72f3e-955d-44c5-a2ac-1fa8a65bbbd8.png
c641878f-f363-47c8-8973-dd972a7f9563,110 - 126 / PRIMERA EDICION,MIMIR,1.0,1,,,,COLECCION: RAGNAROK,2,100,1,https://pub-77824f6d0d4542d282fa48605bce7479.r2.dev/cards/MYL/PRIMERA%20ERA/c641878f-f363-47c8-8973-dd972a7f9563.png
06845d5f-3bdd-4672-928d-37f91fb2e824,34 - 170 / PRIMERA EDICION,MINOTAURO,2.0,2,,,,COLECCION: COFRADIA,3,1000,1,https://pub-77824f6d0d4542d282fa48605bce7479.r2.dev/cards/MYL/PRIMERA%20ERA/06845d5f-3bdd-4672-928d-37f91fb2e824.png
359ad757-615a-4039-bd72-e3ce3678b63f,116 - 126 / PRIMERA EDICION,MINOTAURO,3.0,2,,,,COLECCION: EL RETO,1,100,1,https://pub-77824f6d0d4542d282fa48605bce7479.r2.dev/cards/MYL/PRIMERA%20ERA/359ad757-615a-4039-bd72-e3ce3678b63f.png
4a9c318f-6f5e-426f-bad2-4ed8d5958154,TKPE24 07/28,MIRADA BERSERKER,3.0,0,,,,TOOLKIT PREMIUM JUSTA,8,2000,2,https://pub-77824f6d0d4542d282fa48605bce7479.r2.dev/cards/MYL/PRIMERA%20ERA/4a9c318f-6f5e-426f-bad2-4ed8d5958154.png
70681301-3ab9-43a6-9fc4-5f62abeaf584,47 - 126 / PRIMERA EDICION,MIRADA BERSERKER,3.0,0,,,,COLECCION: RAGNAROK,1,100,1,https://pub-77824f6d0d4542d282fa48605bce7479.r2.dev/cards/MYL/PRIMERA%20ERA/70681301-3ab9-43a6-9fc4-5f62abeaf584.png
7911671f-b753-49eb-bb76-7295766d6ed8,TKPE2 - 11 - 13,MIRADA BERSERKER,3.0,0,,,,TOOLKIT: ODIN,6,2000,3,https://pub-77824f6d0d4542d282fa48605bce7479.r2.dev/cards/MYL/PRIMERA%20ERA/7911671f-b753-49eb-bb76-7295766d6ed8.png
9f37ed24-b673-4f03-bb23-80d71d3c11d9,XINNIAN 03/32,MIROKU,2.0,2,,,,XINNIAN: ANO DEL DRAGON,25,1500,4,https://pub-77824f6d0d4542d282fa48605bce7479.r2.dev/cards/MYL/PRIMERA%20ERA/9f37ed24-b673-4f03-bb23-80d71d3c11d9.png
3373b83f-65bd-4aaf-be5d-a8686dad63fa,LPE4 152/320,MIYAMOTO MUSASHI,3.0,3,,,,LEYENDAS PE 4.0,46,800,7,https://pub-77824f6d0d4542d282fa48605bce7479.r2.dev/cards/MYL/PRIMERA%20ERA/3373b83f-65bd-4aaf-be5d-a8686dad63fa.png
17aa6db8-9d7c-43b7-be3f-03073d7639d4,84 - 236 / PRIMERA EDICION,MIYAMOTO MUSASHI,3.0,3,,,,COLECCION: ESPIRITU DEL DRAGON,1,500,1,https://pub-77824f6d0d4542d282fa48605bce7479.r2.dev/cards/MYL/PRIMERA%20ERA/17aa6db8-9d7c-43b7-be3f-03073d7639d4.png
3365189d-3155-459f-8415-0c74b17f41f9,LPE4 204/320,MODRA,2.0,3,,,,LEYENDAS PE 4.0,43,600,6,https://pub-77824f6d0d4542d282fa48605bce7479.r2.dev/cards/MYL/PRIMERA%20ERA/3365189d-3155-459f-8415-0c74b17f41f9.png
885189d1-fd70-4d59-b23c-485c1d4c956f,CRPE4 102 - 117,MODRA,2.0,3,,,,KIT RACIALES PRIMERA ERA 2025: DIOS,12,900,4,https://pub-77824f6d0d4542d282fa48605bce7479.r2.dev/cards/MYL/PRIMERA%20ERA/885189d1-fd70-4d59-b23c-485c1d4c956f.png
a6e1da60-5d19-4f9b-85fc-bbf9a0d27b0e,HPE 15/21,MODRA,2.0,3,,,,VIGILANTES DE LA NOCHE,6,1000,2,https://pub-77824f6d0d4542d282fa48605bce7479.r2.dev/cards/MYL/PRIMERA%20ERA/a6e1da60-5d19-4f9b-85fc-bbf9a0d27b0e.png
03586818-d4d8-4fac-b503-24b51597abc2,LPE4 35/320,MODRANICHT,1.0,0,,,,LEYENDAS PE 4.0,27,2000,4,https://pub-77824f6d0d4542d282fa48605bce7479.r2.dev/cards/MYL/PRIMERA%20ERA/03586818-d4d8-4fac-b503-24b51597abc2.png
3fdb4dde-72d0-483d-b895-a6066d81a7a4,HPE 16/21,MODRANICHT,1.0,0,,,,VIGILANTES DE LA NOCHE,9,2000,2,https://pub-77824f6d0d4542d282fa48605bce7479.r2.dev/cards/MYL/PRIMERA%20ERA/3fdb4dde-72d0-483d-b895-a6066d81a7a4.png
02b17b61-fd65-4137-8836-42f91fbcd60d,139 - 170 / PRIMERA EDICION,MOIRAS,4.0,3,,,,COLECCION: COFRADIA,7,1000,4,https://pub-77824f6d0d4542d282fa48605bce7479.r2.dev/cards/MYL/PRIMERA%20ERA/02b17b61-fd65-4137-8836-42f91fbcd60d.png
7bf738a9-6601-4e7a-865c-75be48041de3,LPE23 258/300,MOIRAS,4.0,3,,,,LEYENDAS PRIMERA ERA 3.0,6,200,2,https://pub-77824f6d0d4542d282fa48605bce7479.r2.dev/cards/MYL/PRIMERA%20ERA/7bf738a9-6601-4e7a-865c-75be48041de3.png
158929e9-6ada-4ba1-ac2a-00d73a0d446f,84 - 126 / PRIMERA EDICION,MOIRAS,4.0,3,,,,COLECCION: MUNDO GOTICO,1,100,1,https://pub-77824f6d0d4542d282fa48605bce7479.r2.dev/cards/MYL/PRIMERA%20ERA/158929e9-6ada-4ba1-ac2a-00d73a0d446f.png
744a84bd-8d5a-4eb8-b2a2-bb8fbc21a009,LPE4 76/320,MONEDAS DE ORO,,0,,,,LEYENDAS PE 4.0,10,3500,7,https://pub-77824f6d0d4542d282fa48605bce7479.r2.dev/cards/MYL/PRIMERA%20ERA/744a84bd-8d5a-4eb8-b2a2-bb8fbc21a009.png
d4c040c2-2047-403e-820b-5d81928a4b82,EDICION LIMITADA PE 24,MONEDAS DE ORO,,0,,,,,4,55000,4,https://pub-77824f6d0d4542d282fa48605bce7479.r2.dev/pending-versions/4a980520-abad-4b24-8dbd-060ed45381b6/1784834049254-0.webp
d3d7038c-5db5-4716-a425-d48e27df869d,REX 12/12,MONEDAS DE ORO,,0,,,,MUNDO MEDIEVAL,12,4000,4,https://pub-77824f6d0d4542d282fa48605bce7479.r2.dev/cards/MYL/PRIMERA%20ERA/d3d7038c-5db5-4716-a425-d48e27df869d.png
61561067-b50e-47d0-83a0-0b57aa194f3b,25 ANIVERSARIO 06/25,MONEDAS DE ORO,,0,,,,ANIVERSARIO 25 ANOS,18,5500,6,https://pub-77824f6d0d4542d282fa48605bce7479.r2.dev/cards/MYL/PRIMERA%20ERA/61561067-b50e-47d0-83a0-0b57aa194f3b.png
b2fe56a9-72b0-492b-a383-eade646290c9,EXPE - 99 - 120,MONEDAS DE ORO,,0,,,,KIT EXTENSION PRIMERA ERA: COFRADIA,11,3000,4,https://pub-77824f6d0d4542d282fa48605bce7479.r2.dev/cards/MYL/PRIMERA%20ERA/b2fe56a9-72b0-492b-a383-eade646290c9.png
e05e5d37-b1b5-450b-bf9b-932a177c7124,MPAT 14/18,MONEDAS ROMANAS,,0,,,,MUNDOS PERDIDOS: HORDA ESTEPARIA,37,4000,7,https://pub-77824f6d0d4542d282fa48605bce7479.r2.dev/pending-versions/b457c3e0-41ed-4a6b-8d6b-438846ff4e1d/1785697662166-0.webp
bc2db8ba-c5d8-46b0-9666-53a4d3fe26b2,83 - 170 / PRIMERA EDICION,MONJE DE KRI-LING,4.0,4,,,,COLECCION: COFRADIA,1,1000,1,https://pub-77824f6d0d4542d282fa48605bce7479.r2.dev/cards/MYL/PRIMERA%20ERA/bc2db8ba-c5d8-46b0-9666-53a4d3fe26b2.png
3fec0fa7-382c-4395-a2a8-eddb739dae33,CRPE2-06-84,MONJE DE KRI-LING,4.0,4,,,,KIT RACIALES PRIMERA ERA: CAZADOR,2,1000,2,https://pub-77824f6d0d4542d282fa48605bce7479.r2.dev/cards/MYL/PRIMERA%20ERA/3fec0fa7-382c-4395-a2a8-eddb739dae33.png
1ddfa15c-ba37-4b17-9469-a58bba2c9a36,LPE23 124/300,MONJE DE KRI-LING,4.0,4,,,,LEYENDAS PRIMERA ERA 3.0,23,700,5,https://pub-77824f6d0d4542d282fa48605bce7479.r2.dev/cards/MYL/PRIMERA%20ERA/1ddfa15c-ba37-4b17-9469-a58bba2c9a36.png
192e4e24-4c92-419d-a7d0-510c7c3c7bed,91 - 126 / PRIMERA EDICION,MONJE DE KRI-LING,4.0,4,,,,COLECCION: MUNDO GOTICO,1,100,1,https://pub-77824f6d0d4542d282fa48605bce7479.r2.dev/cards/MYL/PRIMERA%20ERA/192e4e24-4c92-419d-a7d0-510c7c3c7bed.png
eeb53486-51ff-47df-9df7-aab370bc33ee,XINNIAN 3 27/30,MONO,,0,,,,XINNIAN 3: ANO DEL CABALLO,15,1000,2,https://pub-77824f6d0d4542d282fa48605bce7479.r2.dev/cards/MYL/PRIMERA%20ERA/eeb53486-51ff-47df-9df7-aab370bc33ee.png
a921d0de-1cb3-4de2-822e-6545f3a76e8a,XINNIAN 28/32,MONO,,0,,,,XINNIAN: ANO DEL DRAGON,3,1000,1,https://pub-77824f6d0d4542d282fa48605bce7479.r2.dev/cards/MYL/PRIMERA%20ERA/a921d0de-1cb3-4de2-822e-6545f3a76e8a.png
7b3e4e78-ecdd-4708-9196-a7eb64050439,XINNIAN 2 27/30,MONO,,0,,,,XINNIAN 2: ANO DE LA SERPIENTE,10,1000,3,https://pub-77824f6d0d4542d282fa48605bce7479.r2.dev/cards/MYL/PRIMERA%20ERA/7b3e4e78-ecdd-4708-9196-a7eb64050439.png
acc35df7-febb-4844-bdf4-92aabec09010,LPE4 99/320,MONSTRUO DEL LAGO,3.0,4,,,,LEYENDAS PE 4.0,45,1000,6,https://pub-77824f6d0d4542d282fa48605bce7479.r2.dev/cards/MYL/PRIMERA%20ERA/acc35df7-febb-4844-bdf4-92aabec09010.png
329d34e9-6222-43b7-bf37-a9ba6c7bb34d,MPO 14/18,MONTE DEL BUITRE,3.0,0,,,,MUNDOS PERDIDOS: VIAJE AL OESTE,14,3000,4,https://pub-77824f6d0d4542d282fa48605bce7479.r2.dev/cards/MYL/PRIMERA%20ERA/329d34e9-6222-43b7-bf37-a9ba6c7bb34d.png
56b27e37-841b-4e9a-9fd7-724ab23b3e37,XINNIAN 17/32,MONTE WUDANG,4.0,0,,,,XINNIAN: ANO DEL DRAGON,7,2500,2,https://pub-77824f6d0d4542d282fa48605bce7479.r2.dev/cards/MYL/PRIMERA%20ERA/56b27e37-841b-4e9a-9fd7-724ab23b3e37.png
a40a2575-b6b7-47b1-89c7-19af7d303722,LPE4 70/320,MONTE WUDANG,4.0,0,,,,LEYENDAS PE 4.0,23,2500,5,https://pub-77824f6d0d4542d282fa48605bce7479.r2.dev/cards/MYL/PRIMERA%20ERA/a40a2575-b6b7-47b1-89c7-19af7d303722.png
b5124543-500d-49ee-abac-1fa05fc61a2c,TKPE26 07/32,MONTURA DE DRAGON,2.0,0,,,,TOOLKIT 2026: ANCESTRAL,5,3500,3,https://pub-77824f6d0d4542d282fa48605bce7479.r2.dev/cards/MYL/PRIMERA%20ERA/b5124543-500d-49ee-abac-1fa05fc61a2c.png
266d0efc-80f7-47c5-8283-2f019218bb6c,EDICION LIMITADA JO,MORDIDA,1.0,0,,,,,12,3500,4,https://pub-77824f6d0d4542d282fa48605bce7479.r2.dev/pending-versions/a09cd627-0dac-4af7-96c4-4501b80b8882/1783265946456-0.webp
79a82d02-f12c-4cd7-8d55-f791c6452f6d,13 - 126 / PRIMERA EDICION,MORDIDA,1.0,0,,,,COLECCION: MUNDO GOTICO,1,100,1,https://pub-77824f6d0d4542d282fa48605bce7479.r2.dev/cards/MYL/PRIMERA%20ERA/79a82d02-f12c-4cd7-8d55-f791c6452f6d.png
d5597a1a-70d1-4160-a888-59ea36d8be0b,LPE23 134/300,MORDIDA,1.0,0,,,,LEYENDAS PRIMERA ERA 3.0,24,800,5,https://pub-77824f6d0d4542d282fa48605bce7479.r2.dev/cards/MYL/PRIMERA%20ERA/d5597a1a-70d1-4160-a888-59ea36d8be0b.png
7f965034-cc74-44f7-9b26-86993fca7e88,LPE4 292/320,MORDIDA,1.0,0,,,,LEYENDAS PE 4.0,19,100,1,https://pub-77824f6d0d4542d282fa48605bce7479.r2.dev/cards/MYL/PRIMERA%20ERA/7f965034-cc74-44f7-9b26-86993fca7e88.png
260e800f-7e29-4295-96aa-f535e097dd30,CRPE4 84 - 117,MORDIDA ABISMAL,1.0,2,,,,KIT RACIALES PRIMERA ERA 2025: ABOMINACION,21,1500,4,https://pub-77824f6d0d4542d282fa48605bce7479.r2.dev/cards/MYL/PRIMERA%20ERA/260e800f-7e29-4295-96aa-f535e097dd30.png
003ea6d1-714f-495d-86f0-e73f79bf6f85,CRPE3 - 39 - 36,MORGANA,3.0,3,,,,KIT RACIALES PRIMERA ERA: FAERIE,3,5000,1,https://pub-77824f6d0d4542d282fa48605bce7479.r2.dev/cards/MYL/PRIMERA%20ERA/003ea6d1-714f-495d-86f0-e73f79bf6f85.png
bc968788-e6bc-4181-9d5e-abb7c89ce76c,REX 09/12,MORGANA,3.0,3,,,,MUNDO MEDIEVAL,6,1500,3,https://pub-77824f6d0d4542d282fa48605bce7479.r2.dev/cards/MYL/PRIMERA%20ERA/bc968788-e6bc-4181-9d5e-abb7c89ce76c.png
a4302380-f0cf-4ef8-857a-f726377b03fa,LPE23 179/300,MORGANA,3.0,3,,,,LEYENDAS PRIMERA ERA 3.0,16,800,4,https://pub-77824f6d0d4542d282fa48605bce7479.r2.dev/cards/MYL/PRIMERA%20ERA/a4302380-f0cf-4ef8-857a-f726377b03fa.png
26623408-51a2-4b1b-be15-27120d234017,27 - 236 / PRIMERA EDICION,MORGANA,3.0,3,,,,LEYENDAS PRIMERA ERA 2.0,1,1000,1,https://pub-77824f6d0d4542d282fa48605bce7479.r2.dev/cards/MYL/PRIMERA%20ERA/26623408-51a2-4b1b-be15-27120d234017.png
6b7f54ba-60cc-435d-ae45-1eee12b61335,CRPE5 25 - 84,MORGANA,3.0,3,,,,KIT RACIALES PRIMERA ERA 2025: FAERIE,10,1000,3,https://pub-77824f6d0d4542d282fa48605bce7479.r2.dev/cards/MYL/PRIMERA%20ERA/6b7f54ba-60cc-435d-ae45-1eee12b61335.png
43c7e886-4314-42eb-937b-17c590cc1604,LPE4 108/320,MORGAUSE,3.0,4,,,,LEYENDAS PE 4.0,67,600,9,https://pub-77824f6d0d4542d282fa48605bce7479.r2.dev/cards/MYL/PRIMERA%20ERA/43c7e886-4314-42eb-937b-17c590cc1604.png
1d9c0e95-1021-4572-b990-cc8b311b6a13,MPA-08-18,MORGAUSE,3.0,4,,,,MUNDOS PERDIDOS: LEYENDAS DE AVALON,8,900,4,https://pub-77824f6d0d4542d282fa48605bce7479.r2.dev/cards/MYL/PRIMERA%20ERA/1d9c0e95-1021-4572-b990-cc8b311b6a13.png
220484bb-fb32-4028-983f-847c51f8dfc3,LPE4 310/320,MORIR EN BATALLA,1.0,0,,,,LEYENDAS PE 4.0,20,100,1,https://pub-77824f6d0d4542d282fa48605bce7479.r2.dev/cards/MYL/PRIMERA%20ERA/220484bb-fb32-4028-983f-847c51f8dfc3.png
b060792a-272c-4d8d-ab8a-9d210805090e,LPE23 035/300,MOROI,2.0,2,,,,LEYENDAS PRIMERA ERA 3.0,16,1000,4,https://pub-77824f6d0d4542d282fa48605bce7479.r2.dev/cards/MYL/PRIMERA%20ERA/b060792a-272c-4d8d-ab8a-9d210805090e.png
0bbcbe53-3ec0-4886-aac6-84edbeb0fdca,LPE4 178/320,MOROI,2.0,2,,,,LEYENDAS PE 4.0,48,500,7,https://pub-77824f6d0d4542d282fa48605bce7479.r2.dev/cards/MYL/PRIMERA%20ERA/0bbcbe53-3ec0-4886-aac6-84edbeb0fdca.png
af784c98-bbce-46fb-a0e8-7da90ce1ab1c,159 - 126 / PRIMERA EDICION,MORTUS,3.0,1,,,,COLECCION: MUNDO GOTICO,1,100,1,https://pub-77824f6d0d4542d282fa48605bce7479.r2.dev/cards/MYL/PRIMERA%20ERA/af784c98-bbce-46fb-a0e8-7da90ce1ab1c.png
e878f3f9-5c0c-417a-ae77-3bc4f8d83403,MPS 13/18,MOSQUETE PURITANO,1.0,0,,,,MUNDOS PERDIDOS: HORRORES DE SALEM,15,1000,5,https://pub-77824f6d0d4542d282fa48605bce7479.r2.dev/cards/MYL/PRIMERA%20ERA/e878f3f9-5c0c-417a-ae77-3bc4f8d83403.png
2f36e3b6-d1eb-4d19-89e6-2b90e3146e7f,PROMOCIONAL LPE25 09,MOSQUETE PURITANO,1.0,0,,,,LOOTBOX PRIMERA ERA 2025,15,2000,4,https://pub-77824f6d0d4542d282fa48605bce7479.r2.dev/cards/MYL/PRIMERA%20ERA/2f36e3b6-d1eb-4d19-89e6-2b90e3146e7f.png
eeaf8f63-2345-41e1-abab-b830fcc5a271,LPE4 180/320,MOSQUETE PURITANO,1.0,0,,,,LEYENDAS PE 4.0,44,500,9,https://pub-77824f6d0d4542d282fa48605bce7479.r2.dev/cards/MYL/PRIMERA%20ERA/eeaf8f63-2345-41e1-abab-b830fcc5a271.png
eb8af4c6-2ce2-4ad9-a594-c640d3f233ee,XINNIAN 3 01/30,MU GUIYING,1.0,2,,,,XINNIAN 3: ANO DEL CABALLO,6,3500,2,https://pub-77824f6d0d4542d282fa48605bce7479.r2.dev/cards/MYL/PRIMERA%20ERA/eb8af4c6-2ce2-4ad9-a594-c640d3f233ee.png
e39a7b8b-eb3d-4c64-bf94-bd26ff70ddda,XINNIAN 2 18/30,MU SHE,2.0,0,,,,XINNIAN 2: ANO DE LA SERPIENTE,13,4000,2,https://pub-77824f6d0d4542d282fa48605bce7479.r2.dev/cards/MYL/PRIMERA%20ERA/e39a7b8b-eb3d-4c64-bf94-bd26ff70ddda.png
9d03b473-e58d-4a71-8688-967c324b185f,EDICION LIMITADA JO,MU SHE,2.0,0,,,,,7,4500,3,https://pub-77824f6d0d4542d282fa48605bce7479.r2.dev/pending-versions/a09cd627-0dac-4af7-96c4-4501b80b8882/1783271855474-0.webp
e5e0e161-d749-4aba-aca8-53a7f4fb4f65,EDICIÓN LIMITADA JO,MULLO,,0,,,,,2,8000,1,https://pub-77824f6d0d4542d282fa48605bce7479.r2.dev/pending-versions/a09cd627-0dac-4af7-96c4-4501b80b8882/1789171644060-0.webp
96ece529-f408-4902-a97c-21c26e4b1312,XINNIAN 3 18/30,MUMA,,0,,,,XINNIAN 3: ANO DEL CABALLO,12,3000,2,https://pub-77824f6d0d4542d282fa48605bce7479.r2.dev/cards/MYL/PRIMERA%20ERA/96ece529-f408-4902-a97c-21c26e4b1312.png
4021e17a-6d24-407d-9225-f2520267a088,CONMEMORATIVA PE-02,MUNDO GOTICO,2.0,2,,,,LOOTBOX PRIMERA ERA 2024,4,2000,3,https://pub-77824f6d0d4542d282fa48605bce7479.r2.dev/cards/MYL/PRIMERA%20ERA/4021e17a-6d24-407d-9225-f2520267a088.png
68d74bad-254d-45e4-ab6d-18690975ba3c,TKPE25 30/28,MUNECO FETICHE,,0,,,,TOOLKIT 2025: HONOR Y FEROCIDAD,2,2000,1,https://pub-77824f6d0d4542d282fa48605bce7479.r2.dev/cards/MYL/PRIMERA%20ERA/68d74bad-254d-45e4-ab6d-18690975ba3c.png
12779d2c-aaab-4e3a-99b5-0b16520a9d64,LPE23 282/300,MUSPELLSHEIM,4.0,0,,,,LEYENDAS PRIMERA ERA 3.0,6,100,1,https://pub-77824f6d0d4542d282fa48605bce7479.r2.dev/cards/MYL/PRIMERA%20ERA/12779d2c-aaab-4e3a-99b5-0b16520a9d64.png
03c044a5-5da0-4e5a-b117-65639bec4ee9,86 - 126 / PRIMERA EDICION,MUSPELLSHEIM,4.0,0,,,,COLECCION: RAGNAROK,8,300,2,https://pub-77824f6d0d4542d282fa48605bce7479.r2.dev/cards/MYL/PRIMERA%20ERA/03c044a5-5da0-4e5a-b117-65639bec4ee9.png
85508f5e-765a-430b-8f47-e5e4e8b36087,MPRE 02/18,MUUT,3.0,3,,,,MUNDOS PERDIDOS: NUBE ROJA,10,3000,4,https://pub-77824f6d0d4542d282fa48605bce7479.r2.dev/cards/MYL/PRIMERA%20ERA/85508f5e-765a-430b-8f47-e5e4e8b36087.png
55dd6f14-80fe-4d1d-80ec-36f9fc2e30a1,LPE4 112/320,NACHZEHRER,3.0,3,,,,LEYENDAS PE 4.0,47,900,6,https://pub-77824f6d0d4542d282fa48605bce7479.r2.dev/cards/MYL/PRIMERA%20ERA/55dd6f14-80fe-4d1d-80ec-36f9fc2e30a1.png
50e072cf-6f54-41b5-b7cb-3bf33df289d7,CONMEMORATIVA NACIONAL PE,NACIONAL PRIMERA ERA 2025,,0,,,,,9,6500,5,https://pub-77824f6d0d4542d282fa48605bce7479.r2.dev/cards/MYL/PRIMERA%20ERA/50e072cf-6f54-41b5-b7cb-3bf33df289d7.png
d15b6e9a-5c73-4aa7-ab0e-448954f305ec,5 - 126 / PRIMERA EDICION,NAGLFAR,4.0,0,,,,COLECCION: RAGNAROK,2,2000,2,https://pub-77824f6d0d4542d282fa48605bce7479.r2.dev/cards/MYL/PRIMERA%20ERA/d15b6e9a-5c73-4aa7-ab0e-448954f305ec.png
bd2978bf-bff2-4944-9449-f9d570a551e1,LPE23 244/300,NAN DAO,3.0,0,,,,LEYENDAS PRIMERA ERA 3.0,1,100,1,https://pub-77824f6d0d4542d282fa48605bce7479.r2.dev/cards/MYL/PRIMERA%20ERA/bd2978bf-bff2-4944-9449-f9d570a551e1.png
74cf33b0-d585-4abe-bcb6-08317d6593ba,058 - 126 / PRIMERA ERA,NANAHUATZIN,1.0,4,,,,COLECCION: LA IRA DEL NAHUAL,4,1000,3,https://pub-77824f6d0d4542d282fa48605bce7479.r2.dev/cards/MYL/PRIMERA%20ERA/74cf33b0-d585-4abe-bcb6-08317d6593ba.png
6a404fbb-4c71-45a3-be52-b7a13a4f7373,LPE23 077/300,NANAHUATZIN,1.0,4,,,,LEYENDAS PRIMERA ERA 3.0,23,1000,7,https://pub-77824f6d0d4542d282fa48605bce7479.r2.dev/cards/MYL/PRIMERA%20ERA/6a404fbb-4c71-45a3-be52-b7a13a4f7373.png
2998cac2-4e26-4aeb-8e79-575c9816b92d,CRPE-29-72,NANAHUATZIN,1.0,4,,,,KIT RACIALES PRIMERA ERA: CHAMAN,4,2500,3,https://pub-77824f6d0d4542d282fa48605bce7479.r2.dev/cards/MYL/PRIMERA%20ERA/2998cac2-4e26-4aeb-8e79-575c9816b92d.png
ae9a52f2-6fb5-4355-b6f3-94eab4c1330e,LPE23 300/300,NANIGATA,2.0,0,,,,LEYENDAS PRIMERA ERA 3.0,8,100,1,https://pub-77824f6d0d4542d282fa48605bce7479.r2.dev/cards/MYL/PRIMERA%20ERA/ae9a52f2-6fb5-4355-b6f3-94eab4c1330e.png
7cd6689f-528f-49e9-a6d7-039cbeeb2c19,LPE4 318/320,NANIGATA,2.0,0,,,,LEYENDAS PE 4.0,20,100,1,https://pub-77824f6d0d4542d282fa48605bce7479.r2.dev/cards/MYL/PRIMERA%20ERA/7cd6689f-528f-49e9-a6d7-039cbeeb2c19.png
7eb1db36-58b5-4a4f-b271-7682df267190,217 - 236 / PRIMERA EDICION,NANIGATA,2.0,0,,,,COLECCION: ESPIRITU DEL DRAGON,1,100,1,https://pub-77824f6d0d4542d282fa48605bce7479.r2.dev/cards/MYL/PRIMERA%20ERA/7eb1db36-58b5-4a4f-b271-7682df267190.png
95df4a87-71d4-4e4f-9ed6-e68f28856ef6,CRPE4 97 - 117,NANNA,1.0,1,,,,KIT RACIALES PRIMERA ERA 2025: DIOS,5,800,2,https://pub-77824f6d0d4542d282fa48605bce7479.r2.dev/cards/MYL/PRIMERA%20ERA/95df4a87-71d4-4e4f-9ed6-e68f28856ef6.png
3cdff70a-d079-4320-9553-dceb41f4136d,LPE23 093/300,NANNA,1.0,1,,,,LEYENDAS PRIMERA ERA 3.0,24,800,6,https://pub-77824f6d0d4542d282fa48605bce7479.r2.dev/cards/MYL/PRIMERA%20ERA/3cdff70a-d079-4320-9553-dceb41f4136d.png
3fd017fd-973f-4594-a2a5-a6ec30053263,CRPE-38-72,NANNA,1.0,1,,,,KIT RACIALES PRIMERA ERA: DIOS,3,2000,2,https://pub-77824f6d0d4542d282fa48605bce7479.r2.dev/cards/MYL/PRIMERA%20ERA/3fd017fd-973f-4594-a2a5-a6ec30053263.png
026767c8-880c-4092-b78c-0d12d19fd28c,84 - 170 / PRIMERA EDICION,NATASHA,1.0,1,,,,COLECCION: COFRADIA,5,1000,3,https://pub-77824f6d0d4542d282fa48605bce7479.r2.dev/cards/MYL/PRIMERA%20ERA/026767c8-880c-4092-b78c-0d12d19fd28c.png
35ff630e-0ab9-4a1e-9f6b-72a78cecfc20,LPE23 066/300,NATASHA,1.0,1,,,,LEYENDAS PRIMERA ERA 3.0,20,600,5,https://pub-77824f6d0d4542d282fa48605bce7479.r2.dev/cards/MYL/PRIMERA%20ERA/35ff630e-0ab9-4a1e-9f6b-72a78cecfc20.png
f01baee3-daa5-46f0-a2b9-9bbe36d3121e,CRPE-68-72,NATASHA,1.0,1,,,,KIT RACIALES PRIMERA ERA: VAMPIRO,4,2500,2,https://pub-77824f6d0d4542d282fa48605bce7479.r2.dev/cards/MYL/PRIMERA%20ERA/f01baee3-daa5-46f0-a2b9-9bbe36d3121e.png
bf333741-7290-41b2-9256-bee5904e256d,LPE23 043/300,NAZCA,,0,,,,LEYENDAS PRIMERA ERA 3.0,16,1500,4,https://pub-77824f6d0d4542d282fa48605bce7479.r2.dev/cards/MYL/PRIMERA%20ERA/bf333741-7290-41b2-9256-bee5904e256d.png
7cae36dc-a6a1-41ee-a3ee-a842eeb0ce58,CRPE2-43-84,NEMURI KYOSHIRO,3.0,2,,,,KIT RACIALES PRIMERA ERA: CAMPEON,5,1000,3,https://pub-77824f6d0d4542d282fa48605bce7479.r2.dev/cards/MYL/PRIMERA%20ERA/7cae36dc-a6a1-41ee-a3ee-a842eeb0ce58.png
cc563aeb-4d65-4352-b604-7fd29da1e2fc,LPE4 174/320,NEURI,3.0,3,,,,LEYENDAS PE 4.0,37,600,6,https://pub-77824f6d0d4542d282fa48605bce7479.r2.dev/cards/MYL/PRIMERA%20ERA/cc563aeb-4d65-4352-b604-7fd29da1e2fc.png
020f34ed-10cf-4f0e-921d-fa358d88b54d,LPE23 036/300,NEURI,3.0,3,,,,LEYENDAS PRIMERA ERA 3.0,17,1500,4,https://pub-77824f6d0d4542d282fa48605bce7479.r2.dev/cards/MYL/PRIMERA%20ERA/020f34ed-10cf-4f0e-921d-fa358d88b54d.png
fa3ec7bb-906d-4dbb-8777-4e9a2a755ca1,CRPE5 75 - 84,NEZHA,3.0,3,,,,KIT RACIALES PRIMERA ERA 2025: XIAN,2,3000,2,https://pub-77824f6d0d4542d282fa48605bce7479.r2.dev/cards/MYL/PRIMERA%20ERA/fa3ec7bb-906d-4dbb-8777-4e9a2a755ca1.png
3a27a48c-fdbf-4314-bb2c-f94af4c9a54b,CRPE2-82-84,NEZHA,3.0,3,,,,KIT RACIALES PRIMERA ERA: XIAN,4,2500,2,https://pub-77824f6d0d4542d282fa48605bce7479.r2.dev/cards/MYL/PRIMERA%20ERA/3a27a48c-fdbf-4314-bb2c-f94af4c9a54b.png
400fdc3f-935b-463a-b164-ac5b59c80245,CRPE5 40 - 84,NG MUI,3.0,2,,,,KIT RACIALES PRIMERA ERA 2025: CAMPEON,18,2000,2,https://pub-77824f6d0d4542d282fa48605bce7479.r2.dev/cards/MYL/PRIMERA%20ERA/400fdc3f-935b-463a-b164-ac5b59c80245.png
123fa01d-5cc7-40dd-aa39-3ea40a6e5f60,CRPE2-47-84,NG MUI,3.0,2,,,,KIT RACIALES PRIMERA ERA: CAMPEON,5,1500,2,https://pub-77824f6d0d4542d282fa48605bce7479.r2.dev/cards/MYL/PRIMERA%20ERA/123fa01d-5cc7-40dd-aa39-3ea40a6e5f60.png
93957ee3-9d16-41ec-a406-53ea0b7fd2e2,LPE23 040/300,NGUENCUYEN,2.0,3,,,,LEYENDAS PRIMERA ERA 3.0,11,2000,3,https://pub-77824f6d0d4542d282fa48605bce7479.r2.dev/cards/MYL/PRIMERA%20ERA/93957ee3-9d16-41ec-a406-53ea0b7fd2e2.png
30027d6d-7e6c-4f3f-bbcd-28cf59404c6e,140 - 170 / PRIMERA EDICION,NIAMH,2.0,1,,,,COLECCION: COFRADIA,6,600,2,https://pub-77824f6d0d4542d282fa48605bce7479.r2.dev/cards/MYL/PRIMERA%20ERA/30027d6d-7e6c-4f3f-bbcd-28cf59404c6e.png
75bb7880-40b8-4103-8652-f433e15d4593,102 - 126 / PRIMERA EDICION,NIAMH,2.0,1,,,,COLECCION: MUNDO GOTICO,1,100,1,https://pub-77824f6d0d4542d282fa48605bce7479.r2.dev/cards/MYL/PRIMERA%20ERA/75bb7880-40b8-4103-8652-f433e15d4593.png
3183e403-8aac-4c61-b797-3b94ea79bfeb,LEGENDARIA LPE25 02,NIAMH,2.0,1,,,,LOOTBOX PRIMERA ERA 2025,13,4000,5,https://pub-77824f6d0d4542d282fa48605bce7479.r2.dev/cards/MYL/PRIMERA%20ERA/3183e403-8aac-4c61-b797-3b94ea79bfeb.png
d7beafef-d2b2-4f0e-9111-f6cab678a9e7,LPE23 253/300,NIAMH,2.0,1,,,,LEYENDAS PRIMERA ERA 3.0,11,1000,2,https://pub-77824f6d0d4542d282fa48605bce7479.r2.dev/cards/MYL/PRIMERA%20ERA/d7beafef-d2b2-4f0e-9111-f6cab678a9e7.png
6966d6f2-13fa-495a-83f2-52cd0d9d0603,CRPE2-01-84,NIAMH,2.0,1,,,,KIT RACIALES PRIMERA ERA: CAZADOR,1,2000,1,https://pub-77824f6d0d4542d282fa48605bce7479.r2.dev/cards/MYL/PRIMERA%20ERA/6966d6f2-13fa-495a-83f2-52cd0d9d0603.png
06b43e73-0c7e-4d08-98de-595bcacf389f,CRPE3 - 29 - 36,NIBELUNGOS,5.0,5,,,,KIT RACIALES PRIMERA ERA: FAERIE,3,2000,2,https://pub-77824f6d0d4542d282fa48605bce7479.r2.dev/cards/MYL/PRIMERA%20ERA/06b43e73-0c7e-4d08-98de-595bcacf389f.png
32c4d5c9-6ea8-448f-b542-baa5a1494479,LPE23 161/300,NIDAVELLIR,4.0,0,,,,LEYENDAS PRIMERA ERA 3.0,28,900,7,https://pub-77824f6d0d4542d282fa48605bce7479.r2.dev/cards/MYL/PRIMERA%20ERA/32c4d5c9-6ea8-448f-b542-baa5a1494479.png
25804eae-ce72-4f7e-b9ee-3f668ea0746b,7 - 126 / PRIMERA EDICION,NIDAVELLIR,4.0,0,,,,COLECCION: RAGNAROK,3,700,2,https://pub-77824f6d0d4542d282fa48605bce7479.r2.dev/cards/MYL/PRIMERA%20ERA/25804eae-ce72-4f7e-b9ee-3f668ea0746b.png
085f47ae-6685-405f-9234-76619eef383b,CRPE4 80 - 117,NIDHOGG,4.0,4,,,,KIT RACIALES PRIMERA ERA 2025: ABOMINACION,14,2500,3,https://pub-77824f6d0d4542d282fa48605bce7479.r2.dev/cards/MYL/PRIMERA%20ERA/085f47ae-6685-405f-9234-76619eef383b.png
240711d5-8dbb-4f23-9843-0aaced763a1a,41 - 126 / PRIMERA EDICION,NIDOS DE PESADILLA,2.0,0,,,,COLECCION: RAGNAROK,1,100,1,https://pub-77824f6d0d4542d282fa48605bce7479.r2.dev/cards/MYL/PRIMERA%20ERA/240711d5-8dbb-4f23-9843-0aaced763a1a.png
467f7a3f-429a-48d4-bfeb-e8d0fd848c7c,LPE4 253/320,NIDOS DE PESADILLA,2.0,0,,,,LEYENDAS PE 4.0,20,100,1,https://pub-77824f6d0d4542d282fa48605bce7479.r2.dev/cards/MYL/PRIMERA%20ERA/467f7a3f-429a-48d4-bfeb-e8d0fd848c7c.png
9a36d6dc-8dd1-4f7b-983a-2379a2764a07,LPE23 217/300,NIDOS DE PESADILLA,2.0,0,,,,LEYENDAS PRIMERA ERA 3.0,4,100,1,https://pub-77824f6d0d4542d282fa48605bce7479.r2.dev/cards/MYL/PRIMERA%20ERA/9a36d6dc-8dd1-4f7b-983a-2379a2764a07.png
32a77529-ff1c-4ce2-a80d-923cf3646be3,MPA-10-18,NIEBLAS PROFUNDAS,3.0,0,,,,MUNDOS PERDIDOS: LEYENDAS DE AVALON,10,1500,5,https://pub-77824f6d0d4542d282fa48605bce7479.r2.dev/cards/MYL/PRIMERA%20ERA/32a77529-ff1c-4ce2-a80d-923cf3646be3.png
98534382-baaf-4d94-beba-082ad46544fd,EXPE - 83 - 120,NINFAS,1.0,1,,,,KIT EXTENSION PRIMERA ERA: COFRADIA,7,700,3,https://pub-77824f6d0d4542d282fa48605bce7479.r2.dev/cards/MYL/PRIMERA%20ERA/98534382-baaf-4d94-beba-082ad46544fd.png
d5e6a081-a7a0-4e63-970f-67df8a30e8f8,MPA-18-18,NINFAS,1.0,1,,,,MUNDOS PERDIDOS: LEYENDAS DE AVALON,16,1000,6,https://pub-77824f6d0d4542d282fa48605bce7479.r2.dev/cards/MYL/PRIMERA%20ERA/d5e6a081-a7a0-4e63-970f-67df8a30e8f8.png
01a98709-ace1-4a28-915a-8a461857c859,CRPE2-65-84,NINIGI NO MIKOTO,3.0,2,,,,KIT RACIALES PRIMERA ERA: KAMI,1,1000,1,https://pub-77824f6d0d4542d282fa48605bce7479.r2.dev/cards/MYL/PRIMERA%20ERA/01a98709-ace1-4a28-915a-8a461857c859.png
3b799b59-54a9-4ae3-8fdb-a91cce1f4f0d,11 - 236 / PRIMERA EDICION,NINIGI NO MIKOTO,3.0,2,,,,COLECCION: ESPIRITU DEL DRAGON,7,700,3,https://pub-77824f6d0d4542d282fa48605bce7479.r2.dev/cards/MYL/PRIMERA%20ERA/3b799b59-54a9-4ae3-8fdb-a91cce1f4f0d.png
561fe2bf-27ea-470f-af84-1735f5892d33,106 - 236 / PRIMERA EDICION,NINYO,3.0,4,,,,COLECCION: ESPIRITU DEL DRAGON,1,100,1,https://pub-77824f6d0d4542d282fa48605bce7479.r2.dev/cards/MYL/PRIMERA%20ERA/561fe2bf-27ea-470f-af84-1735f5892d33.png
d830d864-55ac-4e68-a005-00ef4fa87daa,LPE23 240/300,NINYO,3.0,4,,,,LEYENDAS PRIMERA ERA 3.0,1,100,1,https://pub-77824f6d0d4542d282fa48605bce7479.r2.dev/cards/MYL/PRIMERA%20ERA/d830d864-55ac-4e68-a005-00ef4fa87daa.png
76de99f0-e04c-45bf-935b-87905426503b,CRPE2-57-84,NINYO,3.0,4,,,,KIT RACIALES PRIMERA ERA: CRIATURAS,7,1000,3,https://pub-77824f6d0d4542d282fa48605bce7479.r2.dev/cards/MYL/PRIMERA%20ERA/76de99f0-e04c-45bf-935b-87905426503b.png
c65933a3-2618-412d-abc0-6cd550dd8cfa,LBPE24-19-21,NIO,4.0,4,,,,LOOTBOX PRIMERA ERA 2024,1,2000,1,https://pub-77824f6d0d4542d282fa48605bce7479.r2.dev/cards/MYL/PRIMERA%20ERA/c65933a3-2618-412d-abc0-6cd550dd8cfa.png
4a78f237-6798-4f53-8811-0a0e6f8c8097,6 - 236 / PRIMERA EDICION,NITEN ICHI RYU,5.0,0,,,,LEYENDAS PRIMERA ERA 2.0,1,7000,1,https://pub-77824f6d0d4542d282fa48605bce7479.r2.dev/cards/MYL/PRIMERA%20ERA/4a78f237-6798-4f53-8811-0a0e6f8c8097.png
ceaaf7a4-3ce2-4e3e-ad2c-137e82dc127b,150 - 236 / PRIMERA EDICION,NITEN ICHI RYU,5.0,0,,,,COLECCION: ESPIRITU DEL DRAGON,5,1500,4,https://pub-77824f6d0d4542d282fa48605bce7479.r2.dev/cards/MYL/PRIMERA%20ERA/ceaaf7a4-3ce2-4e3e-ad2c-137e82dc127b.png
b9828d1b-7e29-4ee9-a61d-481d58864cee,XINNIAN 06/32,NIU KANZHE CAODI,2.0,0,,,,XINNIAN: ANO DEL DRAGON,1,1000,1,https://pub-77824f6d0d4542d282fa48605bce7479.r2.dev/cards/MYL/PRIMERA%20ERA/b9828d1b-7e29-4ee9-a61d-481d58864cee.png
0309d39a-1cef-44af-969b-e2dea73f15e9,LPE4 212/320,NIU KANZHE CAODI,2.0,0,,,,LEYENDAS PE 4.0,37,800,6,https://pub-77824f6d0d4542d282fa48605bce7479.r2.dev/cards/MYL/PRIMERA%20ERA/0309d39a-1cef-44af-969b-e2dea73f15e9.png
3b4bc62a-0d47-4ab6-a7a6-75d0c57cc5dd,PROMOCIONAL LPE25 24,NIU WA,,3,,,,LOOTBOX PRIMERA ERA 2025,11,2500,6,https://pub-77824f6d0d4542d282fa48605bce7479.r2.dev/cards/MYL/PRIMERA%20ERA/3b4bc62a-0d47-4ab6-a7a6-75d0c57cc5dd.png
0cf8440d-9255-4383-979b-85567e37b5ec,LPE23 295/300,NIU WA,,3,,,,LEYENDAS PRIMERA ERA 3.0,18,200,2,https://pub-77824f6d0d4542d282fa48605bce7479.r2.dev/cards/MYL/PRIMERA%20ERA/0cf8440d-9255-4383-979b-85567e37b5ec.png
90d4354e-6fab-4bee-9aa1-7e84a0a0e4dd,42 - 236 / PRIMERA EDICION,NIU WA,,3,,,,COLECCION: ESPIRITU DEL DRAGON,1,100,1,https://pub-77824f6d0d4542d282fa48605bce7479.r2.dev/cards/MYL/PRIMERA%20ERA/90d4354e-6fab-4bee-9aa1-7e84a0a0e4dd.png
4219318f-1934-48c0-adbb-76e5fa37074d,PREMIUM PE-014,NOBUNAGA,4.0,2,,,,LOOTBOX PRIMERA ERA 2024,4,2500,3,https://pub-77824f6d0d4542d282fa48605bce7479.r2.dev/cards/MYL/PRIMERA%20ERA/4219318f-1934-48c0-adbb-76e5fa37074d.png
6ed33cbd-fe3a-4d54-8d4f-1046b1a23e05,CRPE5 88 - 84,NOBUNAGA,4.0,2,,,,KIT RACIALES PRIMERA ERA 2025: CAMPEON,18,2000,2,https://pub-77824f6d0d4542d282fa48605bce7479.r2.dev/cards/MYL/PRIMERA%20ERA/6ed33cbd-fe3a-4d54-8d4f-1046b1a23e05.png
7b66d245-a859-4798-bcfe-8e74fe49bbac,CRPE2-46-84,NOBUNAGA,4.0,2,,,,KIT RACIALES PRIMERA ERA: CAMPEON,10,2000,4,https://pub-77824f6d0d4542d282fa48605bce7479.r2.dev/cards/MYL/PRIMERA%20ERA/7b66d245-a859-4798-bcfe-8e74fe49bbac.png
dd432d94-74ce-4713-a452-a16e2e8c220f,CRPE5 48 - 84,NODACHI,3.0,0,,,,KIT RACIALES PRIMERA ERA 2025: CAMPEON,11,11500,4,https://pub-77824f6d0d4542d282fa48605bce7479.r2.dev/cards/MYL/PRIMERA%20ERA/dd432d94-74ce-4713-a452-a16e2e8c220f.png
0cb3d60e-f8cf-4bb8-acef-e8dc2863f1e0,CRPE-66-72,NOSFERATU,3.0,1,,,,KIT RACIALES PRIMERA ERA: VAMPIRO,2,2500,2,https://pub-77824f6d0d4542d282fa48605bce7479.r2.dev/cards/MYL/PRIMERA%20ERA/0cb3d60e-f8cf-4bb8-acef-e8dc2863f1e0.png
fc09aa60-85e9-414d-92bf-94c515cfc786,CRPE-13-72,NOTT,3.0,3,,,,KIT RACIALES PRIMERA ERA: BARBARO,2,3500,2,https://pub-77824f6d0d4542d282fa48605bce7479.r2.dev/cards/MYL/PRIMERA%20ERA/fc09aa60-85e9-414d-92bf-94c515cfc786.png
53de0ef7-0750-4c5e-bde2-fd5b872a0db1,33 - 126 / PRIMERA EDICION,NOTT,3.0,3,,,,COLECCION: RAGNAROK,10,2500,4,https://pub-77824f6d0d4542d282fa48605bce7479.r2.dev/cards/MYL/PRIMERA%20ERA/53de0ef7-0750-4c5e-bde2-fd5b872a0db1.png
45cb8b43-add9-49ca-9e68-4a81bdffd41d,MPRE 09/18,NUBE ROJA,2.0,2,,,,MUNDOS PERDIDOS: NUBE ROJA,21,2000,4,https://pub-77824f6d0d4542d282fa48605bce7479.r2.dev/cards/MYL/PRIMERA%20ERA/45cb8b43-add9-49ca-9e68-4a81bdffd41d.png
5692ba1f-98bf-43e3-9f1c-5986e33e6aab,CRPE3 - 20 - 36,NUGUA,3.0,0,,,,KIT RACIALES PRIMERA ERA: DRAGON,3,1500,1,https://pub-77824f6d0d4542d282fa48605bce7479.r2.dev/cards/MYL/PRIMERA%20ERA/5692ba1f-98bf-43e3-9f1c-5986e33e6aab.png
459cb342-5991-4b9f-81d9-b40336f33356,CXC PE 01,NUKE NAPU,3.0,0,,,,LOOTBOX PRIMERA ERA 2024,7,6000,5,https://pub-77824f6d0d4542d282fa48605bce7479.r2.dev/cards/MYL/PRIMERA%20ERA/459cb342-5991-4b9f-81d9-b40336f33356.png
c1cac2de-2665-4f9b-b306-575352ee8d48,EXPE - 114 - 120,NUKEWAZA,5.0,0,,,,KIT EXTENSION PRIMERA ERA: ESPIRITU DEL DRAGON,3,3000,2,https://pub-77824f6d0d4542d282fa48605bce7479.r2.dev/cards/MYL/PRIMERA%20ERA/c1cac2de-2665-4f9b-b306-575352ee8d48.png
abcaee06-760c-40e7-90eb-4b6d8a1c93ee,EDICION LIMITADA JO,NUKEWAZA,5.0,0,,,,,1,75000,1,https://pub-77824f6d0d4542d282fa48605bce7479.r2.dev/cards/MYL/PRIMERA%20ERA/abcaee06-760c-40e7-90eb-4b6d8a1c93ee.png
6feacacc-02f1-40dd-91e5-a2a6520a12ec,LPE4 93/320,NUKEWAZA,5.0,0,,,,LEYENDAS PE 4.0,7,3500,4,https://pub-77824f6d0d4542d282fa48605bce7479.r2.dev/cards/MYL/PRIMERA%20ERA/6feacacc-02f1-40dd-91e5-a2a6520a12ec.png
3df9f60b-d0e6-4bdd-b0fe-e58779ad3fa5,MPSG 18/18,NYORD,5.0,3,,,,MUNDOS PERDIDOS: LOCURA DE DRAGON,36,2500,7,https://pub-77824f6d0d4542d282fa48605bce7479.r2.dev/pending-versions/b457c3e0-41ed-4a6b-8d6b-438846ff4e1d/1785703587500-0.webp
acad1b6f-7ae3-44fb-9a02-3449c5b96346,CRPE-42-72,NYORD,5.0,3,,,,KIT RACIALES PRIMERA ERA: DIOS,5,1000,3,https://pub-77824f6d0d4542d282fa48605bce7479.r2.dev/cards/MYL/PRIMERA%20ERA/acad1b6f-7ae3-44fb-9a02-3449c5b96346.png
7bd31604-c13d-4eb3-9edb-b28c9dcce0f2,14 - 126 / PRIMERA EDICION,NYORD,5.0,3,,,,COLECCION: RAGNAROK,1,500,1,https://pub-77824f6d0d4542d282fa48605bce7479.r2.dev/cards/MYL/PRIMERA%20ERA/7bd31604-c13d-4eb3-9edb-b28c9dcce0f2.png
049346e1-5229-451b-8bd8-4fd8127b08f1,LPE4 - 344/320 P,OANNES,2.0,2,,,,25 ANOS,27,1500,5,https://pub-77824f6d0d4542d282fa48605bce7479.r2.dev/pending-versions/b457c3e0-41ed-4a6b-8d6b-438846ff4e1d/1785895598242-0.webp
7d17c0f8-4822-4938-a63d-c0450aa426cb,LPE4 274/320,OANNES,2.0,2,,,,LEYENDAS PE 4.0,20,100,1,https://pub-77824f6d0d4542d282fa48605bce7479.r2.dev/cards/MYL/PRIMERA%20ERA/7d17c0f8-4822-4938-a63d-c0450aa426cb.png
01584a95-6b03-4138-a5bb-635b3a700ba6,CRPE3 - 34 - 36,OBERON,4.0,4,,,,KIT RACIALES PRIMERA ERA: FAERIE,1,2000,1,https://pub-77824f6d0d4542d282fa48605bce7479.r2.dev/cards/MYL/PRIMERA%20ERA/01584a95-6b03-4138-a5bb-635b3a700ba6.png
c85de6bd-b012-4c63-a170-136de1f0a57d,CRPE5 87 - 84,OBERON,4.0,4,,,,KIT RACIALES PRIMERA ERA 2025: FAERIE,14,2000,4,https://pub-77824f6d0d4542d282fa48605bce7479.r2.dev/cards/MYL/PRIMERA%20ERA/c85de6bd-b012-4c63-a170-136de1f0a57d.png
3ce6bcfb-32c1-4891-946d-2333a33490da,PREMIUM PE-03,OBERON,4.0,4,,,,LOOTBOX PRIMERA ERA 2024,4,2500,3,https://pub-77824f6d0d4542d282fa48605bce7479.r2.dev/cards/MYL/PRIMERA%20ERA/3ce6bcfb-32c1-4891-946d-2333a33490da.png
2151f5fa-2120-4a88-b1a1-c39d4f0b94b3,LPE4 159/320,OBERON,4.0,4,,,,LEYENDAS PE 4.0,40,600,7,https://pub-77824f6d0d4542d282fa48605bce7479.r2.dev/cards/MYL/PRIMERA%20ERA/2151f5fa-2120-4a88-b1a1-c39d4f0b94b3.png
e815b824-e522-46b7-b41e-775735244d12,TKPE25 04/28,OCELOTE DEL TEMPLO,,0,,,,TOOLKIT 2025: VALENTIA Y DESOLACION,6,3500,2,https://pub-77824f6d0d4542d282fa48605bce7479.r2.dev/cards/MYL/PRIMERA%20ERA/e815b824-e522-46b7-b41e-775735244d12.png
bee8a9a5-b442-4ad1-aeb7-44e1b151d007,SECRETA EXCLUSIVA PE 03,OCELOTE DEL TEMPLO,,0,,,,,8,11000,2,https://pub-77824f6d0d4542d282fa48605bce7479.r2.dev/pending-versions/a09cd627-0dac-4af7-96c4-4501b80b8882/1786421636460-0.webp
e59168db-e63f-40df-8033-72cef0f24791,LPE4 88/320,OCELOTE DEL TEMPLO,,0,,,,LEYENDAS PE 4.0,4,4000,3,https://pub-77824f6d0d4542d282fa48605bce7479.r2.dev/cards/MYL/PRIMERA%20ERA/e59168db-e63f-40df-8033-72cef0f24791.png
0c70e9b7-acc3-42e5-8223-0f3a4ecb4788,LPE4 11/320,OCELOTE DEL TEMPLO,,0,,,,LEYENDAS PE 4.0,2,11500,2,https://pub-77824f6d0d4542d282fa48605bce7479.r2.dev/cards/MYL/PRIMERA%20ERA/0c70e9b7-acc3-42e5-8223-0f3a4ecb4788.png
a5ea048d-14e2-4ba2-b136-c5494dbfd64a,EXPE - 50 - 120,OCELOTE DEL TEMPLO,,0,,,,KIT EXTENSION PRIMERA ERA: LA IRA DEL NAHUAL,9,2500,4,https://pub-77824f6d0d4542d282fa48605bce7479.r2.dev/cards/MYL/PRIMERA%20ERA/a5ea048d-14e2-4ba2-b136-c5494dbfd64a.png
0809498c-4e48-4b58-acb3-62a9078d8e2f,SECRETA-DORADA-01,ODIN,1.0,0,,,,LOOTBOX PRIMERA ERA 2024,11,3000,6,https://pub-77824f6d0d4542d282fa48605bce7479.r2.dev/cards/MYL/PRIMERA%20ERA/0809498c-4e48-4b58-acb3-62a9078d8e2f.png
0ca3e849-f146-4031-aae0-b13097eea763,25 ANIVERSARIO 01/25,ODIN,1.0,0,,,,ANIVERSARIO 25 ANOS,3,5000,3,https://pub-77824f6d0d4542d282fa48605bce7479.r2.dev/cards/MYL/PRIMERA%20ERA/0ca3e849-f146-4031-aae0-b13097eea763.png
d1576bc6-e674-4218-abfa-ad0afb3a3f3b,6 - 236 / PRIMERA EDICION,ODIN,1.0,0,,,,LEYENDAS PRIMERA ERA 1.0,2,11000,2,https://pub-77824f6d0d4542d282fa48605bce7479.r2.dev/cards/MYL/PRIMERA%20ERA/d1576bc6-e674-4218-abfa-ad0afb3a3f3b.png
0c5ab7aa-9941-43af-a0ac-f20d6a23372f,TKPE2 - 01 - 13,ODIN,1.0,0,,,,TOOLKIT: ODIN,11,1000,3,https://pub-77824f6d0d4542d282fa48605bce7479.r2.dev/cards/MYL/PRIMERA%20ERA/0c5ab7aa-9941-43af-a0ac-f20d6a23372f.png
0ec039f1-59e7-4324-aaf8-71040de8b31d,1 - 126 / PRIMERA EDICION,ODIN,1.0,0,,,,COLECCION: EL RETO,14,1000,5,https://pub-77824f6d0d4542d282fa48605bce7479.r2.dev/cards/MYL/PRIMERA%20ERA/0ec039f1-59e7-4324-aaf8-71040de8b31d.png
d419eeb3-50aa-456b-9710-7dbda469457e,TKPE26 33/32,ODIN,1.0,0,,,,TOOLKIT 2026: ANCESTRAL,36,2000,8,https://pub-77824f6d0d4542d282fa48605bce7479.r2.dev/cards/MYL/PRIMERA%20ERA/d419eeb3-50aa-456b-9710-7dbda469457e.png
c616277b-c61f-48cb-a1e5-4ac3ada4f16c,LPE23 302/300,ODIN,1.0,0,,,,LEYENDAS PRIMERA ERA 3.0,1,4000,1,https://pub-77824f6d0d4542d282fa48605bce7479.r2.dev/cards/MYL/PRIMERA%20ERA/c616277b-c61f-48cb-a1e5-4ac3ada4f16c.png
29db073b-f9d3-493e-82ac-a710a48bced9,EDICION LIMITADA JO,ODIN,1.0,0,,,,,5,10500,5,https://pub-77824f6d0d4542d282fa48605bce7479.r2.dev/cards/MYL/PRIMERA%20ERA/29db073b-f9d3-493e-82ac-a710a48bced9.png
abfdc6fa-c1a1-4d6b-b05b-7e8f307953a8,137 - 126 / PRIMERA EDICION,ODISEO,2.0,1,,,,COLECCION: EL RETO,2,500,1,https://pub-77824f6d0d4542d282fa48605bce7479.r2.dev/cards/MYL/PRIMERA%20ERA/abfdc6fa-c1a1-4d6b-b05b-7e8f307953a8.png
63c7ebee-91e0-4407-9be1-3dbcd510bff3,MPDI 16/18,ODISEO,2.0,1,,,,MUNDOS PERDIDOS: ALIENTO DE FUEGO,43,2500,8,https://pub-77824f6d0d4542d282fa48605bce7479.r2.dev/pending-versions/a09cd627-0dac-4af7-96c4-4501b80b8882/1786239527083-0.webp
b6101aac-0bf4-4d8c-81f6-3c2a32219d63,HPE 14/21,OGIER EL DANES,2.0,2,,,,VIGILANTES DE LA NOCHE,3,1000,1,https://pub-77824f6d0d4542d282fa48605bce7479.r2.dev/cards/MYL/PRIMERA%20ERA/b6101aac-0bf4-4d8c-81f6-3c2a32219d63.png
d2e85834-d48f-48a1-8f1d-1493ee213d31,LPE4 32/320,OGIER EL DANES,2.0,2,,,,LEYENDAS PE 4.0,17,2000,5,https://pub-77824f6d0d4542d282fa48605bce7479.r2.dev/cards/MYL/PRIMERA%20ERA/d2e85834-d48f-48a1-8f1d-1493ee213d31.png
4f5f1daa-b91a-4e6e-8381-d8b1e4a0ab3b,CRPE4 089 - 117,OGIER EL DANES,2.0,2,,,,KIT RACIALES PRIMERA ERA 2025: BARBARO,19,1500,3,https://pub-77824f6d0d4542d282fa48605bce7479.r2.dev/cards/MYL/PRIMERA%20ERA/4f5f1daa-b91a-4e6e-8381-d8b1e4a0ab3b.png
b9d505e5-9642-41a0-a138-abda09789f57,CRPE3 - 30 - 36,OGRO,3.0,3,,,,KIT RACIALES PRIMERA ERA: FAERIE,1,1000,1,https://pub-77824f6d0d4542d282fa48605bce7479.r2.dev/cards/MYL/PRIMERA%20ERA/b9d505e5-9642-41a0-a138-abda09789f57.png
2d4abe91-215b-4376-90a7-495fb15b00e4,ANIVERSARIO LPE25 03,OGRO,3.0,3,,,,,2,3000,1,https://pub-77824f6d0d4542d282fa48605bce7479.r2.dev/cards/MYL/PRIMERA%20ERA/2d4abe91-215b-4376-90a7-495fb15b00e4.png
9d3b4cff-3a29-4152-8a8d-82a89d549f52,LPE4 262/320,OHO YAMA,2.0,2,,,,LEYENDAS PE 4.0,20,100,1,https://pub-77824f6d0d4542d282fa48605bce7479.r2.dev/cards/MYL/PRIMERA%20ERA/9d3b4cff-3a29-4152-8a8d-82a89d549f52.png
dbca3e96-b74c-4975-967f-6b38eec8d051,MPTO 15/18,OJO DEL PADRE,,0,,,,MUNDOS PERDIDOS: TOMBSTONE,12,3500,3,https://pub-77824f6d0d4542d282fa48605bce7479.r2.dev/cards/MYL/PRIMERA%20ERA/dbca3e96-b74c-4975-967f-6b38eec8d051.png
90283eef-b8c1-470d-852c-bb7a982ac1b6,LPE23 168/300,OKUNI NUSHI,3.0,1,,,,LEYENDAS PRIMERA ERA 3.0,12,600,3,https://pub-77824f6d0d4542d282fa48605bce7479.r2.dev/cards/MYL/PRIMERA%20ERA/90283eef-b8c1-470d-852c-bb7a982ac1b6.png
a2eb1e3e-8a6c-4413-8f83-9cec54367323,EXPE - 103 - 120,OMOIKANE,3.0,2,,,,KIT EXTENSION PRIMERA ERA: ESPIRITU DEL DRAGON,2,2000,1,https://pub-77824f6d0d4542d282fa48605bce7479.r2.dev/cards/MYL/PRIMERA%20ERA/a2eb1e3e-8a6c-4413-8f83-9cec54367323.png
57398813-7944-40aa-8042-2bbf0959d6de,LPE23 166/300,ONAMOCHI,2.0,2,,,,LEYENDAS PRIMERA ERA 3.0,19,700,5,https://pub-77824f6d0d4542d282fa48605bce7479.r2.dev/cards/MYL/PRIMERA%20ERA/57398813-7944-40aa-8042-2bbf0959d6de.png
dff22936-fce1-4994-9151-200fb82dfd70,CRPE2-49-84,ONI,2.0,3,,,,KIT RACIALES PRIMERA ERA: CRIATURAS,9,2500,2,https://pub-77824f6d0d4542d282fa48605bce7479.r2.dev/cards/MYL/PRIMERA%20ERA/dff22936-fce1-4994-9151-200fb82dfd70.png
ed992793-24de-430f-aa29-d0c4abbf208d,101 - 236 / PRIMERA EDICION,ONI,2.0,3,,,,COLECCION: ESPIRITU DEL DRAGON,3,500,2,https://pub-77824f6d0d4542d282fa48605bce7479.r2.dev/cards/MYL/PRIMERA%20ERA/ed992793-24de-430f-aa29-d0c4abbf208d.png
8db0e79b-5a53-482f-baf0-21092dddaa08,PROMO PE-22,ONI,2.0,3,,,,LOOTBOX PRIMERA ERA 2024,1,5000,1,https://pub-77824f6d0d4542d282fa48605bce7479.r2.dev/cards/MYL/PRIMERA%20ERA/8db0e79b-5a53-482f-baf0-21092dddaa08.png
1e643481-d2d8-4b3a-bd50-092c1c022ba9,86 - 170 / PRIMERA EDICION,ORACULO,,0,,,,COLECCION: COFRADIA,1,1500,1,https://pub-77824f6d0d4542d282fa48605bce7479.r2.dev/cards/MYL/PRIMERA%20ERA/1e643481-d2d8-4b3a-bd50-092c1c022ba9.png
5ba02eb0-8503-4816-8898-dd2d18e361eb,1 - 236 / PRIMERA EDICION,ORACULO DE DELFOS,,0,,,,LEYENDAS PRIMERA ERA 1.0,1,12000,1,https://pub-77824f6d0d4542d282fa48605bce7479.r2.dev/cards/MYL/PRIMERA%20ERA/5ba02eb0-8503-4816-8898-dd2d18e361eb.png
1d1b8e37-5a21-4de1-901d-34c0959e7b8a,22 - 126 / PRIMERA EDICION,ORACULO DE DELFOS,,0,,,,COLECCION: EL RETO,11,1500,4,https://pub-77824f6d0d4542d282fa48605bce7479.r2.dev/cards/MYL/PRIMERA%20ERA/1d1b8e37-5a21-4de1-901d-34c0959e7b8a.png
edb1b694-5725-4a29-a0a7-fe778b69b6ea,9 - 236 / PRIMERA EDICION,ORACULO DE DELFOS,,0,,,,LEYENDAS PRIMERA ERA 2.0,1,500,1,https://pub-77824f6d0d4542d282fa48605bce7479.r2.dev/cards/MYL/PRIMERA%20ERA/edb1b694-5725-4a29-a0a7-fe778b69b6ea.png
49534a79-8e89-4fe3-a0cc-1c4666e5320b,87 - 170 / PRIMERA EDICION,ORACULO ZINGARO,1.0,0,,,,COLECCION: COFRADIA,5,1000,2,https://pub-77824f6d0d4542d282fa48605bce7479.r2.dev/cards/MYL/PRIMERA%20ERA/49534a79-8e89-4fe3-a0cc-1c4666e5320b.png
e3e08f82-34a3-46cb-accb-63eea484b7ad,3 - 236 / PRIMERA EDICION,ORACULO ZINGARO,1.0,0,,,,LEYENDAS PRIMERA ERA 1.0,1,12000,1,https://pub-77824f6d0d4542d282fa48605bce7479.r2.dev/cards/MYL/PRIMERA%20ERA/e3e08f82-34a3-46cb-accb-63eea484b7ad.png
993d257e-5af8-41ea-9ea1-5a59d53afce5,12 - 126 / PRIMERA EDICION,ORACULO ZINGARO,1.0,0,,,,COLECCION: MUNDO GOTICO,11,1000,5,https://pub-77824f6d0d4542d282fa48605bce7479.r2.dev/cards/MYL/PRIMERA%20ERA/993d257e-5af8-41ea-9ea1-5a59d53afce5.png
aa6f0293-1aea-4d34-9f70-42797742e24b,LPE23 184/300,OREJONA,4.0,0,,,,LEYENDAS PRIMERA ERA 3.0,4,100,1,https://pub-77824f6d0d4542d282fa48605bce7479.r2.dev/cards/MYL/PRIMERA%20ERA/aa6f0293-1aea-4d34-9f70-42797742e24b.png
9f037638-bd5f-45c0-b535-e0eaaf5b53eb,143 - 126 / PRIMERA EDICION,OREJONA,4.0,0,,,,COLECCION: EL RETO,1,100,1,https://pub-77824f6d0d4542d282fa48605bce7479.r2.dev/cards/MYL/PRIMERA%20ERA/9f037638-bd5f-45c0-b535-e0eaaf5b53eb.png
6cfd7e34-3fd8-4267-b7ba-6512ef8f87b1,EDICION LIMITADA JO,ORO DE LOS CESARES,,0,,,,,25,4500,6,https://pub-77824f6d0d4542d282fa48605bce7479.r2.dev/pending-versions/a09cd627-0dac-4af7-96c4-4501b80b8882/1783273028315-0.webp
3d090920-2a76-4c59-9845-81449f5ffc9f,LPE4 132/320,ORO DE LOS CESARES,,0,,,,LEYENDAS PE 4.0,50,700,8,https://pub-77824f6d0d4542d282fa48605bce7479.r2.dev/cards/MYL/PRIMERA%20ERA/3d090920-2a76-4c59-9845-81449f5ffc9f.png
8d0cdca7-4021-4c23-b077-980660beb3fb,MPC 15/18,ORO DE LOS CESARES,,0,,,,MUNDOS PERDIDOS: CIUDAD DE LOS CESARES,9,1500,2,https://pub-77824f6d0d4542d282fa48605bce7479.r2.dev/cards/MYL/PRIMERA%20ERA/8d0cdca7-4021-4c23-b077-980660beb3fb.png
e47e6e51-5fb3-4288-9ee9-6c4029e5a805,MPSG 15/18,ORO DEL RIN,,0,,,,MUNDOS PERDIDOS: LOCURA DE DRAGON,17,5000,4,https://pub-77824f6d0d4542d282fa48605bce7479.r2.dev/pending-versions/a09cd627-0dac-4af7-96c4-4501b80b8882/1786241720734-0.webp
dbcfdb11-d991-4d6b-9d9a-5796c2813c71,ORO PROMOCIONAL,ORO INICIAL,,0,,,,,2,100,1,https://pub-77824f6d0d4542d282fa48605bce7479.r2.dev/cards/MYL/PRIMERA%20ERA/dbcfdb11-d991-4d6b-9d9a-5796c2813c71.png
05c8d20c-03cc-456a-a3c4-87626ef17b0c,MPAT 13/18,OVOO,,0,,,,MUNDOS PERDIDOS: HORDA ESTEPARIA,44,2500,7,https://pub-77824f6d0d4542d282fa48605bce7479.r2.dev/pending-versions/b457c3e0-41ed-4a6b-8d6b-438846ff4e1d/1785628946678-0.webp
5ca1f2df-3ec5-4c6a-8ef9-f5003a4ce4ca,194 - 236 / PRIMERA EDICION,PA KUA TAI CHI,5.0,0,,,,COLECCION: ESPIRITU DEL DRAGON,3,2000,2,https://pub-77824f6d0d4542d282fa48605bce7479.r2.dev/cards/MYL/PRIMERA%20ERA/5ca1f2df-3ec5-4c6a-8ef9-f5003a4ce4ca.png
0b7451fc-12f5-4b71-86b5-3299ae560a80,008 - 126 / PRIMERA ERA,PACHAMAMA,2.0,0,,,,COLECCION: LA IRA DEL NAHUAL,3,400,3,https://pub-77824f6d0d4542d282fa48605bce7479.r2.dev/cards/MYL/PRIMERA%20ERA/0b7451fc-12f5-4b71-86b5-3299ae560a80.png
dc8ab780-3a79-4bd0-9c29-abe5c41b7d37,LPE23 145/300,PACHAMAMA,2.0,0,,,,LEYENDAS PRIMERA ERA 3.0,19,600,4,https://pub-77824f6d0d4542d282fa48605bce7479.r2.dev/cards/MYL/PRIMERA%20ERA/dc8ab780-3a79-4bd0-9c29-abe5c41b7d37.png
709da1b2-e95f-4b24-90a3-b75db5cd67ae,TKPE2 - 04 - 13,PACHAMAMA,2.0,0,,,,TOOLKIT: ODIN,1,1000,1,https://pub-77824f6d0d4542d282fa48605bce7479.r2.dev/cards/MYL/PRIMERA%20ERA/709da1b2-e95f-4b24-90a3-b75db5cd67ae.png
310a07b1-b19c-48ea-a35d-fb4f15580e60,MPS 11/18,PACTO,2.0,0,,,,MUNDOS PERDIDOS: HORRORES DE SALEM,15,900,5,https://pub-77824f6d0d4542d282fa48605bce7479.r2.dev/cards/MYL/PRIMERA%20ERA/310a07b1-b19c-48ea-a35d-fb4f15580e60.png
e11af5ab-0f62-43e0-8b2a-a48a9ea6d84b,LPE23 057/300,PAGODA DAQIN,4.0,0,,,,LEYENDAS PRIMERA ERA 3.0,9,1500,2,https://pub-77824f6d0d4542d282fa48605bce7479.r2.dev/cards/MYL/PRIMERA%20ERA/e11af5ab-0f62-43e0-8b2a-a48a9ea6d84b.png
4328923e-fad9-4ee1-af78-74bac2f6878a,056 - 126 / PRIMERA ERA,PAHUAHTUN,,2,,,,COLECCION: LA IRA DEL NAHUAL,5,1000,1,https://pub-77824f6d0d4542d282fa48605bce7479.r2.dev/cards/MYL/PRIMERA%20ERA/4328923e-fad9-4ee1-af78-74bac2f6878a.png
26487284-d4dd-474b-8f81-a3d039c898a5,PREMIUM LPE25 12,PAHUAHTUN,,2,,,,LOOTBOX PRIMERA ERA 2025,17,1500,3,https://pub-77824f6d0d4542d282fa48605bce7479.r2.dev/cards/MYL/PRIMERA%20ERA/26487284-d4dd-474b-8f81-a3d039c898a5.png
d9d42648-fc07-48a8-a4c1-32eb88575c76,CRPE-28-72,PAHUAHTUN,,2,,,,KIT RACIALES PRIMERA ERA: CHAMAN,5,1500,2,https://pub-77824f6d0d4542d282fa48605bce7479.r2.dev/cards/MYL/PRIMERA%20ERA/d9d42648-fc07-48a8-a4c1-32eb88575c76.png
323a422e-aaff-4243-95e5-896e29fd1d21,CRPE4 37 - 117,PAJARO INTI,1.0,1,,,,KIT RACIALES PRIMERA ERA 2025: BESTIA,21,2000,5,https://pub-77824f6d0d4542d282fa48605bce7479.r2.dev/cards/MYL/PRIMERA%20ERA/323a422e-aaff-4243-95e5-896e29fd1d21.png
9a7d4fef-dda3-49c6-9187-40f11bbdcbbe,MPC 19/18,PAJARO INTI,1.0,1,,,,MUNDOS PERDIDOS: CIUDAD DE LOS CESARES,14,3500,2,https://pub-77824f6d0d4542d282fa48605bce7479.r2.dev/cards/MYL/PRIMERA%20ERA/9a7d4fef-dda3-49c6-9187-40f11bbdcbbe.png
f18875e1-8e83-49f4-a0b0-4858218a5c97,LPE4 57/320,PAJARO INTI,1.0,1,,,,LEYENDAS PE 4.0,21,2000,7,https://pub-77824f6d0d4542d282fa48605bce7479.r2.dev/cards/MYL/PRIMERA%20ERA/f18875e1-8e83-49f4-a0b0-4858218a5c97.png
2aecfa1a-3c32-461e-9eca-fcb890d01c71,EDICIÓN LIMITADA JO,PAJARO INTI,1.0,1,,,,JUEGO ORGANIZADO,5,12000,3,https://pub-77824f6d0d4542d282fa48605bce7479.r2.dev/pending-versions/efaa6295-f0d9-4ace-a854-648c041539e0/1787953207443-0.webp
b258dfb2-04af-496b-b3b2-67bbffe0e50d,LPE4 03/320,PAJARO INTI,1.0,1,,,,LEYENDAS PE 4.0,2,60000,2,https://pub-77824f6d0d4542d282fa48605bce7479.r2.dev/cards/MYL/PRIMERA%20ERA/b258dfb2-04af-496b-b3b2-67bbffe0e50d.png
2897fb77-cb14-42e1-8c2b-afe5c5dfef87,MPT-05-18,PAJARO TRUENO,2.0,2,,,,MUNDOS PERDIDOS: SENORES DEL TRUENO,17,1500,3,https://pub-77824f6d0d4542d282fa48605bce7479.r2.dev/cards/MYL/PRIMERA%20ERA/2897fb77-cb14-42e1-8c2b-afe5c5dfef87.png
50d24971-c603-4366-a2f6-83f030a08064,EDICION LIMITADA JO,PAJARO TRUENO,2.0,2,,,,,6,5000,1,https://pub-77824f6d0d4542d282fa48605bce7479.r2.dev/pending-versions/a09cd627-0dac-4af7-96c4-4501b80b8882/1783272051629-0.webp
344ae555-4446-40de-85ce-977353e930ef,CRPE4 112 - 117,PAJARO TRUENO,2.0,2,,,,KIT RACIALES PRIMERA ERA 2025: BESTIA,24,2000,3,https://pub-77824f6d0d4542d282fa48605bce7479.r2.dev/cards/MYL/PRIMERA%20ERA/344ae555-4446-40de-85ce-977353e930ef.png
cb7fc47e-040d-404a-b6f4-108ace3f1a72,LPE4 26/320,PAJARO TRUENO,2.0,2,,,,LEYENDAS PE 4.0,27,2500,7,https://pub-77824f6d0d4542d282fa48605bce7479.r2.dev/cards/MYL/PRIMERA%20ERA/cb7fc47e-040d-404a-b6f4-108ace3f1a72.png
561016bd-86aa-4af0-be49-ddd5043c2b97,201 - 236 / PRIMERA EDICION,PALA DE MONJE,3.0,0,,,,COLECCION: ESPIRITU DEL DRAGON,3,800,1,https://pub-77824f6d0d4542d282fa48605bce7479.r2.dev/cards/MYL/PRIMERA%20ERA/561016bd-86aa-4af0-be49-ddd5043c2b97.png
cfc446de-c8f8-42ff-aead-ab58cf7fc393,168 - 236 / PRIMERA EDICION,PALMA DE HIERRO,2.0,0,,,,COLECCION: ESPIRITU DEL DRAGON,5,900,3,https://pub-77824f6d0d4542d282fa48605bce7479.r2.dev/cards/MYL/PRIMERA%20ERA/cfc446de-c8f8-42ff-aead-ab58cf7fc393.png
2f896948-5e27-4643-8b8b-32afe94e3fbc,LBPE25 10/21,PAMOLA,2.0,2,,,,LOOTBOX PRIMERA ERA 2025,29,2000,4,https://pub-77824f6d0d4542d282fa48605bce7479.r2.dev/cards/MYL/PRIMERA%20ERA/2f896948-5e27-4643-8b8b-32afe94e3fbc.png
e0bf10fa-907d-40e3-9b6b-5fc6b165e4bd,91 - 126 / PRIMERA EDICION,PAN-GU,3.0,0,,,,COLECCION: EL RETO,6,300,2,https://pub-77824f6d0d4542d282fa48605bce7479.r2.dev/cards/MYL/PRIMERA%20ERA/e0bf10fa-907d-40e3-9b6b-5fc6b165e4bd.png
e1156c32-6a5b-431d-9585-ccedb2cd44da,LBPE25 09/21,PANTERA MISHIPESHU,3.0,4,,,,LOOTBOX PRIMERA ERA 2025,17,3500,5,https://pub-77824f6d0d4542d282fa48605bce7479.r2.dev/cards/MYL/PRIMERA%20ERA/e1156c32-6a5b-431d-9585-ccedb2cd44da.png
d131f45a-f8be-4411-985b-17ecd6276e95,39 - 236 / PRIMERA EDICION,PASTOR,3.0,2,,,,LEYENDAS PRIMERA ERA 2.0,2,1500,1,https://pub-77824f6d0d4542d282fa48605bce7479.r2.dev/cards/MYL/PRIMERA%20ERA/d131f45a-f8be-4411-985b-17ecd6276e95.png
bdc26014-083f-4730-b8ce-d7d6e3cf0ddb,MPTO 13/18,PEACEMAKER,1.0,0,,,,MUNDOS PERDIDOS: TOMBSTONE,11,4000,4,https://pub-77824f6d0d4542d282fa48605bce7479.r2.dev/cards/MYL/PRIMERA%20ERA/bdc26014-083f-4730-b8ce-d7d6e3cf0ddb.png
a587e69b-1704-415f-97ba-88d991e13596,EDICIÓN LIMITADA RELÁMPAGO,PEACEMAKER,1.0,0,,,,,4,5000,2,https://pub-77824f6d0d4542d282fa48605bce7479.r2.dev/pending-versions/a09cd627-0dac-4af7-96c4-4501b80b8882/1787450196299-0.webp
0f91b9a8-b13f-4ab8-8bbb-1b38e2b98708,CRPE2-17-84,PEGASO,1.0,1,,,,KIT RACIALES PRIMERA ERA: BESTIA,5,1000,1,https://pub-77824f6d0d4542d282fa48605bce7479.r2.dev/cards/MYL/PRIMERA%20ERA/0f91b9a8-b13f-4ab8-8bbb-1b38e2b98708.png
36f2287b-4ae2-4a0d-bcb1-38908c60621c,EXPE - 59 - 120,PERI PILLAN,2.0,1,,,,KIT EXTENSION PRIMERA ERA: LA IRA DEL NAHUAL,2,500,1,https://pub-77824f6d0d4542d282fa48605bce7479.r2.dev/cards/MYL/PRIMERA%20ERA/36f2287b-4ae2-4a0d-bcb1-38908c60621c.png
b5c20889-556b-422c-a1b2-1b8e5b55ea76,LPE4 242/320,PERI PILLAN,2.0,1,,,,LEYENDAS PE 4.0,20,100,1,https://pub-77824f6d0d4542d282fa48605bce7479.r2.dev/cards/MYL/PRIMERA%20ERA/b5c20889-556b-422c-a1b2-1b8e5b55ea76.png
3e9f799b-dfe7-464e-a533-4de25737f0d9,190 - 236 / PRIMERA EDICION,PERLA DE DRAGON,2.0,0,,,,COLECCION: ESPIRITU DEL DRAGON,1,100,1,https://pub-77824f6d0d4542d282fa48605bce7479.r2.dev/cards/MYL/PRIMERA%20ERA/3e9f799b-dfe7-464e-a533-4de25737f0d9.png
01bbeb70-4201-401a-a62f-5fd5373fe9a4,LPE23 297/300,PERLA DE DRAGON,2.0,0,,,,LEYENDAS PRIMERA ERA 3.0,8,100,1,https://pub-77824f6d0d4542d282fa48605bce7479.r2.dev/cards/MYL/PRIMERA%20ERA/01bbeb70-4201-401a-a62f-5fd5373fe9a4.png
9a6db160-e197-4ff6-96e2-f27036194040,XINNIAN 2 29/30,PERRO,,0,,,,XINNIAN 2: ANO DE LA SERPIENTE,9,1000,3,https://pub-77824f6d0d4542d282fa48605bce7479.r2.dev/cards/MYL/PRIMERA%20ERA/9a6db160-e197-4ff6-96e2-f27036194040.png
79c915d0-4fbb-4032-add4-65fdb3540d4b,XINNIAN 3 29/30,PERRO,,0,,,,XINNIAN 3: ANO DEL CABALLO,15,1000,2,https://pub-77824f6d0d4542d282fa48605bce7479.r2.dev/cards/MYL/PRIMERA%20ERA/79c915d0-4fbb-4032-add4-65fdb3540d4b.png
1ac6b929-8e51-404f-9dba-4dd8859a862a,XINNIAN 30/32,PERRO,,0,,,,XINNIAN: ANO DEL DRAGON,5,1000,2,https://pub-77824f6d0d4542d282fa48605bce7479.r2.dev/cards/MYL/PRIMERA%20ERA/1ac6b929-8e51-404f-9dba-4dd8859a862a.png
6980df4e-c347-480a-bf37-43b95c5833a3,CRPE5 08 - 84,PERSEO,3.0,2,,,,KIT RACIALES PRIMERA ERA 2025: CABALLERO,8,2000,2,https://pub-77824f6d0d4542d282fa48605bce7479.r2.dev/cards/MYL/PRIMERA%20ERA/6980df4e-c347-480a-bf37-43b95c5833a3.png
7f65c2a0-6f7a-4113-b595-e3771b040777,EXPE - 1 - 120,PERSIVAL,1.0,2,,,,KIT EXTENSION PRIMERA ERA: EL RETO,12,1500,4,https://pub-77824f6d0d4542d282fa48605bce7479.r2.dev/cards/MYL/PRIMERA%20ERA/7f65c2a0-6f7a-4113-b595-e3771b040777.png
db9621e9-23a7-4c1d-87e4-0c4347419e7c,CRPE3 - 01 - 36,PERSIVAL,1.0,2,,,,KIT RACIALES PRIMERA ERA: CABALLERO,10,1500,3,https://pub-77824f6d0d4542d282fa48605bce7479.r2.dev/cards/MYL/PRIMERA%20ERA/db9621e9-23a7-4c1d-87e4-0c4347419e7c.png
1e5e5110-f708-4b9b-a824-0d87df321cce,MPA-16-18,PERSIVAL,1.0,2,,,,MUNDOS PERDIDOS: LEYENDAS DE AVALON,16,1500,5,https://pub-77824f6d0d4542d282fa48605bce7479.r2.dev/cards/MYL/PRIMERA%20ERA/1e5e5110-f708-4b9b-a824-0d87df321cce.png
8bc09c3c-05c3-47fe-aacd-b17c29b5b6db,PREMIUM PE-01,PERSIVAL,1.0,2,,,,LOOTBOX PRIMERA ERA 2024,7,3000,3,https://pub-77824f6d0d4542d282fa48605bce7479.r2.dev/cards/MYL/PRIMERA%20ERA/8bc09c3c-05c3-47fe-aacd-b17c29b5b6db.png
2e67b34f-ef35-40a2-a8fc-6bb991dde77d,MPT-02-18,PERUN,2.0,3,,,,MUNDOS PERDIDOS: SENORES DEL TRUENO,13,700,3,https://pub-77824f6d0d4542d282fa48605bce7479.r2.dev/cards/MYL/PRIMERA%20ERA/2e67b34f-ef35-40a2-a8fc-6bb991dde77d.png
f1248e6f-cdcf-4032-901b-bbfb5085c6de,LBPE25 06/21,PETER STUMPP,3.0,3,,,,LOOTBOX PRIMERA ERA 2025,34,1500,5,https://pub-77824f6d0d4542d282fa48605bce7479.r2.dev/cards/MYL/PRIMERA%20ERA/f1248e6f-cdcf-4032-901b-bbfb5085c6de.png
83156f03-4756-484a-b3b6-14556cdca499,MPRE 01/18,PIASA,2.0,4,,,,MUNDOS PERDIDOS: NUBE ROJA,22,2500,8,https://pub-77824f6d0d4542d282fa48605bce7479.r2.dev/cards/MYL/PRIMERA%20ERA/83156f03-4756-484a-b3b6-14556cdca499.png
d9fbaec4-cf40-4927-9f24-aa98c74c9c3e,PROMOCIONAL LPE25 19,PIEDRA DE ROK,,0,,,,LOOTBOX PRIMERA ERA 2025,13,2500,4,https://pub-77824f6d0d4542d282fa48605bce7479.r2.dev/cards/MYL/PRIMERA%20ERA/d9fbaec4-cf40-4927-9f24-aa98c74c9c3e.png
c77608f1-d7b5-4102-954d-531302fd32e4,ANIVERSARIO LPE25 19,PIEDRA DE ROK,,0,,,,,2,3000,1,https://pub-77824f6d0d4542d282fa48605bce7479.r2.dev/cards/MYL/PRIMERA%20ERA/c77608f1-d7b5-4102-954d-531302fd32e4.png
6934b2e2-e1d2-4b35-86da-ee9a02e6d393,EXPE - 79 - 120,PIEDRA DE ROK,,0,,,,KIT EXTENSION PRIMERA ERA: RAGNAROK,8,2000,2,https://pub-77824f6d0d4542d282fa48605bce7479.r2.dev/cards/MYL/PRIMERA%20ERA/6934b2e2-e1d2-4b35-86da-ee9a02e6d393.png
a267c67a-55af-4579-9e25-43bd1626e2be,LPE4 64/320,PIEDRA DE ROK,,0,,,,LEYENDAS PE 4.0,25,2000,7,https://pub-77824f6d0d4542d282fa48605bce7479.r2.dev/cards/MYL/PRIMERA%20ERA/a267c67a-55af-4579-9e25-43bd1626e2be.png
31a3fba5-ac9a-4913-8dfc-c0d103f43e52,PREMIUM LPE25 20,PIEL DE LOBO,,0,,,,LOOTBOX PRIMERA ERA 2025,7,3000,3,https://pub-77824f6d0d4542d282fa48605bce7479.r2.dev/cards/MYL/PRIMERA%20ERA/31a3fba5-ac9a-4913-8dfc-c0d103f43e52.png
e6b4f85c-96f9-4b92-947f-bfad325e6ed3,MPV 15/18,PIEL DE LOBO,,0,,,,MUNDOS PERDIDOS: LA SAGA DE VOLSUNG,4,2500,2,https://pub-77824f6d0d4542d282fa48605bce7479.r2.dev/cards/MYL/PRIMERA%20ERA/e6b4f85c-96f9-4b92-947f-bfad325e6ed3.png
b58ec35a-b4c2-4390-ba09-4381c6451151,CRPE2-23-84,PIHUCHEN,3.0,3,,,,KIT RACIALES PRIMERA ERA: BESTIA,10,2500,3,https://pub-77824f6d0d4542d282fa48605bce7479.r2.dev/cards/MYL/PRIMERA%20ERA/b58ec35a-b4c2-4390-ba09-4381c6451151.png
8e55992f-6951-4f78-8e7a-777697d2cd95,CRPE4 40 - 117,PIHUCHEN,3.0,3,,,,KIT RACIALES PRIMERA ERA 2025: BESTIA,18,2000,5,https://pub-77824f6d0d4542d282fa48605bce7479.r2.dev/cards/MYL/PRIMERA%20ERA/8e55992f-6951-4f78-8e7a-777697d2cd95.png
d58de70f-6374-4ca5-81b8-0f184e215bab,CRPE4 47 - 117,PILLALLAU,6.0,6,,,,KIT RACIALES PRIMERA ERA 2025: BESTIA,24,2000,4,https://pub-77824f6d0d4542d282fa48605bce7479.r2.dev/cards/MYL/PRIMERA%20ERA/d58de70f-6374-4ca5-81b8-0f184e215bab.png
ecc937b3-7f8a-4f07-80dd-ee1575a22ae1,LPE4 - 336/320,PINTURA NASKAPI,,0,,,,KIT DE BATALLA VINLAND,8,4000,2,https://pub-77824f6d0d4542d282fa48605bce7479.r2.dev/cards/MYL/PRIMERA%20ERA/ecc937b3-7f8a-4f07-80dd-ee1575a22ae1.png
13e12077-e81b-4134-90ae-96e02c19e8f7,TKPE26 36/32,PINTURA NASKAPI,,0,,,,TOOLKIT 2026: ESPIRITU,31,2500,7,https://pub-77824f6d0d4542d282fa48605bce7479.r2.dev/cards/MYL/PRIMERA%20ERA/13e12077-e81b-4134-90ae-96e02c19e8f7.png
750a5ce6-76a4-4e1a-abd8-c75cffd41fe7,MPRE 15/18,PIPA CEREMONIAL,,0,,,,MUNDOS PERDIDOS: NUBE ROJA,11,5500,3,https://pub-77824f6d0d4542d282fa48605bce7479.r2.dev/cards/MYL/PRIMERA%20ERA/750a5ce6-76a4-4e1a-abd8-c75cffd41fe7.png
b6999d1c-b900-4aa8-9e64-2081400413f0,173 - 126 / PRIMERA EDICION,PIXIES,3.0,0,,,,COLECCION: EL RETO,1,100,1,https://pub-77824f6d0d4542d282fa48605bce7479.r2.dev/cards/MYL/PRIMERA%20ERA/b6999d1c-b900-4aa8-9e64-2081400413f0.png
a6030e23-afa1-4fc3-88cc-e294c8e999c1,LPE23 247/300,PIXIES,3.0,0,,,,LEYENDAS PRIMERA ERA 3.0,6,100,1,https://pub-77824f6d0d4542d282fa48605bce7479.r2.dev/cards/MYL/PRIMERA%20ERA/a6030e23-afa1-4fc3-88cc-e294c8e999c1.png
6f8c40c1-b22c-4e51-9355-0868d85eec5f,MPT-19-18,PODER DEL RELAMPAGO,1.0,0,,,,MUNDOS PERDIDOS: SENORES DEL TRUENO,4,1000,1,https://pub-77824f6d0d4542d282fa48605bce7479.r2.dev/cards/MYL/PRIMERA%20ERA/6f8c40c1-b22c-4e51-9355-0868d85eec5f.png
3c2f1e1e-b413-4680-bc36-8dadb4d07255,PREMIUM LPE25 19,PODER DEL RELAMPAGO,1.0,0,,,,LOOTBOX PRIMERA ERA 2025,13,1500,3,https://pub-77824f6d0d4542d282fa48605bce7479.r2.dev/cards/MYL/PRIMERA%20ERA/3c2f1e1e-b413-4680-bc36-8dadb4d07255.png
e46a0b44-dbf4-40fd-a1d5-83a6f357112c,TKPE26 05/32,PORTAL CELESTIAL,2.0,0,,,,TOOLKIT 2026: ANCESTRAL,18,3000,8,https://pub-77824f6d0d4542d282fa48605bce7479.r2.dev/cards/MYL/PRIMERA%20ERA/e46a0b44-dbf4-40fd-a1d5-83a6f357112c.png
40f17508-0b5e-41c7-aeaa-cd585ddf4371,115 - 126 / PRIMERA EDICION,POSEIDON,2.0,0,,,,COLECCION: EL RETO,1,100,1,https://pub-77824f6d0d4542d282fa48605bce7479.r2.dev/cards/MYL/PRIMERA%20ERA/40f17508-0b5e-41c7-aeaa-cd585ddf4371.png
fc4bd9b9-9f97-443c-a462-46d02aa76f0f,LPE4 277/320,POSEIDON,2.0,0,,,,LEYENDAS PE 4.0,21,200,2,https://pub-77824f6d0d4542d282fa48605bce7479.r2.dev/cards/MYL/PRIMERA%20ERA/fc4bd9b9-9f97-443c-a462-46d02aa76f0f.png
d35b31fa-4388-4cb5-b7cc-cd475fd56ddd,PROMO PE-15,POSEIDON,2.0,0,,,,LOOTBOX PRIMERA ERA 2024,6,3000,2,https://pub-77824f6d0d4542d282fa48605bce7479.r2.dev/cards/MYL/PRIMERA%20ERA/d35b31fa-4388-4cb5-b7cc-cd475fd56ddd.png
2daa4ae2-8c17-42bd-a944-d4ed561a91c2,LPE23 246/300,POSEIDON,2.0,0,,,,LEYENDAS PRIMERA ERA 3.0,6,100,1,https://pub-77824f6d0d4542d282fa48605bce7479.r2.dev/cards/MYL/PRIMERA%20ERA/2daa4ae2-8c17-42bd-a944-d4ed561a91c2.png
46a2f157-f8f3-421a-9307-69cf423107e9,LPE4 79/320,POSESION MAYOR,2.0,0,,,,LEYENDAS PE 4.0,4,3000,2,https://pub-77824f6d0d4542d282fa48605bce7479.r2.dev/cards/MYL/PRIMERA%20ERA/46a2f157-f8f3-421a-9307-69cf423107e9.png
cf71d5de-ac66-4040-a777-9b6f8465aa5e,TKPE1 - 09 - 13,POSESION MAYOR,2.0,0,,,,TOOLKIT PRIMERA ERA: WALKIRIAS,5,2500,1,https://pub-77824f6d0d4542d282fa48605bce7479.r2.dev/cards/MYL/PRIMERA%20ERA/cf71d5de-ac66-4040-a777-9b6f8465aa5e.png
010f3c73-717e-4276-8f57-f35576085077,TKPE24 03/28,POSESION MAYOR,2.0,0,,,,TOOLKIT PREMIUM JUSTA,15,2000,2,https://pub-77824f6d0d4542d282fa48605bce7479.r2.dev/cards/MYL/PRIMERA%20ERA/010f3c73-717e-4276-8f57-f35576085077.png
0ef43900-c363-4930-8137-cb7af16b33ec,MPRE 19/18,POZO DE MUERTE,4.0,0,,,,MUNDOS PERDIDOS: NUBE ROJA,4,3500,2,https://pub-77824f6d0d4542d282fa48605bce7479.r2.dev/cards/MYL/PRIMERA%20ERA/0ef43900-c363-4930-8137-cb7af16b33ec.png
04e76119-1db9-42bc-b000-f5795f03e45a,26 - 126 / PRIMERA EDICION,PRESENCIA MALIGNA,4.0,0,,,,COLECCION: MUNDO GOTICO,3,300,2,https://pub-77824f6d0d4542d282fa48605bce7479.r2.dev/cards/MYL/PRIMERA%20ERA/04e76119-1db9-42bc-b000-f5795f03e45a.png
8e011694-1498-4977-9b31-09594b01c8d6,LPE23 195/300,PRESENCIA MALIGNA,4.0,0,,,,LEYENDAS PRIMERA ERA 3.0,3,100,1,https://pub-77824f6d0d4542d282fa48605bce7479.r2.dev/cards/MYL/PRIMERA%20ERA/8e011694-1498-4977-9b31-09594b01c8d6.png
5f3fe768-bbe6-40cb-b408-6f39116afc2e,LPE4 22/320,PRICOLICI,4.0,4,,,,LEYENDAS PE 4.0,37,2000,5,https://pub-77824f6d0d4542d282fa48605bce7479.r2.dev/cards/MYL/PRIMERA%20ERA/5f3fe768-bbe6-40cb-b408-6f39116afc2e.png
8d68b575-1d7a-4d7a-8e2a-18670959ac0d,PREMIUM LPE25 07,PRICOLICI,4.0,4,,,,LOOTBOX PRIMERA ERA 2025,18,2000,5,https://pub-77824f6d0d4542d282fa48605bce7479.r2.dev/cards/MYL/PRIMERA%20ERA/8d68b575-1d7a-4d7a-8e2a-18670959ac0d.png
572bfd92-ac74-472e-b2e0-9a1210c11d53,LPE23 125/300,PRICOLICI,4.0,4,,,,LEYENDAS PRIMERA ERA 3.0,15,1500,4,https://pub-77824f6d0d4542d282fa48605bce7479.r2.dev/cards/MYL/PRIMERA%20ERA/572bfd92-ac74-472e-b2e0-9a1210c11d53.png
128bf1d8-1114-479c-bb92-75c0dd5c47a3,CRPE5 12 - 84,PRIDWEN,2.0,0,,,,KIT RACIALES PRIMERA ERA 2025: CABALLERO,2,3000,2,https://pub-77824f6d0d4542d282fa48605bce7479.r2.dev/cards/MYL/PRIMERA%20ERA/128bf1d8-1114-479c-bb92-75c0dd5c47a3.png
617ad293-c3e4-4bf7-85b7-163e28e72ddb,LBPE25 00/21,PRIMERAS FESTIVIDADES 2025,2.0,3,,,,LOOTBOX PRIMERA ERA 2025,3,3500,3,https://pub-77824f6d0d4542d282fa48605bce7479.r2.dev/cards/MYL/PRIMERA%20ERA/617ad293-c3e4-4bf7-85b7-163e28e72ddb.png
49f733a8-f478-445b-beb4-573fe0c15c7f,MPTO 09/18,PRINCIPE LAIBON,4.0,5,,,,MUNDOS PERDIDOS: TOMBSTONE,19,2000,4,https://pub-77824f6d0d4542d282fa48605bce7479.r2.dev/cards/MYL/PRIMERA%20ERA/49f733a8-f478-445b-beb4-573fe0c15c7f.png
4109d24a-0db1-4077-91ba-3d4e084cac2f,SCLPE4 - 48/80,PUCHAO,,0,,,,LEYENDAS PE 4.0,10,300,1,https://pub-77824f6d0d4542d282fa48605bce7479.r2.dev/pending-versions/b457c3e0-41ed-4a6b-8d6b-438846ff4e1d/1786044550373-0.webp
ae2af2b1-68ec-4c10-b8e9-f16d87aa01f4,109 - 236 / PRIMERA EDICION,PUCHAO,,0,,,,LEYENDAS PRIMERA ERA 1.0,2,1000,1,https://pub-77824f6d0d4542d282fa48605bce7479.r2.dev/cards/MYL/PRIMERA%20ERA/ae2af2b1-68ec-4c10-b8e9-f16d87aa01f4.png
edd4d9f3-b153-457c-a3da-b6efbb132fb1,109 - 126 / PRIMERA ERA,PUCHAO,,0,,,,COLECCION: LA IRA DEL NAHUAL,10,3000,2,https://pub-77824f6d0d4542d282fa48605bce7479.r2.dev/cards/MYL/PRIMERA%20ERA/edd4d9f3-b153-457c-a3da-b6efbb132fb1.png
6ec939bd-7567-4dd7-8fc6-822a6de6ff7c,EXPE - 49 - 120,PUERTA DEL SOL,2.0,0,,,,KIT EXTENSION PRIMERA ERA: LA IRA DEL NAHUAL,2,1000,1,https://pub-77824f6d0d4542d282fa48605bce7479.r2.dev/cards/MYL/PRIMERA%20ERA/6ec939bd-7567-4dd7-8fc6-822a6de6ff7c.png
9aa273fe-ff43-4a3e-956e-efe72bb884a0,TKPE24 27/28,PUERTA DEL VALHALLA,3.0,0,,,,TOOLKIT PREMIUM PUERTAS DEL VALHALLA,7,2000,3,https://pub-77824f6d0d4542d282fa48605bce7479.r2.dev/cards/MYL/PRIMERA%20ERA/9aa273fe-ff43-4a3e-956e-efe72bb884a0.png
032802b7-48f2-4bd1-b74d-de09bc924f1e,CRPE5 52 - 84,PULGASARI,3.0,3,,,,KIT RACIALES PRIMERA ERA 2025: CRIATURAS,13,2000,2,https://pub-77824f6d0d4542d282fa48605bce7479.r2.dev/cards/MYL/PRIMERA%20ERA/032802b7-48f2-4bd1-b74d-de09bc924f1e.png
29cb9c30-0ab9-450c-b414-2f478446aff2,LBPE24-18-21,PULGASARI,3.0,3,,,,LOOTBOX PRIMERA ERA 2024,9,2000,3,https://pub-77824f6d0d4542d282fa48605bce7479.r2.dev/cards/MYL/PRIMERA%20ERA/29cb9c30-0ab9-450c-b414-2f478446aff2.png
c490cc62-f04e-4521-97ae-73dea488824b,MPSG 11/18,PUNTO LETAL,,0,,,,MUNDOS PERDIDOS: LOCURA DE DRAGON,35,2000,7,https://pub-77824f6d0d4542d282fa48605bce7479.r2.dev/pending-versions/b457c3e0-41ed-4a6b-8d6b-438846ff4e1d/1785703894832-0.webp
643d13db-18d5-40f3-ac86-ad2591b0af4b,TKPE26 22/32,PURIFICAR SOMBRAS,2.0,0,,,,TOOLKIT 2026: ESPIRITU,21,2500,7,https://pub-77824f6d0d4542d282fa48605bce7479.r2.dev/cards/MYL/PRIMERA%20ERA/643d13db-18d5-40f3-ac86-ad2591b0af4b.png
c627e55c-6755-40ef-b3d2-2d65a37c3dc0,EXPE - 85 - 120,PURITANO,3.0,2,,,,KIT EXTENSION PRIMERA ERA: COFRADIA,5,900,5,https://pub-77824f6d0d4542d282fa48605bce7479.r2.dev/cards/MYL/PRIMERA%20ERA/c627e55c-6755-40ef-b3d2-2d65a37c3dc0.png
46ffa109-d19d-42dc-bc3c-f20845905f9f,LBPE25 21/21,QIANG,4.0,0,,,,LOOTBOX PRIMERA ERA 2025,10,3000,4,https://pub-77824f6d0d4542d282fa48605bce7479.r2.dev/cards/MYL/PRIMERA%20ERA/46ffa109-d19d-42dc-bc3c-f20845905f9f.png
f1f31139-2c8d-429a-98b2-66df8dcb0573,XINNIAN 3 06/30,QIANLIMA,2.0,3,,,,XINNIAN 3: ANO DEL CABALLO,8,3000,1,https://pub-77824f6d0d4542d282fa48605bce7479.r2.dev/cards/MYL/PRIMERA%20ERA/f1f31139-2c8d-429a-98b2-66df8dcb0573.png
8a20ce7c-c83b-40ff-9bca-f618cc183234,LPE4 65/320,QIN SHI HUANG,5.0,5,,,,LEYENDAS PE 4.0,32,3000,8,https://pub-77824f6d0d4542d282fa48605bce7479.r2.dev/cards/MYL/PRIMERA%20ERA/8a20ce7c-c83b-40ff-9bca-f618cc183234.png
f071fb06-cf7b-4421-81ad-2af09713f909,XINNIAN 09/32,QINGLONG CHUSHUI,4.0,0,,,,XINNIAN: ANO DEL DRAGON,6,1500,2,https://pub-77824f6d0d4542d282fa48605bce7479.r2.dev/cards/MYL/PRIMERA%20ERA/f071fb06-cf7b-4421-81ad-2af09713f909.png
0ea0b4ce-6178-4b41-bb2d-fd0f1579754d,LPE4 214/320,QINGLONG CHUSHUI,4.0,0,,,,LEYENDAS PE 4.0,33,600,4,https://pub-77824f6d0d4542d282fa48605bce7479.r2.dev/cards/MYL/PRIMERA%20ERA/0ea0b4ce-6178-4b41-bb2d-fd0f1579754d.png
687c3c69-9adb-43e0-b8e5-33115a92a1dc,EXPE - 27 - 120,QUEMAR AL MONSTRUO,4.0,0,,,,KIT EXTENSION PRIMERA ERA: MUNDO GOTICO,9,1500,2,https://pub-77824f6d0d4542d282fa48605bce7479.r2.dev/cards/MYL/PRIMERA%20ERA/687c3c69-9adb-43e0-b8e5-33115a92a1dc.png
662026dc-775e-4f32-b062-2082b030b968,MPAT 10/18,QUEMAR LAS ESTEPAS,,0,,,,MUNDOS PERDIDOS: HORDA ESTEPARIA,34,2000,6,https://pub-77824f6d0d4542d282fa48605bce7479.r2.dev/pending-versions/b457c3e0-41ed-4a6b-8d6b-438846ff4e1d/1785630275566-0.webp
a8d44061-40d2-4c35-8503-75990ccb9faa,TKPE25 32/28,QUETZAL,,0,,,,TOOLKIT 2025: VALENTIA Y DESOLACION,11,3000,1,https://pub-77824f6d0d4542d282fa48605bce7479.r2.dev/cards/MYL/PRIMERA%20ERA/a8d44061-40d2-4c35-8503-75990ccb9faa.png
1fd0351c-c529-4ef5-9841-a6e9e2ab7500,CRPE3 - 21 - 36,QUETZALCOATL,6.0,5,,,,KIT RACIALES PRIMERA ERA: DRAGON,5,1500,2,https://pub-77824f6d0d4542d282fa48605bce7479.r2.dev/cards/MYL/PRIMERA%20ERA/1fd0351c-c529-4ef5-9841-a6e9e2ab7500.png
53135012-ba91-45e1-9e3a-6fd40e25902b,LPE4 165/320,QUETZALCOATL,6.0,5,,,,LEYENDAS PE 4.0,50,600,8,https://pub-77824f6d0d4542d282fa48605bce7479.r2.dev/cards/MYL/PRIMERA%20ERA/53135012-ba91-45e1-9e3a-6fd40e25902b.png
2a3ce8af-6a7b-4898-8838-da318c6bc58a,EDICION LIMITADA JO,QUIMERA DEL RAYO,2.0,3,,,,,25,4500,7,https://pub-77824f6d0d4542d282fa48605bce7479.r2.dev/pending-versions/a09cd627-0dac-4af7-96c4-4501b80b8882/1783274038042-0.webp
be93ea1e-277e-40fe-a490-27ec5bb8e60e,CRPE4 79 - 117,QUIMERA DEL RAYO,2.0,3,,,,KIT RACIALES PRIMERA ERA 2025: ABOMINACION,17,2000,4,https://pub-77824f6d0d4542d282fa48605bce7479.r2.dev/cards/MYL/PRIMERA%20ERA/be93ea1e-277e-40fe-a490-27ec5bb8e60e.png
493ec970-0cef-4559-b5f3-344528cea4c4,MPT-10-18,QUIMERA DEL RAYO,2.0,3,,,,MUNDOS PERDIDOS: SENORES DEL TRUENO,15,800,4,https://pub-77824f6d0d4542d282fa48605bce7479.r2.dev/cards/MYL/PRIMERA%20ERA/493ec970-0cef-4559-b5f3-344528cea4c4.png
a69a2f90-4bab-470a-9d88-8d32db3b0a6e,LPE4 12/320,QUIMERA DEL RAYO,2.0,3,,,,LEYENDAS PE 4.0,11,13500,6,https://pub-77824f6d0d4542d282fa48605bce7479.r2.dev/cards/MYL/PRIMERA%20ERA/a69a2f90-4bab-470a-9d88-8d32db3b0a6e.png
81e682c8-70a5-4ccd-bdeb-a5daac9f0869,LPE23 092/300,RAGNAR LODBROG,4.0,3,,,,LEYENDAS PRIMERA ERA 3.0,24,700,7,https://pub-77824f6d0d4542d282fa48605bce7479.r2.dev/cards/MYL/PRIMERA%20ERA/81e682c8-70a5-4ccd-bdeb-a5daac9f0869.png
adcf2929-00dd-4692-8f20-d520524be28b,CRPE-15-72,RAGNAR LODBROG,4.0,3,,,,KIT RACIALES PRIMERA ERA: BARBARO,4,2000,2,https://pub-77824f6d0d4542d282fa48605bce7479.r2.dev/cards/MYL/PRIMERA%20ERA/adcf2929-00dd-4692-8f20-d520524be28b.png
05479c91-0250-42bf-970d-de5312790f5b,30 - 126 / PRIMERA EDICION,RAGNAR LODBROG,4.0,3,,,,COLECCION: RAGNAROK,2,500,1,https://pub-77824f6d0d4542d282fa48605bce7479.r2.dev/cards/MYL/PRIMERA%20ERA/05479c91-0250-42bf-970d-de5312790f5b.png
2e74939c-4c87-4cd7-abba-a15445a38b3a,CONMEMORATIVA PE-04,RAGNAROK,4.0,4,,,,LOOTBOX PRIMERA ERA 2024,8,1500,5,https://pub-77824f6d0d4542d282fa48605bce7479.r2.dev/cards/MYL/PRIMERA%20ERA/2e74939c-4c87-4cd7-abba-a15445a38b3a.png
ff0467a7-e2a8-466b-90eb-00f3220a52e7,EXPE - 104 - 120,RAIDEN,4.0,0,,,,KIT EXTENSION PRIMERA ERA: ESPIRITU DEL DRAGON,1,1500,1,https://pub-77824f6d0d4542d282fa48605bce7479.r2.dev/cards/MYL/PRIMERA%20ERA/ff0467a7-e2a8-466b-90eb-00f3220a52e7.png
aa6ac333-d5b6-45d7-8e15-fd2ff08fb19c,MPT-04-18,RAIJIN,3.0,3,,,,MUNDOS PERDIDOS: SENORES DEL TRUENO,14,800,3,https://pub-77824f6d0d4542d282fa48605bce7479.r2.dev/cards/MYL/PRIMERA%20ERA/aa6ac333-d5b6-45d7-8e15-fd2ff08fb19c.png
06b98e29-b423-4f64-b61c-7bbe72fb73b0,PROMOCIONAL LPE25 23,RAIJIN,3.0,3,,,,LOOTBOX PRIMERA ERA 2025,17,2000,5,https://pub-77824f6d0d4542d282fa48605bce7479.r2.dev/cards/MYL/PRIMERA%20ERA/06b98e29-b423-4f64-b61c-7bbe72fb73b0.png
d119be28-d64d-4380-9870-b00f08221abb,CRPE5 66 - 84,RAIJIN,3.0,3,,,,KIT RACIALES PRIMERA ERA 2025: KAMI,8,2000,2,https://pub-77824f6d0d4542d282fa48605bce7479.r2.dev/cards/MYL/PRIMERA%20ERA/d119be28-d64d-4380-9870-b00f08221abb.png
5d945e1e-3779-41b4-a463-23e8ee724af1,XINNIAN 2 09/30,RAIJIN,3.0,3,,,,XINNIAN 2: ANO DE LA SERPIENTE,30,1500,3,https://pub-77824f6d0d4542d282fa48605bce7479.r2.dev/cards/MYL/PRIMERA%20ERA/5d945e1e-3779-41b4-a463-23e8ee724af1.png
2f7c9b88-cfd9-45b0-bdd6-2e5dc95f4ab3,LPE4 38/320,RAIJIN,3.0,3,,,,LEYENDAS PE 4.0,32,2000,7,https://pub-77824f6d0d4542d282fa48605bce7479.r2.dev/cards/MYL/PRIMERA%20ERA/2f7c9b88-cfd9-45b0-bdd6-2e5dc95f4ab3.png
3665aad1-8f64-4327-b73d-94f28faa7fc2,EXPE - 70 - 120,RAN,2.0,2,,,,KIT EXTENSION PRIMERA ERA: RAGNAROK,8,1500,2,https://pub-77824f6d0d4542d282fa48605bce7479.r2.dev/cards/MYL/PRIMERA%20ERA/3665aad1-8f64-4327-b73d-94f28faa7fc2.png
7aa20968-0691-4eed-91b1-49904080f5a4,29 - 126 / PRIMERA EDICION,RAPPAGAN-MEKABK,5.0,0,,,,COLECCION: MUNDO GOTICO,13,400,4,https://pub-77824f6d0d4542d282fa48605bce7479.r2.dev/cards/MYL/PRIMERA%20ERA/7aa20968-0691-4eed-91b1-49904080f5a4.png
f5b05a9a-5057-49d9-92e1-71278ca77645,LPE23 071/300,RAPPAGAN-MEKABK,5.0,0,,,,LEYENDAS PRIMERA ERA 3.0,28,600,7,https://pub-77824f6d0d4542d282fa48605bce7479.r2.dev/cards/MYL/PRIMERA%20ERA/f5b05a9a-5057-49d9-92e1-71278ca77645.png
ad245c7a-0edd-4a1a-99ba-e02ec3a2abbe,TKPE24 13/28,RAPTO DE IDUNN,3.0,0,,,,TOOLKIT PREMIUM JUSTA,9,2500,5,https://pub-77824f6d0d4542d282fa48605bce7479.r2.dev/cards/MYL/PRIMERA%20ERA/ad245c7a-0edd-4a1a-99ba-e02ec3a2abbe.png
4e7fdf9c-8950-4575-a734-c45d13809d14,EDICION LIMITADA PE 24,RAPTO DE IDUNN,3.0,0,,,,,8,5000,4,https://pub-77824f6d0d4542d282fa48605bce7479.r2.dev/pending-versions/a09cd627-0dac-4af7-96c4-4501b80b8882/1783274435275-0.webp
a36fca28-f438-453e-82ac-4061bee1f8ba,TKPE25 01/28,RAPTO DE IDUNN,3.0,0,,,,TOOLKIT 2025: VALENTIA Y DESOLACION,25,2000,3,https://pub-77824f6d0d4542d282fa48605bce7479.r2.dev/cards/MYL/PRIMERA%20ERA/a36fca28-f438-453e-82ac-4061bee1f8ba.png
4b523095-09b9-4173-af2c-60518a249860,168 - 126 / PRIMERA EDICION,RASTREADOR,2.0,2,,,,COLECCION: MUNDO GOTICO,1,100,1,https://pub-77824f6d0d4542d282fa48605bce7479.r2.dev/cards/MYL/PRIMERA%20ERA/4b523095-09b9-4173-af2c-60518a249860.png
422f3285-3928-4e86-96dd-66393abcac70,LPE23 255/300,RASTREADOR,2.0,2,,,,LEYENDAS PRIMERA ERA 3.0,6,100,1,https://pub-77824f6d0d4542d282fa48605bce7479.r2.dev/cards/MYL/PRIMERA%20ERA/422f3285-3928-4e86-96dd-66393abcac70.png
328c50bb-4c1c-4d7a-99ad-86aaed8b7f4f,233 - 236 / PRIMERA EDICION,RASTREADOR,2.0,2,,,,LEYENDAS PRIMERA ERA 2.0,2,100,1,https://pub-77824f6d0d4542d282fa48605bce7479.r2.dev/cards/MYL/PRIMERA%20ERA/328c50bb-4c1c-4d7a-99ad-86aaed8b7f4f.png
6041a3bb-68f4-4f23-9e10-c012115b2aa8,MPRE 11/18,RASTREAR,3.0,0,,,,MUNDOS PERDIDOS: NUBE ROJA,14,2000,3,https://pub-77824f6d0d4542d282fa48605bce7479.r2.dev/cards/MYL/PRIMERA%20ERA/6041a3bb-68f4-4f23-9e10-c012115b2aa8.png
098c0418-6bcd-4e88-adcb-f49e3531b7e0,XINNIAN 2 19/30,RATA,,0,,,,XINNIAN 2: ANO DE LA SERPIENTE,7,1000,2,https://pub-77824f6d0d4542d282fa48605bce7479.r2.dev/cards/MYL/PRIMERA%20ERA/098c0418-6bcd-4e88-adcb-f49e3531b7e0.png
2bdb6a1a-1580-4114-bb37-6014dcaea885,XINNIAN 20/32,RATA,,0,,,,XINNIAN: ANO DEL DRAGON,6,1000,1,https://pub-77824f6d0d4542d282fa48605bce7479.r2.dev/cards/MYL/PRIMERA%20ERA/2bdb6a1a-1580-4114-bb37-6014dcaea885.png
aec63fc4-5f5c-4bf7-95f4-81ff33a06e41,XINNIAN 3 19/30,RATA,,0,,,,XINNIAN 3: ANO DEL CABALLO,19,1000,3,https://pub-77824f6d0d4542d282fa48605bce7479.r2.dev/cards/MYL/PRIMERA%20ERA/aec63fc4-5f5c-4bf7-95f4-81ff33a06e41.png
327a56a7-2588-4c73-91df-96ab09ee4538,MPSG 16/18,RATATOSK,3.0,3,,,,MUNDOS PERDIDOS: LOCURA DE DRAGON,27,2500,5,https://pub-77824f6d0d4542d282fa48605bce7479.r2.dev/pending-versions/a09cd627-0dac-4af7-96c4-4501b80b8882/1786241280126-0.webp
81225e4b-a768-4a3b-bf8c-7054c75b785d,MPT-12-18,RAYO DE INDRA,1.0,0,,,,MUNDOS PERDIDOS: SENORES DEL TRUENO,14,500,2,https://pub-77824f6d0d4542d282fa48605bce7479.r2.dev/cards/MYL/PRIMERA%20ERA/81225e4b-a768-4a3b-bf8c-7054c75b785d.png
66121c8f-2b59-4e94-8ffd-8ff61e80b0ec,PREMIUM LPE25 04,RAYO DE INDRA,1.0,0,,,,LOOTBOX PRIMERA ERA 2025,11,1500,3,https://pub-77824f6d0d4542d282fa48605bce7479.r2.dev/cards/MYL/PRIMERA%20ERA/66121c8f-2b59-4e94-8ffd-8ff61e80b0ec.png
83ad3958-9437-4172-9a08-9bddf0b8550d,TKPE24 04/28,RAZA NOCTURNA,,0,,,,TOOLKIT PREMIUM JUSTA,3,3500,3,https://pub-77824f6d0d4542d282fa48605bce7479.r2.dev/cards/MYL/PRIMERA%20ERA/83ad3958-9437-4172-9a08-9bddf0b8550d.png
f76a18e3-6fce-4651-82ae-bf295bad3f0c,LPE4 294/320,RAZA NOCTURNA,,0,,,,LEYENDAS PE 4.0,32,100,3,https://pub-77824f6d0d4542d282fa48605bce7479.r2.dev/cards/MYL/PRIMERA%20ERA/f76a18e3-6fce-4651-82ae-bf295bad3f0c.png
3e7b4568-483e-40ea-9038-677ebede40aa,EXPE - 40 - 120,RAZA NOCTURNA,,0,,,,KIT EXTENSION PRIMERA ERA: MUNDO GOTICO,1,4000,1,https://pub-77824f6d0d4542d282fa48605bce7479.r2.dev/cards/MYL/PRIMERA%20ERA/3e7b4568-483e-40ea-9038-677ebede40aa.png
2e87d589-5453-434e-a137-21c3fb8b3c9c,118 - 126 / PRIMERA EDICION,RAZA NOCTURNA,,0,,,,COLECCION: MUNDO GOTICO,1,100,1,https://pub-77824f6d0d4542d282fa48605bce7479.r2.dev/cards/MYL/PRIMERA%20ERA/2e87d589-5453-434e-a137-21c3fb8b3c9c.png
d16430a9-44b4-4e78-baba-9c9665faf3b5,LPE23 266/300,REDUCCION DE CABEZA,4.0,0,,,,LEYENDAS PRIMERA ERA 3.0,7,100,1,https://pub-77824f6d0d4542d282fa48605bce7479.r2.dev/cards/MYL/PRIMERA%20ERA/d16430a9-44b4-4e78-baba-9c9665faf3b5.png
32b25611-5d58-4dec-be2b-d941ce51b09b,020 - 126 / PRIMERA ERA,REDUCCION DE CABEZA,4.0,0,,,,COLECCION: LA IRA DEL NAHUAL,1,100,1,https://pub-77824f6d0d4542d282fa48605bce7479.r2.dev/cards/MYL/PRIMERA%20ERA/32b25611-5d58-4dec-be2b-d941ce51b09b.png
aed0be4e-2cee-439b-a372-207c70a0d196,MPA-12-18,REGRESAR LA ESPADA,1.0,0,,,,MUNDOS PERDIDOS: LEYENDAS DE AVALON,17,1000,7,https://pub-77824f6d0d4542d282fa48605bce7479.r2.dev/cards/MYL/PRIMERA%20ERA/aed0be4e-2cee-439b-a372-207c70a0d196.png
aac24861-7aec-469b-ac2b-a45f8fe826da,44 - 236 / PRIMERA EDICION,REINA GUINIVERE,3.0,3,,,,LEYENDAS PRIMERA ERA 2.0,8,1500,3,https://pub-77824f6d0d4542d282fa48605bce7479.r2.dev/cards/MYL/PRIMERA%20ERA/aac24861-7aec-469b-ac2b-a45f8fe826da.png
42abcacb-2d76-4840-9339-6a7f02d9fde6,LPE23 177/300,REINA GUINIVERE,3.0,3,,,,LEYENDAS PRIMERA ERA 3.0,33,1000,9,https://pub-77824f6d0d4542d282fa48605bce7479.r2.dev/cards/MYL/PRIMERA%20ERA/42abcacb-2d76-4840-9339-6a7f02d9fde6.png
efa912e4-b540-4f75-aacc-14f7b6340553,CRPE3 - 37 - 36,REINA GUINIVERE,3.0,3,,,,KIT RACIALES PRIMERA ERA: CABALLERO,3,2000,2,https://pub-77824f6d0d4542d282fa48605bce7479.r2.dev/cards/MYL/PRIMERA%20ERA/efa912e4-b540-4f75-aacc-14f7b6340553.png
81d5a7bb-647b-4bff-89d6-a7b37cce4343,TKPE26 24/32,RELIQUIA DEL LEON,,0,,,,TOOLKIT 2026: ESPIRITU,4,7500,3,https://pub-77824f6d0d4542d282fa48605bce7479.r2.dev/cards/MYL/PRIMERA%20ERA/81d5a7bb-647b-4bff-89d6-a7b37cce4343.png
10beb5ee-b351-4bc5-a08d-037dc4da0976,LBPE25 01/21,RENAUD,2.0,3,,,,LOOTBOX PRIMERA ERA 2025,33,1500,5,https://pub-77824f6d0d4542d282fa48605bce7479.r2.dev/cards/MYL/PRIMERA%20ERA/10beb5ee-b351-4bc5-a08d-037dc4da0976.png
243e714f-cffb-429f-b324-00215eca7bb7,CRPE4 36 - 117,REPULSION,2.0,0,,,,KIT RACIALES PRIMERA ERA 2025: VAMPIRO,20,2000,3,https://pub-77824f6d0d4542d282fa48605bce7479.r2.dev/cards/MYL/PRIMERA%20ERA/243e714f-cffb-429f-b324-00215eca7bb7.png
698b14a2-a3f6-491b-8e45-d7e3f8825721,MISION SANTIAGO,RESPLANDOR DORADO,,0,,,,MISION SANTIAGO,1,2000,1,https://pub-77824f6d0d4542d282fa48605bce7479.r2.dev/pending-versions/b457c3e0-41ed-4a6b-8d6b-438846ff4e1d/1785894400961-0.webp
2262d1eb-8f7f-4e31-b659-d3227200a56a,018 - 126 / PRIMERA ERA,REVOLUCION DE LOS OBJETOS,6.0,0,,,,COLECCION: LA IRA DEL NAHUAL,5,1000,4,https://pub-77824f6d0d4542d282fa48605bce7479.r2.dev/cards/MYL/PRIMERA%20ERA/2262d1eb-8f7f-4e31-b659-d3227200a56a.png
56733d8a-ad06-4a8d-8bbb-53ff3f2e2f4c,EXPE - 11 - 120,REY ARTURO,4.0,4,,,,KIT EXTENSION PRIMERA ERA: EL RETO,17,1500,4,https://pub-77824f6d0d4542d282fa48605bce7479.r2.dev/cards/MYL/PRIMERA%20ERA/56733d8a-ad06-4a8d-8bbb-53ff3f2e2f4c.png
16ce6165-6077-47c2-8991-3156b8313a45,CRPE3 - 02 - 36,REY ARTURO,4.0,4,,,,KIT RACIALES PRIMERA ERA: CABALLERO,8,1500,2,https://pub-77824f6d0d4542d282fa48605bce7479.r2.dev/cards/MYL/PRIMERA%20ERA/16ce6165-6077-47c2-8991-3156b8313a45.png
437ae94c-103a-4e6c-97c2-bac205c2dc21,LPE23 176/300,REY ARTURO PENDRAGON,5.0,5,,,,LEYENDAS PRIMERA ERA 3.0,19,800,4,https://pub-77824f6d0d4542d282fa48605bce7479.r2.dev/cards/MYL/PRIMERA%20ERA/437ae94c-103a-4e6c-97c2-bac205c2dc21.png
1291aa8c-e521-4793-9cfd-78c09af5e2ac,LPE4 53/320,REY DE LOS OSOS,4.0,4,,,,LEYENDAS PE 4.0,14,3000,3,https://pub-77824f6d0d4542d282fa48605bce7479.r2.dev/cards/MYL/PRIMERA%20ERA/1291aa8c-e521-4793-9cfd-78c09af5e2ac.png
5051825b-c7dc-4dfd-809d-c5375134d4b0,MPDI 08/18,REY LAURIN,,0,,,,MUNDOS PERDIDOS: ALIENTO DE FUEGO,48,2500,11,https://pub-77824f6d0d4542d282fa48605bce7479.r2.dev/pending-versions/b457c3e0-41ed-4a6b-8d6b-438846ff4e1d/1785711187256-0.webp
ef33805c-c92e-4d24-b1b2-d45c78fec93b,CRPE3 - 06 - 36,REY MIDAS,3.0,3,,,,KIT RACIALES PRIMERA ERA: CABALLERO,7,1500,2,https://pub-77824f6d0d4542d282fa48605bce7479.r2.dev/cards/MYL/PRIMERA%20ERA/ef33805c-c92e-4d24-b1b2-d45c78fec93b.png
ef13763c-e2cf-4638-a6fe-ab64fa98d362,LPE4 33/320,RHEDA,3.0,3,,,,LEYENDAS PE 4.0,36,1500,4,https://pub-77824f6d0d4542d282fa48605bce7479.r2.dev/cards/MYL/PRIMERA%20ERA/ef13763c-e2cf-4638-a6fe-ab64fa98d362.png
87d8bafc-e688-459b-8a0f-1caa8629a2b9,CRPE4 99 - 117,RHEDA,3.0,3,,,,KIT RACIALES PRIMERA ERA 2025: DIOS,12,800,3,https://pub-77824f6d0d4542d282fa48605bce7479.r2.dev/cards/MYL/PRIMERA%20ERA/87d8bafc-e688-459b-8a0f-1caa8629a2b9.png
d8db65a7-cf9f-44fe-b354-e40334ef212c,MPV 09/18,RHEDA,3.0,3,,,,MUNDOS PERDIDOS: LA SAGA DE VOLSUNG,4,1000,1,https://pub-77824f6d0d4542d282fa48605bce7479.r2.dev/cards/MYL/PRIMERA%20ERA/d8db65a7-cf9f-44fe-b354-e40334ef212c.png
2b3c1f0b-8eb9-464a-847f-1dc6599df4e8,019 - 126 / PRIMERA ERA,RITO DEL DORADO,,0,,,,COLECCION: LA IRA DEL NAHUAL,2,400,2,https://pub-77824f6d0d4542d282fa48605bce7479.r2.dev/cards/MYL/PRIMERA%20ERA/2b3c1f0b-8eb9-464a-847f-1dc6599df4e8.png
8e54343e-255d-489d-b46c-ce145cdc2a88,LPE23 083/300,RITO DEL DORADO,,0,,,,LEYENDAS PRIMERA ERA 3.0,24,700,6,https://pub-77824f6d0d4542d282fa48605bce7479.r2.dev/cards/MYL/PRIMERA%20ERA/8e54343e-255d-489d-b46c-ce145cdc2a88.png
926c5597-8ebe-417d-8464-5cd53001de3c,MPAT 04/18,RO-LANGS,,0,,,,MUNDOS PERDIDOS: HORDA ESTEPARIA,27,2500,5,https://pub-77824f6d0d4542d282fa48605bce7479.r2.dev/pending-versions/a09cd627-0dac-4af7-96c4-4501b80b8882/1786240114377-0.webp
d320c9d9-ef63-416c-a859-64ae893d926f,EXPE - 21 - 120,ROBIN HOOD,4.0,3,,,,KIT EXTENSION PRIMERA ERA: MUNDO GOTICO,4,2000,1,https://pub-77824f6d0d4542d282fa48605bce7479.r2.dev/cards/MYL/PRIMERA%20ERA/d320c9d9-ef63-416c-a859-64ae893d926f.png
310dc170-eb20-4408-9682-e0042dad1046,LPE4 135/320,ROGIVALD RAGNARSSON,2.0,4,,,,LEYENDAS PE 4.0,38,600,6,https://pub-77824f6d0d4542d282fa48605bce7479.r2.dev/cards/MYL/PRIMERA%20ERA/310dc170-eb20-4408-9682-e0042dad1046.png
9e1b04c5-f172-4a83-92fb-5c8b5122385b,CRPE3 - 11 - 36,ROLDAN,3.0,5,,,,KIT RACIALES PRIMERA ERA: CABALLERO,9,1500,3,https://pub-77824f6d0d4542d282fa48605bce7479.r2.dev/cards/MYL/PRIMERA%20ERA/9e1b04c5-f172-4a83-92fb-5c8b5122385b.png
be418f8b-2a9e-4981-b797-b01d47bbd612,LPE4 140/320,ROLLO,3.0,3,,,,LEYENDAS PE 4.0,45,500,7,https://pub-77824f6d0d4542d282fa48605bce7479.r2.dev/cards/MYL/PRIMERA%20ERA/be418f8b-2a9e-4981-b797-b01d47bbd612.png
30fa5dc6-b781-4ef8-a8bb-e2cd185b1d0a,32 - 236 / PRIMERA EDICION,ROLLO,3.0,3,,,,LEYENDAS PRIMERA ERA 2.0,2,100,1,https://pub-77824f6d0d4542d282fa48605bce7479.r2.dev/cards/MYL/PRIMERA%20ERA/30fa5dc6-b781-4ef8-a8bb-e2cd185b1d0a.png
d6a4ce7a-7fb9-4234-b08a-9af62db895ae,CRPE-23-72,ROLLO,3.0,3,,,,KIT RACIALES PRIMERA ERA: BARBARO,3,1000,2,https://pub-77824f6d0d4542d282fa48605bce7479.r2.dev/cards/MYL/PRIMERA%20ERA/d6a4ce7a-7fb9-4234-b08a-9af62db895ae.png
05391e83-1bcb-452a-92fd-9c41252ecd2b,LPE23 155/300,ROLLO,3.0,3,,,,LEYENDAS PRIMERA ERA 3.0,7,700,4,https://pub-77824f6d0d4542d282fa48605bce7479.r2.dev/cards/MYL/PRIMERA%20ERA/05391e83-1bcb-452a-92fd-9c41252ecd2b.png
da5f582f-885e-48d6-859f-b91716137cac,LPE4 330/320 P,ROSA DE LOS VIENTOS,,0,,,,KIT DE BATALLA PAGANO,10,1500,5,https://pub-77824f6d0d4542d282fa48605bce7479.r2.dev/cards/MYL/PRIMERA%20ERA/da5f582f-885e-48d6-859f-b91716137cac.png
0034c6e0-f03d-4609-8c2e-5b719dc4299c,TKPE24 32/28,ROSA DE MUERTE,,0,,,,TOOLKIT PREMIUM PUERTAS DEL VALHALLA,2,5000,1,https://pub-77824f6d0d4542d282fa48605bce7479.r2.dev/cards/MYL/PRIMERA%20ERA/0034c6e0-f03d-4609-8c2e-5b719dc4299c.png
d022512a-f22e-41ac-9bce-e3a634521660,EXPE - 32 - 120,ROY,3.0,2,,,,KIT EXTENSION PRIMERA ERA: MUNDO GOTICO,3,1500,2,https://pub-77824f6d0d4542d282fa48605bce7479.r2.dev/cards/MYL/PRIMERA%20ERA/d022512a-f22e-41ac-9bce-e3a634521660.png
fb165c97-4e8b-4ee3-9360-8436979bd9e5,LPE4 46/320,RUEDA DEL ANO,,0,,,,LEYENDAS PE 4.0,23,2000,7,https://pub-77824f6d0d4542d282fa48605bce7479.r2.dev/cards/MYL/PRIMERA%20ERA/fb165c97-4e8b-4ee3-9360-8436979bd9e5.png
b2298a82-8d73-4a36-a472-674adc746150,MPA-15-18,RUEDA DEL ANO,,0,,,,MUNDOS PERDIDOS: LEYENDAS DE AVALON,14,2500,8,https://pub-77824f6d0d4542d282fa48605bce7479.r2.dev/cards/MYL/PRIMERA%20ERA/b2298a82-8d73-4a36-a472-674adc746150.png
4775fd36-41ec-4651-812e-ffd2e481fa88,LPE4 07/320,RUEDA DEL ANO,,0,,,,LEYENDAS PE 4.0,6,12000,3,https://pub-77824f6d0d4542d282fa48605bce7479.r2.dev/cards/MYL/PRIMERA%20ERA/4775fd36-41ec-4651-812e-ffd2e481fa88.png
fc4fbcbd-287f-40ed-9eed-00debd49c503,MPS 06/18,RUGARU,3.0,3,,,,MUNDOS PERDIDOS: HORRORES DE SALEM,16,1500,4,https://pub-77824f6d0d4542d282fa48605bce7479.r2.dev/cards/MYL/PRIMERA%20ERA/fc4fbcbd-287f-40ed-9eed-00debd49c503.png
8adccc1e-39f5-4c1f-834a-81411b335523,LPE23 211/300,RUGNIR,2.0,4,,,,LEYENDAS PRIMERA ERA 3.0,3,100,1,https://pub-77824f6d0d4542d282fa48605bce7479.r2.dev/cards/MYL/PRIMERA%20ERA/8adccc1e-39f5-4c1f-834a-81411b335523.png
457f887a-d089-4610-930c-873bcb61b89c,CRPE-08-72,RUGNIR,2.0,4,,,,KIT RACIALES PRIMERA ERA: ABOMINACION,1,2000,1,https://pub-77824f6d0d4542d282fa48605bce7479.r2.dev/cards/MYL/PRIMERA%20ERA/457f887a-d089-4610-930c-873bcb61b89c.png
510cfdb9-f3f2-4d37-bc17-bab529e33588,72 - 126 / PRIMERA EDICION,RUGNIR,2.0,4,,,,COLECCION: RAGNAROK,9,400,2,https://pub-77824f6d0d4542d282fa48605bce7479.r2.dev/cards/MYL/PRIMERA%20ERA/510cfdb9-f3f2-4d37-bc17-bab529e33588.png
f387fdbd-c359-4ec1-bd44-08508fd10695,128 - 236 / PRIMERA EDICION,RUKURU KUBI,1.0,2,,,,COLECCION: ESPIRITU DEL DRAGON,2,200,1,https://pub-77824f6d0d4542d282fa48605bce7479.r2.dev/cards/MYL/PRIMERA%20ERA/f387fdbd-c359-4ec1-bd44-08508fd10695.png
41a5e1c7-4463-4cfc-a6a1-953f22c67753,077 - 126 / PRIMERA ERA,RUMIAHUI,1.0,1,,,,COLECCION: LA IRA DEL NAHUAL,7,200,2,https://pub-77824f6d0d4542d282fa48605bce7479.r2.dev/cards/MYL/PRIMERA%20ERA/41a5e1c7-4463-4cfc-a6a1-953f22c67753.png
37cee715-11c5-4615-80f8-61ca5309d91f,CRPE-31-72,RUNA URUTRUNGU,4.0,2,,,,KIT RACIALES PRIMERA ERA: CHAMAN,3,1500,2,https://pub-77824f6d0d4542d282fa48605bce7479.r2.dev/cards/MYL/PRIMERA%20ERA/37cee715-11c5-4615-80f8-61ca5309d91f.png
6eefc69e-500f-4753-b0ff-08fe914becaa,LPE23 140/300,RUNA URUTRUNGU,4.0,2,,,,LEYENDAS PRIMERA ERA 3.0,30,700,8,https://pub-77824f6d0d4542d282fa48605bce7479.r2.dev/cards/MYL/PRIMERA%20ERA/6eefc69e-500f-4753-b0ff-08fe914becaa.png
f0923f19-cd0d-4da5-bbe3-d0838fa9f9d5,064 - 126 / PRIMERA ERA,RUNA URUTRUNGU,4.0,2,,,,COLECCION: LA IRA DEL NAHUAL,2,500,2,https://pub-77824f6d0d4542d282fa48605bce7479.r2.dev/cards/MYL/PRIMERA%20ERA/f0923f19-cd0d-4da5-bbe3-d0838fa9f9d5.png
3bf7089c-40f1-4ea5-ba20-2c510112fa05,LPE23 159/300,RUNAS,4.0,0,,,,LEYENDAS PRIMERA ERA 3.0,19,600,6,https://pub-77824f6d0d4542d282fa48605bce7479.r2.dev/cards/MYL/PRIMERA%20ERA/3bf7089c-40f1-4ea5-ba20-2c510112fa05.png
0f7243f6-2903-427e-b86a-5cbc85ab4f3e,76 - 126 / PRIMERA EDICION,RUNAS,4.0,0,,,,COLECCION: RAGNAROK,3,100,1,https://pub-77824f6d0d4542d282fa48605bce7479.r2.dev/cards/MYL/PRIMERA%20ERA/0f7243f6-2903-427e-b86a-5cbc85ab4f3e.png
ba444129-e952-4d43-8eec-e2c2846794ec,REX 07/12,RUSALKA,2.0,2,,,,MUNDO MEDIEVAL,13,1500,4,https://pub-77824f6d0d4542d282fa48605bce7479.r2.dev/cards/MYL/PRIMERA%20ERA/ba444129-e952-4d43-8eec-e2c2846794ec.png
f995ba59-0d7b-45f6-acf2-8a64702442e1,MPO 13/18,RUYI JINGU BANG,2.0,0,,,,MUNDOS PERDIDOS: VIAJE AL OESTE,13,1500,6,https://pub-77824f6d0d4542d282fa48605bce7479.r2.dev/cards/MYL/PRIMERA%20ERA/f995ba59-0d7b-45f6-acf2-8a64702442e1.png
45a8eab5-d7aa-4fd5-93c9-c4022bca70a6,PREMIUM LPE25 25,RUYI JINGU BANG,2.0,0,,,,LOOTBOX PRIMERA ERA 2025,13,2000,5,https://pub-77824f6d0d4542d282fa48605bce7479.r2.dev/cards/MYL/PRIMERA%20ERA/45a8eab5-d7aa-4fd5-93c9-c4022bca70a6.png
45206957-9617-42e9-8f7b-012d3d5fa863,16 - 236 / PRIMERA EDICION,RYUJIN,4.0,5,,,,COLECCION: ESPIRITU DEL DRAGON,5,1500,2,https://pub-77824f6d0d4542d282fa48605bce7479.r2.dev/cards/MYL/PRIMERA%20ERA/45206957-9617-42e9-8f7b-012d3d5fa863.png
4bb39bd2-bd89-4f8d-bd8b-569ebcd1b27f,131 - 236 / PRIMERA EDICION,RYUJIN,4.0,5,,,,LEYENDAS PRIMERA ERA 2.0,1,500,1,https://pub-77824f6d0d4542d282fa48605bce7479.r2.dev/cards/MYL/PRIMERA%20ERA/4bb39bd2-bd89-4f8d-bd8b-569ebcd1b27f.png
7f831dfa-8fda-4efe-896e-6bd2e5723977,90 - 170 / FIRST EDITION,RYURIK,4.0,3,,,,,1,2000,1,https://pub-77824f6d0d4542d282fa48605bce7479.r2.dev/pending-versions/b457c3e0-41ed-4a6b-8d6b-438846ff4e1d/1785175695135-0.webp
3f32e932-59ab-446d-b8d4-b1573a436ab8,LPE23 067/300,RYURIK,3.0,2,,,,LEYENDAS PRIMERA ERA 3.0,16,400,3,https://pub-77824f6d0d4542d282fa48605bce7479.r2.dev/cards/MYL/PRIMERA%20ERA/3f32e932-59ab-446d-b8d4-b1573a436ab8.png
c4f3dd64-edee-498d-affd-2a622fcef07e,77 - 126 / PRIMERA EDICION,RYURIK,3.0,2,,,,COLECCION: MUNDO GOTICO,1,100,1,https://pub-77824f6d0d4542d282fa48605bce7479.r2.dev/cards/MYL/PRIMERA%20ERA/c4f3dd64-edee-498d-affd-2a622fcef07e.png
f6b5bb1a-2c5c-4037-8f56-c3ef80375b8f,90 - 170 / PRIMERA EDICION,RYURIK,4.0,3,,,,COLECCION: COFRADIA,3,400,3,https://pub-77824f6d0d4542d282fa48605bce7479.r2.dev/cards/MYL/PRIMERA%20ERA/f6b5bb1a-2c5c-4037-8f56-c3ef80375b8f.png
ee77840a-3ef9-4e1b-9cc4-c2d1f405e481,MPV 12/18,SACAR LA ESPADA,2.0,0,,,,MUNDOS PERDIDOS: LA SAGA DE VOLSUNG,1,1000,1,https://pub-77824f6d0d4542d282fa48605bce7479.r2.dev/cards/MYL/PRIMERA%20ERA/ee77840a-3ef9-4e1b-9cc4-c2d1f405e481.png
00f8be61-a463-4d98-a276-8243eab6a527,LPE23 218/300,SACRIFICIO DE ODIN,3.0,0,,,,LEYENDAS PRIMERA ERA 3.0,11,300,2,https://pub-77824f6d0d4542d282fa48605bce7479.r2.dev/cards/MYL/PRIMERA%20ERA/00f8be61-a463-4d98-a276-8243eab6a527.png
4c4f5cc1-070e-4400-b085-87180f9bed38,48 - 126 / PRIMERA EDICION,SACRIFICIO DE ODIN,3.0,0,,,,COLECCION: RAGNAROK,1,100,1,https://pub-77824f6d0d4542d282fa48605bce7479.r2.dev/cards/MYL/PRIMERA%20ERA/4c4f5cc1-070e-4400-b085-87180f9bed38.png
5713149c-c921-45df-8a96-6b14e2a528da,42 - 170 / PRIMERA EDICION,SACRIFICIO GLADIATORIO,2.0,0,,,,COLECCION: COFRADIA,1,100,1,https://pub-77824f6d0d4542d282fa48605bce7479.r2.dev/cards/MYL/PRIMERA%20ERA/5713149c-c921-45df-8a96-6b14e2a528da.png
7323803e-58c4-4b84-aa38-9bb5c1214668,022 - 126 / PRIMERA ERA,SACRIFICIO GLADIATORIO,4.0,0,,,,COLECCION: LA IRA DEL NAHUAL,1,100,1,https://pub-77824f6d0d4542d282fa48605bce7479.r2.dev/cards/MYL/PRIMERA%20ERA/7323803e-58c4-4b84-aa38-9bb5c1214668.png
f68e391f-1160-41d5-b951-26471af748fd,LPE23 081/300,SACRIFICIO GLADIATORIO,2.0,0,,,,LEYENDAS PRIMERA ERA 3.0,16,700,3,https://pub-77824f6d0d4542d282fa48605bce7479.r2.dev/cards/MYL/PRIMERA%20ERA/f68e391f-1160-41d5-b951-26471af748fd.png
0f61e749-1c36-48ce-88e9-b2b043427253,010 - 126 / PRIMERA ERA,SACRIFICIO HUMANO,5.0,0,,,,COLECCION: LA IRA DEL NAHUAL,12,2000,5,https://pub-77824f6d0d4542d282fa48605bce7479.r2.dev/cards/MYL/PRIMERA%20ERA/0f61e749-1c36-48ce-88e9-b2b043427253.png
1e58508f-8924-4ffc-a750-44960a1e4b48,10 - 126,SACRIFICIO HUMANO,5.0,0,,,,,3,7500,2,https://pub-77824f6d0d4542d282fa48605bce7479.r2.dev/pending-versions/a09cd627-0dac-4af7-96c4-4501b80b8882/1785720522126-0.webp
27ad769d-ebed-4ab4-915a-ce138839675f,204 - 236 / PRIMERA EDICION,SAI,2.0,0,,,,COLECCION: ESPIRITU DEL DRAGON,15,1000,5,https://pub-77824f6d0d4542d282fa48605bce7479.r2.dev/cards/MYL/PRIMERA%20ERA/27ad769d-ebed-4ab4-915a-ce138839675f.png
5a776edf-ca25-4d41-8fad-ee4c05037b45,LPE23 172/300,SAIMIN NO JUTSU,3.0,0,,,,LEYENDAS PRIMERA ERA 3.0,29,1000,3,https://pub-77824f6d0d4542d282fa48605bce7479.r2.dev/cards/MYL/PRIMERA%20ERA/5a776edf-ca25-4d41-8fad-ee4c05037b45.png
9b7ffd48-c8a4-4cb7-86cf-018f5a5cbdab,LPE4 97/320,SAKURA,,0,,,,LEYENDAS PE 4.0,2,5500,2,https://pub-77824f6d0d4542d282fa48605bce7479.r2.dev/cards/MYL/PRIMERA%20ERA/9b7ffd48-c8a4-4cb7-86cf-018f5a5cbdab.png
55bae569-9e9d-4f7c-96df-4390cc26d981,TKPE24 15/28,SAKURA,,0,,,,TOOLKIT PREMIUM PUERTAS DEL VALHALLA,7,4500,4,https://pub-77824f6d0d4542d282fa48605bce7479.r2.dev/cards/MYL/PRIMERA%20ERA/55bae569-9e9d-4f7c-96df-4390cc26d981.png
01e9c0cd-c663-4f06-a0be-50b6561748fa,EXPE - 120 - 120,SAKURA,,0,,,,KIT EXTENSION PRIMERA ERA: ESPIRITU DEL DRAGON,1,4000,1,https://pub-77824f6d0d4542d282fa48605bce7479.r2.dev/cards/MYL/PRIMERA%20ERA/01e9c0cd-c663-4f06-a0be-50b6561748fa.png
e43ec792-e1dc-4f83-9eba-e1a17710c4db,SECRETA EXCLUSIVA PE 01,SAKURA,,0,,,,PROMOTION PACK,5,10000,2,https://pub-77824f6d0d4542d282fa48605bce7479.r2.dev/pending-versions/0234537c-874b-4084-85eb-8e1f3e22f65c/1788215203449-0.webp
a1473ed3-f42d-4cbf-9970-24f19c71aaac,CRPE2-15-84,SALAMANDRA,2.0,2,,,,KIT RACIALES PRIMERA ERA: BESTIA,2,1000,1,https://pub-77824f6d0d4542d282fa48605bce7479.r2.dev/cards/MYL/PRIMERA%20ERA/a1473ed3-f42d-4cbf-9970-24f19c71aaac.png
19b9941c-9011-439a-8c6a-0953694dba18,EDICION LIMITADA JO,SALEM,2.0,0,,,,,9,4000,4,https://pub-77824f6d0d4542d282fa48605bce7479.r2.dev/pending-versions/a09cd627-0dac-4af7-96c4-4501b80b8882/1783266534968-0.webp
c152e1f0-8292-468f-9082-59efefedbd00,MPS 00/18,SALEM,2.0,0,,,,MUNDOS PERDIDOS: HORRORES DE SALEM,4,1500,1,https://pub-77824f6d0d4542d282fa48605bce7479.r2.dev/cards/MYL/PRIMERA%20ERA/c152e1f0-8292-468f-9082-59efefedbd00.png
e07861d4-8ba8-4935-b0d0-12600cce0c2c,LPE4 120/320,SALEM,2.0,0,,,,LEYENDAS PE 4.0,50,600,8,https://pub-77824f6d0d4542d282fa48605bce7479.r2.dev/cards/MYL/PRIMERA%20ERA/e07861d4-8ba8-4935-b0d0-12600cce0c2c.png
119bdde3-0311-4f04-8251-7d1dccc58a3a,149 - 126 / PRIMERA EDICION,SALOME,3.0,3,,,,COLECCION: MUNDO GOTICO,1,500,1,https://pub-77824f6d0d4542d282fa48605bce7479.r2.dev/cards/MYL/PRIMERA%20ERA/119bdde3-0311-4f04-8251-7d1dccc58a3a.png
fe9dc052-be67-43a5-9613-72bdbbdbe403,CRPE-61-72,SALOME,3.0,3,,,,KIT RACIALES PRIMERA ERA: VAMPIRO,4,3000,1,https://pub-77824f6d0d4542d282fa48605bce7479.r2.dev/cards/MYL/PRIMERA%20ERA/fe9dc052-be67-43a5-9613-72bdbbdbe403.png
d4f98209-f99e-4587-b8cb-8e8234a1005e,62 - 236 / PRIMERA EDICION,SALOME,3.0,3,,,,LEYENDAS PRIMERA ERA 1.0,1,2500,1,https://pub-77824f6d0d4542d282fa48605bce7479.r2.dev/cards/MYL/PRIMERA%20ERA/d4f98209-f99e-4587-b8cb-8e8234a1005e.png
361b834e-bf5d-49a1-99c6-6c08927a9135,MPS 01/18,SAMUEL PARRIS,3.0,3,,,,MUNDOS PERDIDOS: HORRORES DE SALEM,13,1500,4,https://pub-77824f6d0d4542d282fa48605bce7479.r2.dev/cards/MYL/PRIMERA%20ERA/361b834e-bf5d-49a1-99c6-6c08927a9135.png
48cfe0f0-36c2-48c7-ab6f-4f5ef6eb2099,LPE4 172/320,SAMUEL PARRIS,3.0,3,,,,LEYENDAS PE 4.0,39,600,6,https://pub-77824f6d0d4542d282fa48605bce7479.r2.dev/cards/MYL/PRIMERA%20ERA/48cfe0f0-36c2-48c7-ab6f-4f5ef6eb2099.png
5d893877-74a0-48c2-a710-2c9ba9233a59,CRPE4 07 - 117,SAMUEL PARRIS,3.0,3,,,,KIT RACIALES PRIMERA ERA 2025: CAZADOR,11,1500,3,https://pub-77824f6d0d4542d282fa48605bce7479.r2.dev/cards/MYL/PRIMERA%20ERA/5d893877-74a0-48c2-a710-2c9ba9233a59.png
df229421-2f0f-41da-89c7-a641db57581c,HPE 01/21,SAN JORDI,3.0,3,,,,VIGILANTES DE LA NOCHE,11,1000,3,https://pub-77824f6d0d4542d282fa48605bce7479.r2.dev/cards/MYL/PRIMERA%20ERA/df229421-2f0f-41da-89c7-a641db57581c.png
15c5ffbc-3b9c-4775-87e0-5631b39a4d88,LPE4 145/320,SANGRE DE DRAGON,3.0,0,,,,LEYENDAS PE 4.0,42,600,7,https://pub-77824f6d0d4542d282fa48605bce7479.r2.dev/cards/MYL/PRIMERA%20ERA/15c5ffbc-3b9c-4775-87e0-5631b39a4d88.png
8ee37752-d929-4d93-aa67-543abe380b89,MPV 11/18,SANGRE DE DRAGON,3.0,0,,,,MUNDOS PERDIDOS: LA SAGA DE VOLSUNG,12,1500,3,https://pub-77824f6d0d4542d282fa48605bce7479.r2.dev/cards/MYL/PRIMERA%20ERA/8ee37752-d929-4d93-aa67-543abe380b89.png
b5396e25-4083-4306-9ac5-6193e968d185,LPE4 267/320,SANTUARIO DE KASHIMA,5.0,0,,,,LEYENDAS PE 4.0,20,100,1,https://pub-77824f6d0d4542d282fa48605bce7479.r2.dev/cards/MYL/PRIMERA%20ERA/b5396e25-4083-4306-9ac5-6193e968d185.png
72c88cb1-c2ab-4581-a8e0-a322e3a16895,CRPE4 22 - 117,SAQUEADOR LUNAR,3.0,3,,,,KIT RACIALES PRIMERA ERA 2025: LICANTROPO,16,1500,4,https://pub-77824f6d0d4542d282fa48605bce7479.r2.dev/cards/MYL/PRIMERA%20ERA/72c88cb1-c2ab-4581-a8e0-a322e3a16895.png
39627c86-07fb-4c5d-bc07-96ed0c45cae1,MPS 08/18,SARAH GOOD,3.0,3,,,,MUNDOS PERDIDOS: HORRORES DE SALEM,20,1500,3,https://pub-77824f6d0d4542d282fa48605bce7479.r2.dev/cards/MYL/PRIMERA%20ERA/39627c86-07fb-4c5d-bc07-96ed0c45cae1.png
eb56d494-5279-4ff8-ac0b-3d8d82aa859d,EXPE - 30 - 120,SARCOFAGO PROFANO,,0,,,,KIT EXTENSION PRIMERA ERA: MUNDO GOTICO,6,4500,4,https://pub-77824f6d0d4542d282fa48605bce7479.r2.dev/cards/MYL/PRIMERA%20ERA/eb56d494-5279-4ff8-ac0b-3d8d82aa859d.png
67090232-909f-479d-9b85-8bc5d6b20f18,LPE23 313/300,SARCOFAGO PROFANO,,0,,,,LEYENDAS PRIMERA ERA 3.0,1,7000,1,https://pub-77824f6d0d4542d282fa48605bce7479.r2.dev/cards/MYL/PRIMERA%20ERA/67090232-909f-479d-9b85-8bc5d6b20f18.png
73b64858-7278-4222-bfc6-accfcc7055e5,LPE23 230/300,SARUTAHIKO,3.0,2,,,,LEYENDAS PRIMERA ERA 3.0,5,500,2,https://pub-77824f6d0d4542d282fa48605bce7479.r2.dev/cards/MYL/PRIMERA%20ERA/73b64858-7278-4222-bfc6-accfcc7055e5.png
4da2a017-eff2-4670-a0d4-a267ef51de07,CRPE2-67-84,SARUTAHIKO,3.0,2,,,,KIT RACIALES PRIMERA ERA: KAMI,1,1500,1,https://pub-77824f6d0d4542d282fa48605bce7479.r2.dev/cards/MYL/PRIMERA%20ERA/4da2a017-eff2-4670-a0d4-a267ef51de07.png
0bf323b5-ccaa-4ad1-a6dc-df378fa33316,3 - 236 / PRIMERA EDICION,SARUTAHIKO,3.0,2,,,,COLECCION: ESPIRITU DEL DRAGON,1,100,1,https://pub-77824f6d0d4542d282fa48605bce7479.r2.dev/cards/MYL/PRIMERA%20ERA/0bf323b5-ccaa-4ad1-a6dc-df378fa33316.png
93dcc0c9-f7e1-44d5-a3b1-5de0ada5475b,MPRE 03/18,SASNALKAHI,5.0,5,,,,MUNDOS PERDIDOS: NUBE ROJA,27,2000,6,https://pub-77824f6d0d4542d282fa48605bce7479.r2.dev/cards/MYL/PRIMERA%20ERA/93dcc0c9-f7e1-44d5-a3b1-5de0ada5475b.png
48af5c4f-c3d5-488d-b55f-07285cee8ef0,LPE4 122/320,SASQUATCH,2.0,4,,,,LEYENDAS PE 4.0,40,700,6,https://pub-77824f6d0d4542d282fa48605bce7479.r2.dev/cards/MYL/PRIMERA%20ERA/48af5c4f-c3d5-488d-b55f-07285cee8ef0.png
c354ba21-728f-4970-94f9-ba02a85cb206,CRPE3 - 31 - 36,SATIRO,2.0,2,,,,KIT RACIALES PRIMERA ERA: FAERIE,3,2000,2,https://pub-77824f6d0d4542d282fa48605bce7479.r2.dev/cards/MYL/PRIMERA%20ERA/c354ba21-728f-4970-94f9-ba02a85cb206.png
8a07edd3-a246-4a52-ac28-98d58c346995,PREMIUM LPE25 03,SATIRO,2.0,2,,,,LOOTBOX PRIMERA ERA 2025,10,2000,4,https://pub-77824f6d0d4542d282fa48605bce7479.r2.dev/cards/MYL/PRIMERA%20ERA/8a07edd3-a246-4a52-ac28-98d58c346995.png
fefe111a-0141-4929-88db-5e5596ea4261,EXPE - 33 - 120,SCARLET,4.0,2,,,,KIT EXTENSION PRIMERA ERA: MUNDO GOTICO,3,1000,1,https://pub-77824f6d0d4542d282fa48605bce7479.r2.dev/cards/MYL/PRIMERA%20ERA/fefe111a-0141-4929-88db-5e5596ea4261.png
4b696ba8-9a47-4608-8b2a-cdeb965cbecb,MPDI 18/18,SEDNA,3.0,2,,,,MUNDOS PERDIDOS: ALIENTO DE FUEGO,54,2000,11,https://pub-77824f6d0d4542d282fa48605bce7479.r2.dev/pending-versions/b457c3e0-41ed-4a6b-8d6b-438846ff4e1d/1785710506429-0.webp
422d9715-1577-4dd7-adb3-690f520ffc43,LBPE24-16-21,SEIDR,1.0,0,,,,LOOTBOX PRIMERA ERA 2024,1,1000,1,https://pub-77824f6d0d4542d282fa48605bce7479.r2.dev/cards/MYL/PRIMERA%20ERA/422d9715-1577-4dd7-adb3-690f520ffc43.png
e018cea1-7c71-4ac3-b7ae-6f32646936d3,CRPE4 09 - 117,SELENA,3.0,3,,,,KIT RACIALES PRIMERA ERA 2025: CAZADOR,12,3500,3,https://pub-77824f6d0d4542d282fa48605bce7479.r2.dev/cards/MYL/PRIMERA%20ERA/e018cea1-7c71-4ac3-b7ae-6f32646936d3.png
80445cee-64be-4e67-bcea-16114543a01b,EDICION LIMITADA JO,SELENA,3.0,3,,,,,13,5000,5,https://pub-77824f6d0d4542d282fa48605bce7479.r2.dev/pending-versions/a09cd627-0dac-4af7-96c4-4501b80b8882/1783265534245-0.webp
a3b7bd54-247b-4290-a779-69b12840de7b,235 - 236 / PRIMERA EDICION,SELLO IMPERIAL DE JADE,,0,,,,,5,5000,2,https://pub-77824f6d0d4542d282fa48605bce7479.r2.dev/pending-versions/a09cd627-0dac-4af7-96c4-4501b80b8882/1783276156291-0.webp
fd24effd-4145-4235-bd1b-ac769de54ecd,235 - 236 / PRIMERA EDICION,SELLO IMPERIAL DE JADE,,0,,,,COLECCION: ESPIRITU DEL DRAGON,8,400,2,https://pub-77824f6d0d4542d282fa48605bce7479.r2.dev/cards/MYL/PRIMERA%20ERA/fd24effd-4145-4235-bd1b-ac769de54ecd.png
3b452ffa-122a-4f99-b11b-134d051418c4,CRPE5 69 - 84,SENGEN,4.0,4,,,,KIT RACIALES PRIMERA ERA 2025: KAMI,5,7000,1,https://pub-77824f6d0d4542d282fa48605bce7479.r2.dev/cards/MYL/PRIMERA%20ERA/3b452ffa-122a-4f99-b11b-134d051418c4.png
57245889-e5ba-42f8-ab3f-cc950c1b5aa3,11 - 126 / PRIMERA EDICION,SER ABOMINABLE,3.0,0,,,,COLECCION: EL RETO,2,1500,2,https://pub-77824f6d0d4542d282fa48605bce7479.r2.dev/cards/MYL/PRIMERA%20ERA/57245889-e5ba-42f8-ab3f-cc950c1b5aa3.png
d1a5c7b4-eb45-42d9-a9ba-34adbac43c89,25 ANIVERSARIO 05/25,SER ABOMINABLE,3.0,0,,,,ANIVERSARIO 25 ANOS,16,4500,5,https://pub-77824f6d0d4542d282fa48605bce7479.r2.dev/cards/MYL/PRIMERA%20ERA/d1a5c7b4-eb45-42d9-a9ba-34adbac43c89.png
49aba1d9-dbaf-4f8b-b659-097defede636,12 - 236 / PRIMERA EDICION,SER ABOMINABLE,3.0,0,,,,LEYENDAS PRIMERA ERA 1.0,1,2000,1,https://pub-77824f6d0d4542d282fa48605bce7479.r2.dev/cards/MYL/PRIMERA%20ERA/49aba1d9-dbaf-4f8b-b659-097defede636.png
e58dd190-678e-40e8-8d03-96f89a2ec971,LPE23 150/300,SERMILIK,3.0,4,,,,LEYENDAS PRIMERA ERA 3.0,25,900,7,https://pub-77824f6d0d4542d282fa48605bce7479.r2.dev/cards/MYL/PRIMERA%20ERA/e58dd190-678e-40e8-8d03-96f89a2ec971.png
1aeadb37-94e3-4358-be30-ab4b1e521db6,XINNIAN 2 24/30,SERPIENTE,,0,,,,XINNIAN 2: ANO DE LA SERPIENTE,9,1000,2,https://pub-77824f6d0d4542d282fa48605bce7479.r2.dev/cards/MYL/PRIMERA%20ERA/1aeadb37-94e3-4358-be30-ab4b1e521db6.png
063a067f-bd17-4d3d-8e77-ff85878bacd5,XINNIAN 25/32,SERPIENTE,,0,,,,XINNIAN: ANO DEL DRAGON,5,1000,2,https://pub-77824f6d0d4542d282fa48605bce7479.r2.dev/cards/MYL/PRIMERA%20ERA/063a067f-bd17-4d3d-8e77-ff85878bacd5.png
71c0119b-f7e6-4cdf-958f-cd3f13d8d989,XINNIAN 3 24/30,SERPIENTE,,0,,,,XINNIAN 3: ANO DEL CABALLO,15,1000,2,https://pub-77824f6d0d4542d282fa48605bce7479.r2.dev/cards/MYL/PRIMERA%20ERA/71c0119b-f7e6-4cdf-958f-cd3f13d8d989.png
42f3f8d2-35ff-4b93-b487-915b4aa591a2,LPE4 236/320,SERPIENTE EMPLUMADA,1.0,1,,,,LEYENDAS PE 4.0,20,100,1,https://pub-77824f6d0d4542d282fa48605bce7479.r2.dev/cards/MYL/PRIMERA%20ERA/42f3f8d2-35ff-4b93-b487-915b4aa591a2.png
3557e001-95aa-438a-afd4-021ae17bb4ef,EXPE - 53 - 120,SERPIENTE EMPLUMADA,1.0,1,,,,KIT EXTENSION PRIMERA ERA: LA IRA DEL NAHUAL,10,1000,1,https://pub-77824f6d0d4542d282fa48605bce7479.r2.dev/cards/MYL/PRIMERA%20ERA/3557e001-95aa-438a-afd4-021ae17bb4ef.png
d281d51f-af83-4539-965f-f3b5a41a3b9f,LPE4 276/320,SETH,1.0,0,,,,LEYENDAS PE 4.0,20,100,1,https://pub-77824f6d0d4542d282fa48605bce7479.r2.dev/cards/MYL/PRIMERA%20ERA/d281d51f-af83-4539-965f-f3b5a41a3b9f.png
6e04bc31-bab1-4259-bffe-27495e381aa5,45 - 236 / PRIMERA EDICION,SHA HESHANG,2.0,2,,,,COLECCION: ESPIRITU DEL DRAGON,3,800,2,https://pub-77824f6d0d4542d282fa48605bce7479.r2.dev/cards/MYL/PRIMERA%20ERA/6e04bc31-bab1-4259-bffe-27495e381aa5.png
cd65d9da-b7c1-44e5-a791-8b5398d8aee2,CRPE2-74-84,SHA HESHANG,2.0,2,,,,KIT RACIALES PRIMERA ERA: XIAN,2,1000,2,https://pub-77824f6d0d4542d282fa48605bce7479.r2.dev/cards/MYL/PRIMERA%20ERA/cd65d9da-b7c1-44e5-a791-8b5398d8aee2.png
a8c891d8-1337-4d8b-ba18-5348b45c46f0,CRPE5 42 - 84,SHA WUJING,2.0,3,,,,KIT RACIALES PRIMERA ERA 2025: CAMPEON,12,1500,3,https://pub-77824f6d0d4542d282fa48605bce7479.r2.dev/cards/MYL/PRIMERA%20ERA/a8c891d8-1337-4d8b-ba18-5348b45c46f0.png
a953d0ef-098b-4dc6-b928-fd399a3afcae,MPO 02/18,SHA WUJING,2.0,3,,,,MUNDOS PERDIDOS: VIAJE AL OESTE,16,1500,6,https://pub-77824f6d0d4542d282fa48605bce7479.r2.dev/cards/MYL/PRIMERA%20ERA/a953d0ef-098b-4dc6-b928-fd399a3afcae.png
120ecf46-069f-4ee6-9cd1-f1d01a07b13a,MPT-06-18,SHANGO,3.0,3,,,,MUNDOS PERDIDOS: SENORES DEL TRUENO,10,1000,3,https://pub-77824f6d0d4542d282fa48605bce7479.r2.dev/cards/MYL/PRIMERA%20ERA/120ecf46-069f-4ee6-9cd1-f1d01a07b13a.png
3b916209-95fd-4eeb-8d80-47d4646aef95,XINNIAN 2 00/30,SHE NIAN,3.0,0,,,,XINNIAN 2: ANO DE LA SERPIENTE,15,2500,2,https://pub-77824f6d0d4542d282fa48605bce7479.r2.dev/cards/MYL/PRIMERA%20ERA/3b916209-95fd-4eeb-8d80-47d4646aef95.png
2bb96c88-ccae-4d86-a14e-ab1745e9988a,CRPE2-76-84,SHEN YI,1.0,1,,,,KIT RACIALES PRIMERA ERA: XIAN,6,800,3,https://pub-77824f6d0d4542d282fa48605bce7479.r2.dev/cards/MYL/PRIMERA%20ERA/2bb96c88-ccae-4d86-a14e-ab1745e9988a.png
ad4ddc7a-f532-481f-8b91-cca9d7375e94,LPE23 107/300,SHEN YI,1.0,1,,,,LEYENDAS PRIMERA ERA 3.0,31,700,8,https://pub-77824f6d0d4542d282fa48605bce7479.r2.dev/cards/MYL/PRIMERA%20ERA/ad4ddc7a-f532-481f-8b91-cca9d7375e94.png
9f04e286-733b-40ae-a778-7eb6b75cff6f,52 - 236 / PRIMERA EDICION,SHEN YI,1.0,1,,,,COLECCION: ESPIRITU DEL DRAGON,2,400,2,https://pub-77824f6d0d4542d282fa48605bce7479.r2.dev/cards/MYL/PRIMERA%20ERA/9f04e286-733b-40ae-a778-7eb6b75cff6f.png
d1954a46-34d6-4a2d-8326-ea21ae18fc08,XINNIAN 33/32,SHEN YI,1.0,1,,,,XINNIAN: ANO DEL DRAGON,8,3500,2,https://pub-77824f6d0d4542d282fa48605bce7479.r2.dev/cards/MYL/PRIMERA%20ERA/d1954a46-34d6-4a2d-8326-ea21ae18fc08.png
32b4036f-e0e1-4389-a0a9-2ce1213a1a03,EXPE - 3 - 120,SHENLONG,3.0,3,,,,KIT EXTENSION PRIMERA ERA: EL RETO,11,2000,4,https://pub-77824f6d0d4542d282fa48605bce7479.r2.dev/cards/MYL/PRIMERA%20ERA/32b4036f-e0e1-4389-a0a9-2ce1213a1a03.png
b73582f2-9f45-452f-885c-b33aee5ea6ef,EXPE - 101 - 120,SHENSHU Y YULU,2.0,2,,,,KIT EXTENSION PRIMERA ERA: ESPIRITU DEL DRAGON,4,2000,1,https://pub-77824f6d0d4542d282fa48605bce7479.r2.dev/cards/MYL/PRIMERA%20ERA/b73582f2-9f45-452f-885c-b33aee5ea6ef.png
7880dbdc-b546-4052-9437-bf812af94e9d,CRPE5 73 - 84,SHENSHU Y YULU,2.0,2,,,,KIT RACIALES PRIMERA ERA 2025: XIAN,1,2000,1,https://pub-77824f6d0d4542d282fa48605bce7479.r2.dev/cards/MYL/PRIMERA%20ERA/7880dbdc-b546-4052-9437-bf812af94e9d.png
2a28be1f-37b2-4afc-8d14-62ab85bfafef,LPE4 210/320,SHENSHU Y YULU,2.0,2,,,,LEYENDAS PE 4.0,41,600,7,https://pub-77824f6d0d4542d282fa48605bce7479.r2.dev/cards/MYL/PRIMERA%20ERA/2a28be1f-37b2-4afc-8d14-62ab85bfafef.png
33a8dd0e-58f2-40c7-9074-909dcb4a42a3,XINNIAN 2 14/30,SHEQUAN,3.0,0,,,,XINNIAN 2: ANO DE LA SERPIENTE,11,1500,2,https://pub-77824f6d0d4542d282fa48605bce7479.r2.dev/cards/MYL/PRIMERA%20ERA/33a8dd0e-58f2-40c7-9074-909dcb4a42a3.png
8a416890-69d8-4815-9e10-9b794a5f5dfd,CRPE2-70-84,SHINIGAMI,3.0,3,,,,KIT RACIALES PRIMERA ERA: KAMI,2,1500,2,https://pub-77824f6d0d4542d282fa48605bce7479.r2.dev/cards/MYL/PRIMERA%20ERA/8a416890-69d8-4815-9e10-9b794a5f5dfd.png
f5355043-6318-4efa-8467-47fc091a7f1a,CRPE2-45-84,SHINOBI,1.0,0,,,,KIT RACIALES PRIMERA ERA: CAMPEON,10,1500,3,https://pub-77824f6d0d4542d282fa48605bce7479.r2.dev/cards/MYL/PRIMERA%20ERA/f5355043-6318-4efa-8467-47fc091a7f1a.png
ab0d0a9a-1083-465b-99f4-64b3dc03ef1f,LPE23 287/300,SHINOBI,1.0,0,,,,LEYENDAS PRIMERA ERA 3.0,6,100,1,https://pub-77824f6d0d4542d282fa48605bce7479.r2.dev/cards/MYL/PRIMERA%20ERA/ab0d0a9a-1083-465b-99f4-64b3dc03ef1f.png
18780fd9-8f3b-4441-b3ba-84262f7af1c5,PROMOCIONAL LPE25 21,SHINOBI,1.0,0,,,,LOOTBOX PRIMERA ERA 2025,19,2500,5,https://pub-77824f6d0d4542d282fa48605bce7479.r2.dev/cards/MYL/PRIMERA%20ERA/18780fd9-8f3b-4441-b3ba-84262f7af1c5.png
d002e4ed-ee17-41d2-bc18-ba6f9a34ee00,98 - 236 / PRIMERA EDICION,SHINOBI,1.0,0,,,,COLECCION: ESPIRITU DEL DRAGON,5,200,2,https://pub-77824f6d0d4542d282fa48605bce7479.r2.dev/cards/MYL/PRIMERA%20ERA/d002e4ed-ee17-41d2-bc18-ba6f9a34ee00.png
91c7863b-ade8-4a74-8991-79add1387d51,CRPE2-42-84,SHIRO AMAKUSA,2.0,2,,,,KIT RACIALES PRIMERA ERA: CAMPEON,7,1000,4,https://pub-77824f6d0d4542d282fa48605bce7479.r2.dev/cards/MYL/PRIMERA%20ERA/91c7863b-ade8-4a74-8991-79add1387d51.png
af2d47b7-a9dc-4e67-ab1a-9988b93db18a,75 - 236 / PRIMERA EDICION,SHIRO AMAKUSA,2.0,2,,,,COLECCION: ESPIRITU DEL DRAGON,2,700,2,https://pub-77824f6d0d4542d282fa48605bce7479.r2.dev/cards/MYL/PRIMERA%20ERA/af2d47b7-a9dc-4e67-ab1a-9988b93db18a.png
713ac280-f9f5-4431-968a-adc7b9de9491,LBPE25 19/21,SHOJO,3.0,3,,,,LOOTBOX PRIMERA ERA 2025,14,1500,4,https://pub-77824f6d0d4542d282fa48605bce7479.r2.dev/cards/MYL/PRIMERA%20ERA/713ac280-f9f5-4431-968a-adc7b9de9491.png
1294691a-038c-4182-a383-15ab5780f4e3,EDICION LIMITADA JO,SHUAI JIAO,3.0,0,,,,,5,5000,2,https://pub-77824f6d0d4542d282fa48605bce7479.r2.dev/pending-versions/a09cd627-0dac-4af7-96c4-4501b80b8882/1783267316953-0.webp
db96c4e3-08ae-4c0e-b3ba-5f909aee6b43,LPE23 321/300,SHUAI JIAO,3.0,0,,,,LEYENDAS PRIMERA ERA 3.0,8,2500,3,https://pub-77824f6d0d4542d282fa48605bce7479.r2.dev/cards/MYL/PRIMERA%20ERA/db96c4e3-08ae-4c0e-b3ba-5f909aee6b43.png
413fd234-c630-4c5c-8efc-dd4706db4a20,EXPE - 111 - 120,SHUAI JIAO,3.0,0,,,,KIT EXTENSION PRIMERA ERA: ESPIRITU DEL DRAGON,7,3000,2,https://pub-77824f6d0d4542d282fa48605bce7479.r2.dev/cards/MYL/PRIMERA%20ERA/413fd234-c630-4c5c-8efc-dd4706db4a20.png
6de1c53d-bd66-46ed-b427-eb7fdef1e39f,099 - 126 / PRIMERA ERA,SHUAR,2.0,2,,,,COLECCION: LA IRA DEL NAHUAL,1,100,1,https://pub-77824f6d0d4542d282fa48605bce7479.r2.dev/cards/MYL/PRIMERA%20ERA/6de1c53d-bd66-46ed-b427-eb7fdef1e39f.png
a615b372-90e5-422c-94c1-bb165ddd07e1,CRPE2-26-84,SHUAR,2.0,2,,,,KIT RACIALES PRIMERA ERA: GUERRERO,2,2000,2,https://pub-77824f6d0d4542d282fa48605bce7479.r2.dev/cards/MYL/PRIMERA%20ERA/a615b372-90e5-422c-94c1-bb165ddd07e1.png
c40565c0-9e0d-4377-9151-1d2288aad4de,44 - 170 / PRIMERA EDICION,SHUAR,2.0,2,,,,COLECCION: COFRADIA,3,800,3,https://pub-77824f6d0d4542d282fa48605bce7479.r2.dev/cards/MYL/PRIMERA%20ERA/c40565c0-9e0d-4377-9151-1d2288aad4de.png
1a440be7-1dea-45f9-bf56-03ad6857e818,VPE 02,SHUAR,2.0,2,,,,,19,5000,5,https://pub-77824f6d0d4542d282fa48605bce7479.r2.dev/pending-versions/a09cd627-0dac-4af7-96c4-4501b80b8882/1783272339737-0.webp
77ba359a-fce9-418b-813e-ef8f7caa8830,LPE23 022/300,SHUAR,2.0,2,,,,LEYENDAS PRIMERA ERA 3.0,7,2000,3,https://pub-77824f6d0d4542d282fa48605bce7479.r2.dev/cards/MYL/PRIMERA%20ERA/77ba359a-fce9-418b-813e-ef8f7caa8830.png
d667cff0-dfc7-4fb7-9511-c2d8d60f1067,209 - 236 / PRIMERA EDICION,SHURIKEN,2.0,0,,,,COLECCION: ESPIRITU DEL DRAGON,3,800,2,https://pub-77824f6d0d4542d282fa48605bce7479.r2.dev/cards/MYL/PRIMERA%20ERA/d667cff0-dfc7-4fb7-9511-c2d8d60f1067.png
a2a736f2-73f1-4e16-87d9-a73ca2b69b8d,MPSG 04/18,SIEGFRIED,,0,,,,MUNDOS PERDIDOS: LOCURA DE DRAGON,32,2000,6,https://pub-77824f6d0d4542d282fa48605bce7479.r2.dev/pending-versions/b457c3e0-41ed-4a6b-8d6b-438846ff4e1d/1785701592942-0.webp
e01e5611-14f2-44f2-a6ca-f54ab467b345,CRPE-40-72,SIF,2.0,2,,,,KIT RACIALES PRIMERA ERA: DIOS,1,2500,1,https://pub-77824f6d0d4542d282fa48605bce7479.r2.dev/cards/MYL/PRIMERA%20ERA/e01e5611-14f2-44f2-a6ca-f54ab467b345.png
45c063f8-6f0e-4c18-bdbd-420d3db4a2e7,LPE23 276/300,SIF,2.0,2,,,,LEYENDAS PRIMERA ERA 3.0,9,100,1,https://pub-77824f6d0d4542d282fa48605bce7479.r2.dev/cards/MYL/PRIMERA%20ERA/45c063f8-6f0e-4c18-bdbd-420d3db4a2e7.png
7457a514-a6cb-4496-b65e-a60318fe84d6,MPV 18/18,SIF,2.0,2,,,,MUNDOS PERDIDOS: LA SAGA DE VOLSUNG,1,2000,1,https://pub-77824f6d0d4542d282fa48605bce7479.r2.dev/cards/MYL/PRIMERA%20ERA/7457a514-a6cb-4496-b65e-a60318fe84d6.png
e117e707-5737-47e2-9f67-accef0fcdfcb,92 - 126 / PRIMERA EDICION,SIF,2.0,2,,,,COLECCION: RAGNAROK,2,400,2,https://pub-77824f6d0d4542d282fa48605bce7479.r2.dev/cards/MYL/PRIMERA%20ERA/e117e707-5737-47e2-9f67-accef0fcdfcb.png
9034da53-e591-4500-b5ff-b512b5c3e489,MPDI 09/18,SIGENOT,,0,,,,MUNDOS PERDIDOS: ALIENTO DE FUEGO,40,2000,9,https://pub-77824f6d0d4542d282fa48605bce7479.r2.dev/pending-versions/b457c3e0-41ed-4a6b-8d6b-438846ff4e1d/1785710971653-0.webp
6f382534-8804-4f71-b53e-914a8a0dcab6,ANIVERSARIO LPE25 17,SIGMUND,3.0,3,,,,,1,5000,1,https://pub-77824f6d0d4542d282fa48605bce7479.r2.dev/cards/MYL/PRIMERA%20ERA/6f382534-8804-4f71-b53e-914a8a0dcab6.png
f641e0b4-d94f-45a5-b50f-943d3a78c507,MPV 05/18,SIGMUND,3.0,3,,,,MUNDOS PERDIDOS: LA SAGA DE VOLSUNG,1,2000,1,https://pub-77824f6d0d4542d282fa48605bce7479.r2.dev/cards/MYL/PRIMERA%20ERA/f641e0b4-d94f-45a5-b50f-943d3a78c507.png
98661bc4-bf32-4bc7-a6b3-926e9c068496,COLECCIONISTA VICTORIOSA PE 11,SIGNY,2.0,2,,,,,1,20000,1,https://pub-77824f6d0d4542d282fa48605bce7479.r2.dev/pending-versions/a09cd627-0dac-4af7-96c4-4501b80b8882/1787449387835-0.webp
c1f877d5-f860-4c85-a08d-b909ef0f3a6b,CRPE4 089 - 117,SIGNY,2.0,2,,,,KIT RACIALES PRIMERA ERA 2025: BARBARO,11,1500,3,https://pub-77824f6d0d4542d282fa48605bce7479.r2.dev/cards/MYL/PRIMERA%20ERA/c1f877d5-f860-4c85-a08d-b909ef0f3a6b.png
d492a69f-97cc-4f88-8d21-73132b5f901b,MPV 06/18,SIGNY,2.0,2,,,,MUNDOS PERDIDOS: LA SAGA DE VOLSUNG,3,2000,1,https://pub-77824f6d0d4542d282fa48605bce7479.r2.dev/cards/MYL/PRIMERA%20ERA/d492a69f-97cc-4f88-8d21-73132b5f901b.png
67077c03-e034-4cff-95ed-537bfb5382a6,LPE4 199/320,SIGNY,2.0,2,,,,LEYENDAS PE 4.0,42,600,6,https://pub-77824f6d0d4542d282fa48605bce7479.r2.dev/cards/MYL/PRIMERA%20ERA/67077c03-e034-4cff-95ed-537bfb5382a6.png
2c78a37b-d81c-4b5d-9223-a770ad78a8f2,EDICION LIMITADA JO,SIGNY,2.0,2,,,,,11,4500,4,https://pub-77824f6d0d4542d282fa48605bce7479.r2.dev/pending-versions/a09cd627-0dac-4af7-96c4-4501b80b8882/1783273737977-0.webp
b8d5b386-2315-42c8-a017-4ff824fc8e31,CRPE3 - 04 - 36,SIGURD,3.0,3,,,,KIT RACIALES PRIMERA ERA: CABALLERO,7,1500,2,https://pub-77824f6d0d4542d282fa48605bce7479.r2.dev/cards/MYL/PRIMERA%20ERA/b8d5b386-2315-42c8-a017-4ff824fc8e31.png
b53014e7-f307-4bea-8ded-29de918a991c,LPE4 162/320,SIGURD,3.0,3,,,,LEYENDAS PE 4.0,43,500,8,https://pub-77824f6d0d4542d282fa48605bce7479.r2.dev/cards/MYL/PRIMERA%20ERA/b53014e7-f307-4bea-8ded-29de918a991c.png
f00109ea-af14-4a42-872d-31852146db68,141 - 126 / PRIMERA EDICION,SIGURD,3.0,3,,,,COLECCION: EL RETO,1,500,1,https://pub-77824f6d0d4542d282fa48605bce7479.r2.dev/cards/MYL/PRIMERA%20ERA/f00109ea-af14-4a42-872d-31852146db68.png
e9204f1c-df63-4cb9-8db4-0034957db692,PREMIUM LPE25 01,SIGURD,3.0,3,,,,LOOTBOX PRIMERA ERA 2025,21,1500,4,https://pub-77824f6d0d4542d282fa48605bce7479.r2.dev/cards/MYL/PRIMERA%20ERA/e9204f1c-df63-4cb9-8db4-0034957db692.png
481ef540-ff66-4edb-ab4d-e4eaa8bafbdf,CRPE4 095 - 117,SIGURD RAGNARSSON,4.0,4,,,,KIT RACIALES PRIMERA ERA 2025: BARBARO,16,1500,3,https://pub-77824f6d0d4542d282fa48605bce7479.r2.dev/cards/MYL/PRIMERA%20ERA/481ef540-ff66-4edb-ab4d-e4eaa8bafbdf.png
a1939280-20ad-4446-9eb8-1de87f0fbc66,LPE4 198/320,SIGURD RING,2.0,2,,,,LEYENDAS PE 4.0,59,600,6,https://pub-77824f6d0d4542d282fa48605bce7479.r2.dev/cards/MYL/PRIMERA%20ERA/a1939280-20ad-4446-9eb8-1de87f0fbc66.png
2def6f0a-b562-4a00-b827-2a9e7715debb,MPV 04/18,SIGURD RING,2.0,2,,,,MUNDOS PERDIDOS: LA SAGA DE VOLSUNG,9,2000,2,https://pub-77824f6d0d4542d282fa48605bce7479.r2.dev/cards/MYL/PRIMERA%20ERA/2def6f0a-b562-4a00-b827-2a9e7715debb.png
134327c9-8bc7-4473-91e1-cde094dca4df,CRPE4 088 - 117,SIGURD RING,2.0,2,,,,KIT RACIALES PRIMERA ERA 2025: BARBARO,16,1500,5,https://pub-77824f6d0d4542d282fa48605bce7479.r2.dev/cards/MYL/PRIMERA%20ERA/134327c9-8bc7-4473-91e1-cde094dca4df.png
ae2de598-e021-4d3c-8236-dd59c4f7e557,MPS 03/18,SILENCIO,4.0,3,,,,MUNDOS PERDIDOS: HORRORES DE SALEM,14,1500,3,https://pub-77824f6d0d4542d282fa48605bce7479.r2.dev/cards/MYL/PRIMERA%20ERA/ae2de598-e021-4d3c-8236-dd59c4f7e557.png
a31c01ad-eb18-4708-893e-d7760d769ca5,LPE4 21/320,SILENCIO,4.0,3,,,,LEYENDAS PE 4.0,21,2500,6,https://pub-77824f6d0d4542d282fa48605bce7479.r2.dev/cards/MYL/PRIMERA%20ERA/a31c01ad-eb18-4708-893e-d7760d769ca5.png
2d5b205d-dc2e-4e76-a2fd-144c97546569,CRPE4 06 - 117,SILENCIO,4.0,3,,,,KIT RACIALES PRIMERA ERA 2025: CAZADOR,16,2000,2,https://pub-77824f6d0d4542d282fa48605bce7479.r2.dev/cards/MYL/PRIMERA%20ERA/2d5b205d-dc2e-4e76-a2fd-144c97546569.png
f7706caa-5094-4294-a78f-fe3e0659294a,CRPE4 08 - 117,SILVER,1.0,3,,,,KIT RACIALES PRIMERA ERA 2025: CAZADOR,22,3000,3,https://pub-77824f6d0d4542d282fa48605bce7479.r2.dev/cards/MYL/PRIMERA%20ERA/f7706caa-5094-4294-a78f-fe3e0659294a.png
1f76c080-61bf-42b7-823b-851d0845abfe,CRPE4 71-117,SINCHI ROCA,3.0,3,,,,KIT RACIALES PRIMERA ERA 2025: GUERRERO,13,1500,3,https://pub-77824f6d0d4542d282fa48605bce7479.r2.dev/cards/MYL/PRIMERA%20ERA/1f76c080-61bf-42b7-823b-851d0845abfe.png
6a2df85b-cf03-478c-ba5d-fe3196387571,CRPE3 - 09 - 36,SIR GALAHAD,2.0,2,,,,KIT RACIALES PRIMERA ERA: CABALLERO,4,2000,1,https://pub-77824f6d0d4542d282fa48605bce7479.r2.dev/cards/MYL/PRIMERA%20ERA/6a2df85b-cf03-478c-ba5d-fe3196387571.png
0bcd053a-7ef1-46fd-a201-21186112f97f,LPE4 269/320,SIR GAWAIN,3.0,3,,,,LEYENDAS PE 4.0,20,100,1,https://pub-77824f6d0d4542d282fa48605bce7479.r2.dev/cards/MYL/PRIMERA%20ERA/0bcd053a-7ef1-46fd-a201-21186112f97f.png
33a11595-406a-4514-ab6f-aadd6963d407,EXPE - 12 - 120,SIR GAWAIN,3.0,3,,,,KIT EXTENSION PRIMERA ERA: EL RETO,14,1500,4,https://pub-77824f6d0d4542d282fa48605bce7479.r2.dev/cards/MYL/PRIMERA%20ERA/33a11595-406a-4514-ab6f-aadd6963d407.png
b9a4fdeb-61bb-4f49-8083-c1dcc11790c7,CRPE5 01 - 84,SIR GAWAIN,3.0,3,,,,KIT RACIALES PRIMERA ERA 2025: CABALLERO,11,2000,3,https://pub-77824f6d0d4542d282fa48605bce7479.r2.dev/cards/MYL/PRIMERA%20ERA/b9a4fdeb-61bb-4f49-8083-c1dcc11790c7.png
1c0b4829-69d6-4523-a0e5-ed98461e9f3f,CRPE3 - 10 - 36,SIR TRISTAN,3.0,3,,,,KIT RACIALES PRIMERA ERA: CABALLERO,7,1500,3,https://pub-77824f6d0d4542d282fa48605bce7479.r2.dev/cards/MYL/PRIMERA%20ERA/1c0b4829-69d6-4523-a0e5-ed98461e9f3f.png
093cd7c4-45bc-4928-972a-2371210d0922,146 - 170 / PRIMERA EDICION,SIRENAS,3.0,1,,,,COLECCION: COFRADIA,2,500,1,https://pub-77824f6d0d4542d282fa48605bce7479.r2.dev/cards/MYL/PRIMERA%20ERA/093cd7c4-45bc-4928-972a-2371210d0922.png
07fe301d-787f-474f-b162-1b9354649d3e,37 - 126 / PRIMERA EDICION,SIRENAS,3.0,1,,,,COLECCION: EL RETO,1,100,1,https://pub-77824f6d0d4542d282fa48605bce7479.r2.dev/cards/MYL/PRIMERA%20ERA/07fe301d-787f-474f-b162-1b9354649d3e.png
06a4bbfd-3be0-47a5-b4ca-9f6b00a34f10,EXPE - 87 - 120,SISIUTIL,2.0,2,,,,KIT EXTENSION PRIMERA ERA: COFRADIA,16,1500,5,https://pub-77824f6d0d4542d282fa48605bce7479.r2.dev/cards/MYL/PRIMERA%20ERA/06a4bbfd-3be0-47a5-b4ca-9f6b00a34f10.png
32d26420-dac5-4417-a855-248a0971d354,LPE23 025/300,SISIUTIL,2.0,2,,,,LEYENDAS PRIMERA ERA 3.0,22,2500,4,https://pub-77824f6d0d4542d282fa48605bce7479.r2.dev/cards/MYL/PRIMERA%20ERA/32d26420-dac5-4417-a855-248a0971d354.png
5f70aeb1-2338-46b3-9cec-e8c3184d5948,COLECCIONISTA VICTORIOSA PE 10,SJOTROLLET,4.0,3,,,,,1,20000,1,https://pub-77824f6d0d4542d282fa48605bce7479.r2.dev/pending-versions/a09cd627-0dac-4af7-96c4-4501b80b8882/1787449481734-0.webp
a172675f-f2b2-418b-a6f5-396a8145c4b0,CRPE4 77 - 117,SJOTROLLET,4.0,3,,,,KIT RACIALES PRIMERA ERA 2025: ABOMINACION,9,2000,3,https://pub-77824f6d0d4542d282fa48605bce7479.r2.dev/cards/MYL/PRIMERA%20ERA/a172675f-f2b2-418b-a6f5-396a8145c4b0.png
dfc5e4a4-ec2a-48a8-bbe5-2edf6d9f689a,LPE4 31/320,SJOTROLLET,4.0,3,,,,LEYENDAS PE 4.0,33,2500,6,https://pub-77824f6d0d4542d282fa48605bce7479.r2.dev/cards/MYL/PRIMERA%20ERA/dfc5e4a4-ec2a-48a8-bbe5-2edf6d9f689a.png
84f85c0d-7d9a-4a5c-8d4e-65727d00d378,EXPE - 61 - 120,SJOTROLLET,4.0,3,,,,KIT EXTENSION PRIMERA ERA: RAGNAROK,7,2000,2,https://pub-77824f6d0d4542d282fa48605bce7479.r2.dev/cards/MYL/PRIMERA%20ERA/84f85c0d-7d9a-4a5c-8d4e-65727d00d378.png
7c15e99f-0a57-45c8-a123-69cd73e24f8e,CRPE4 100 - 117,SKADI,3.0,3,,,,KIT RACIALES PRIMERA ERA 2025: DIOS,15,1500,4,https://pub-77824f6d0d4542d282fa48605bce7479.r2.dev/cards/MYL/PRIMERA%20ERA/7c15e99f-0a57-45c8-a123-69cd73e24f8e.png
527d5c55-aa83-4252-a94e-45b8296989c6,EXPE - 71 - 120,SKADI,3.0,3,,,,KIT EXTENSION PRIMERA ERA: RAGNAROK,13,2000,4,https://pub-77824f6d0d4542d282fa48605bce7479.r2.dev/cards/MYL/PRIMERA%20ERA/527d5c55-aa83-4252-a94e-45b8296989c6.png
7bf5cdb1-1e2a-4b9d-b32c-2a1e641bb9b3,106 - 126 / PRIMERA EDICION,SKADI,3.0,3,,,,COLECCION: RAGNAROK,1,100,1,https://pub-77824f6d0d4542d282fa48605bce7479.r2.dev/cards/MYL/PRIMERA%20ERA/7bf5cdb1-1e2a-4b9d-b32c-2a1e641bb9b3.png
1b6f2338-2a4e-494e-91c5-99d7531ac307,LPE4 308/320,SKADI,3.0,3,,,,LEYENDAS PE 4.0,20,100,1,https://pub-77824f6d0d4542d282fa48605bce7479.r2.dev/cards/MYL/PRIMERA%20ERA/1b6f2338-2a4e-494e-91c5-99d7531ac307.png
f1733838-5d85-4f02-b3e7-ad615091119e,LPE23 223/300,SKEGGOX,2.0,0,,,,LEYENDAS PRIMERA ERA 3.0,1,100,1,https://pub-77824f6d0d4542d282fa48605bce7479.r2.dev/cards/MYL/PRIMERA%20ERA/f1733838-5d85-4f02-b3e7-ad615091119e.png
783a1a96-faa2-4ef0-a21c-82f6a02d6927,LPE4 134/320,SKELJUNGUR,4.0,6,,,,LEYENDAS PE 4.0,53,900,9,https://pub-77824f6d0d4542d282fa48605bce7479.r2.dev/cards/MYL/PRIMERA%20ERA/783a1a96-faa2-4ef0-a21c-82f6a02d6927.png
63ad70a8-ed12-4d86-bed4-444dfe6d171f,MPS 04/18,SKINWALKER,2.0,2,,,,MUNDOS PERDIDOS: HORRORES DE SALEM,14,1000,4,https://pub-77824f6d0d4542d282fa48605bce7479.r2.dev/cards/MYL/PRIMERA%20ERA/63ad70a8-ed12-4d86-bed4-444dfe6d171f.png
b52e734f-2310-421c-833e-a48fa99577ff,CRPE4 18 - 117,SKINWALKER,2.0,2,,,,KIT RACIALES PRIMERA ERA 2025: LICANTROPO,13,1500,4,https://pub-77824f6d0d4542d282fa48605bce7479.r2.dev/cards/MYL/PRIMERA%20ERA/b52e734f-2310-421c-833e-a48fa99577ff.png
e9b1f249-a6c0-4f39-9c37-cddb445c5a49,MPRE 16/18,SKO'YO,4.0,4,,,,MUNDOS PERDIDOS: NUBE ROJA,23,2000,5,https://pub-77824f6d0d4542d282fa48605bce7479.r2.dev/cards/MYL/PRIMERA%20ERA/e9b1f249-a6c0-4f39-9c37-cddb445c5a49.png
6b8f4449-916f-4e02-b73b-3a9162d867ea,CRPE4 096 - 117,SKOFNUNG,2.0,0,,,,KIT RACIALES PRIMERA ERA 2025: BARBARO,16,2000,4,https://pub-77824f6d0d4542d282fa48605bce7479.r2.dev/cards/MYL/PRIMERA%20ERA/6b8f4449-916f-4e02-b73b-3a9162d867ea.png
f9b9d061-005a-4e87-9a4d-bead6da02440,LPE23 213/300,SLEIPNIR,1.0,3,,,,LEYENDAS PRIMERA ERA 3.0,4,500,2,https://pub-77824f6d0d4542d282fa48605bce7479.r2.dev/cards/MYL/PRIMERA%20ERA/f9b9d061-005a-4e87-9a4d-bead6da02440.png
13d1290b-e536-45ef-8498-110aae0c4877,71 - 126 / PRIMERA EDICION,SLEIPNIR,1.0,3,,,,COLECCION: RAGNAROK,1,100,1,https://pub-77824f6d0d4542d282fa48605bce7479.r2.dev/cards/MYL/PRIMERA%20ERA/13d1290b-e536-45ef-8498-110aae0c4877.png
b4dfa5b7-317d-4bcb-870c-8c43f6f89a2e,HPE 03/21,SLUAGH,2.0,3,,,,VIGILANTES DE LA NOCHE,11,700,3,https://pub-77824f6d0d4542d282fa48605bce7479.r2.dev/cards/MYL/PRIMERA%20ERA/b4dfa5b7-317d-4bcb-870c-8c43f6f89a2e.png
78a26d77-adac-497e-af68-8d82c16f0c35,MPRE 20/18,SNALLYGASTER,3.0,2,,,,MUNDOS PERDIDOS: NUBE ROJA,5,9500,2,https://pub-77824f6d0d4542d282fa48605bce7479.r2.dev/cards/MYL/PRIMERA%20ERA/78a26d77-adac-497e-af68-8d82c16f0c35.png
023f2167-1f1f-4996-8c0d-6f02b0cc87ec,CRPE-20-72,SOL,3.0,4,,,,KIT RACIALES PRIMERA ERA: BARBARO,3,1500,3,https://pub-77824f6d0d4542d282fa48605bce7479.r2.dev/cards/MYL/PRIMERA%20ERA/023f2167-1f1f-4996-8c0d-6f02b0cc87ec.png
eb0483bd-2077-41d5-a07c-5739ab64ec61,LPE23 156/300,SOL,3.0,4,,,,LEYENDAS PRIMERA ERA 3.0,15,600,5,https://pub-77824f6d0d4542d282fa48605bce7479.r2.dev/cards/MYL/PRIMERA%20ERA/eb0483bd-2077-41d5-a07c-5739ab64ec61.png
c17d6de3-5463-43cf-aa0b-fd3d7cf3ead8,35 - 126 / PRIMERA EDICION,SOL,3.0,4,,,,COLECCION: RAGNAROK,5,800,3,https://pub-77824f6d0d4542d282fa48605bce7479.r2.dev/cards/MYL/PRIMERA%20ERA/c17d6de3-5463-43cf-aa0b-fd3d7cf3ead8.png
285a3995-06af-4afb-a25c-311089c25eed,TKPE25 31/28,SOLARSTEINN,,0,,,,TOOLKIT 2025: VALENTIA Y DESOLACION,10,2500,3,https://pub-77824f6d0d4542d282fa48605bce7479.r2.dev/cards/MYL/PRIMERA%20ERA/285a3995-06af-4afb-a25c-311089c25eed.png
4df72925-484c-4fe9-a668-e710c917520d,ANIVERSARIO LPE25 06,SOLOMON,3.0,2,,,,,2,4000,2,https://pub-77824f6d0d4542d282fa48605bce7479.r2.dev/cards/MYL/PRIMERA%20ERA/4df72925-484c-4fe9-a668-e710c917520d.png
a666e6d0-19b2-4343-8511-11f2b0cbf6eb,CRPE2-10-84,SOLOMON,3.0,2,,,,KIT RACIALES PRIMERA ERA: CAZADOR,4,3000,1,https://pub-77824f6d0d4542d282fa48605bce7479.r2.dev/cards/MYL/PRIMERA%20ERA/a666e6d0-19b2-4343-8511-11f2b0cbf6eb.png
519a99dc-ece3-4c0a-8191-c697d86b1d5a,MPS 16/18,SOLOMON,3.0,2,,,,MUNDOS PERDIDOS: HORRORES DE SALEM,16,2000,3,https://pub-77824f6d0d4542d282fa48605bce7479.r2.dev/cards/MYL/PRIMERA%20ERA/519a99dc-ece3-4c0a-8191-c697d86b1d5a.png
ed78113f-612e-42cf-9a9b-edaeb5e9d249,MPTO 10/18,SOMBRA DEL LOA,2.0,0,,,,MUNDOS PERDIDOS: TOMBSTONE,15,2000,4,https://pub-77824f6d0d4542d282fa48605bce7479.r2.dev/cards/MYL/PRIMERA%20ERA/ed78113f-612e-42cf-9a9b-edaeb5e9d249.png
5c1743c0-f18b-4c94-a25a-05e669622514,HPE 12/21,SOMBRA HAMBRIENTA,2.0,0,,,,VIGILANTES DE LA NOCHE,6,2000,2,https://pub-77824f6d0d4542d282fa48605bce7479.r2.dev/cards/MYL/PRIMERA%20ERA/5c1743c0-f18b-4c94-a25a-05e669622514.png
2329e03d-8e3d-4537-bacf-b8c3702253a2,XINNIAN 2 01/30,SONG JIANG,2.0,4,,,,XINNIAN 2: ANO DE LA SERPIENTE,26,1500,3,https://pub-77824f6d0d4542d282fa48605bce7479.r2.dev/cards/MYL/PRIMERA%20ERA/2329e03d-8e3d-4537-bacf-b8c3702253a2.png
efc245be-efcc-4bcc-a303-b7e0c250f7c4,68 - 170 / FIRST EDITION,SORCERER,,0,,,,,2,3000,1,https://pub-77824f6d0d4542d282fa48605bce7479.r2.dev/pending-versions/b457c3e0-41ed-4a6b-8d6b-438846ff4e1d/1785134539402-0.webp
50ee7ef4-98ad-4341-839a-e99d3dbabefd,93 - 170 / FIRST EDITION,SOTZ' NA,,0,,,,,2,6000,1,https://pub-77824f6d0d4542d282fa48605bce7479.r2.dev/pending-versions/b457c3e0-41ed-4a6b-8d6b-438846ff4e1d/1785134239631-0.webp
ffe3c00d-7400-4222-a03b-7e52e46638d2,EXPE - 93 - 120,SOTZ'NA,2.0,0,,,,KIT EXTENSION PRIMERA ERA: COFRADIA,9,1500,3,https://pub-77824f6d0d4542d282fa48605bce7479.r2.dev/cards/MYL/PRIMERA%20ERA/ffe3c00d-7400-4222-a03b-7e52e46638d2.png
b62a8803-98de-4805-be46-ab61aaaa61f4,LPE23 007/300,SOTZ'NA,2.0,0,,,,LEYENDAS PRIMERA ERA 3.0,11,5500,6,https://pub-77824f6d0d4542d282fa48605bce7479.r2.dev/cards/MYL/PRIMERA%20ERA/b62a8803-98de-4805-be46-ab61aaaa61f4.png
508abc4c-c63a-45d6-8c40-6642ebced7a7,013 - 126 / PRIMERA ERA,SOTZ'NA,2.0,0,,,,COLECCION: LA IRA DEL NAHUAL,1,300,1,https://pub-77824f6d0d4542d282fa48605bce7479.r2.dev/cards/MYL/PRIMERA%20ERA/508abc4c-c63a-45d6-8c40-6642ebced7a7.png
ab6f129c-d28e-40a3-bd7f-c8ade828c71b,LPE4 85/320,SOTZ'NA,2.0,0,,,,LEYENDAS PE 4.0,5,3000,2,https://pub-77824f6d0d4542d282fa48605bce7479.r2.dev/cards/MYL/PRIMERA%20ERA/ab6f129c-d28e-40a3-bd7f-c8ade828c71b.png
e586ffa3-9a1c-4f80-9369-e5243636b730,EDICION LIMITADA JO,SOTZ´NA,,0,,,,,17,4500,3,https://pub-77824f6d0d4542d282fa48605bce7479.r2.dev/pending-versions/a09cd627-0dac-4af7-96c4-4501b80b8882/1783272726395-0.webp
10eca436-f4d8-4159-92be-433d25977ca1,LPE23 072/300,STRIBOG,5.0,0,,,,LEYENDAS PRIMERA ERA 3.0,12,700,3,https://pub-77824f6d0d4542d282fa48605bce7479.r2.dev/cards/MYL/PRIMERA%20ERA/10eca436-f4d8-4159-92be-433d25977ca1.png
bc120fb1-2ac8-4834-85d3-e609e4e49c56,17 - 126 / PRIMERA EDICION,STRIBOG,5.0,0,,,,COLECCION: MUNDO GOTICO,6,500,2,https://pub-77824f6d0d4542d282fa48605bce7479.r2.dev/cards/MYL/PRIMERA%20ERA/bc120fb1-2ac8-4834-85d3-e609e4e49c56.png
cb77192f-6ea3-44b6-a8af-39d28d8575a5,94 - 170 / PRIMERA EDICION,STRIBOG,5.0,0,,,,COLECCION: COFRADIA,7,1500,3,https://pub-77824f6d0d4542d282fa48605bce7479.r2.dev/cards/MYL/PRIMERA%20ERA/cb77192f-6ea3-44b6-a8af-39d28d8575a5.png
60ad0ab3-0a5c-4979-be86-b97f2a158fe4,TKPE2 - 06 - 13,STRIBOG,5.0,0,,,,TOOLKIT: ODIN,14,2500,6,https://pub-77824f6d0d4542d282fa48605bce7479.r2.dev/cards/MYL/PRIMERA%20ERA/60ad0ab3-0a5c-4979-be86-b97f2a158fe4.png
73242025-3dd9-4648-9e4e-e3dab3f84225,SECRETA-DORADA-02,STRIBOG,5.0,0,,,,LOOTBOX PRIMERA ERA 2024,7,5000,2,https://pub-77824f6d0d4542d282fa48605bce7479.r2.dev/cards/MYL/PRIMERA%20ERA/73242025-3dd9-4648-9e4e-e3dab3f84225.png
e5fd9a83-9517-4fc1-b811-32b57ea2aeb9,LPE4 288/320,STRIX,2.0,3,,,,LEYENDAS PE 4.0,20,100,1,https://pub-77824f6d0d4542d282fa48605bce7479.r2.dev/cards/MYL/PRIMERA%20ERA/e5fd9a83-9517-4fc1-b811-32b57ea2aeb9.png
b9c03fd7-298b-469e-b225-4b1f9275a995,75 - 126 / PRIMERA EDICION,STRIX,2.0,3,,,,COLECCION: MUNDO GOTICO,1,100,1,https://pub-77824f6d0d4542d282fa48605bce7479.r2.dev/cards/MYL/PRIMERA%20ERA/b9c03fd7-298b-469e-b225-4b1f9275a995.png
5a94cabb-a938-4961-9fa3-0e2ed7d4bf13,EDICION LIMITADA JO,STRIX,2.0,3,,,,,12,3500,5,https://pub-77824f6d0d4542d282fa48605bce7479.r2.dev/pending-versions/a09cd627-0dac-4af7-96c4-4501b80b8882/1783265257318-0.webp
0a8137fe-e7a7-4c4e-89e2-3f478b646e96,MPC 10/18,SUBIR EL VOLCAN,1.0,0,,,,MUNDOS PERDIDOS: CIUDAD DE LOS CESARES,21,1500,3,https://pub-77824f6d0d4542d282fa48605bce7479.r2.dev/cards/MYL/PRIMERA%20ERA/0a8137fe-e7a7-4c4e-89e2-3f478b646e96.png
ef94afe2-f668-47ec-9cc9-f61766edf757,CRPE2-71-84,SUIJIN,1.0,2,,,,KIT RACIALES PRIMERA ERA: KAMI,1,1000,1,https://pub-77824f6d0d4542d282fa48605bce7479.r2.dev/cards/MYL/PRIMERA%20ERA/ef94afe2-f668-47ec-9cc9-f61766edf757.png
b67ce405-6598-44cd-9744-4763fce28e1c,CRPE5 64 - 84,SUIJIN,1.0,2,,,,KIT RACIALES PRIMERA ERA 2025: KAMI,6,2000,2,https://pub-77824f6d0d4542d282fa48605bce7479.r2.dev/cards/MYL/PRIMERA%20ERA/b67ce405-6598-44cd-9744-4763fce28e1c.png
f0e20d3a-85c3-4f7f-a063-18c55ff91b9d,PREMIUM PE-015,SUIJIN,1.0,2,,,,LOOTBOX PRIMERA ERA 2024,8,2500,2,https://pub-77824f6d0d4542d282fa48605bce7479.r2.dev/cards/MYL/PRIMERA%20ERA/f0e20d3a-85c3-4f7f-a063-18c55ff91b9d.png
d98ff5db-a168-4949-8471-c7905511b405,196 - 236 / PRIMERA EDICION,SUN,4.0,0,,,,COLECCION: ESPIRITU DEL DRAGON,1,1000,1,https://pub-77824f6d0d4542d282fa48605bce7479.r2.dev/cards/MYL/PRIMERA%20ERA/d98ff5db-a168-4949-8471-c7905511b405.png
930374f4-463c-44bb-8be1-1f6c1c7258c9,53 - 236 / PRIMERA EDICION,SUN WU KUNG,4.0,1,,,,COLECCION: ESPIRITU DEL DRAGON,1,1000,1,https://pub-77824f6d0d4542d282fa48605bce7479.r2.dev/cards/MYL/PRIMERA%20ERA/930374f4-463c-44bb-8be1-1f6c1c7258c9.png
31f929d8-9e1a-4ac4-8fef-c3710111c2ab,CRPE5 78 - 84,SUN WUKONG,3.0,3,,,,KIT RACIALES PRIMERA ERA 2025: XIAN,10,2000,2,https://pub-77824f6d0d4542d282fa48605bce7479.r2.dev/cards/MYL/PRIMERA%20ERA/31f929d8-9e1a-4ac4-8fef-c3710111c2ab.png
20845292-5c39-4c63-9964-cb7637125867,MPO 07/18,SUN WUKONG,3.0,3,,,,MUNDOS PERDIDOS: VIAJE AL OESTE,19,1500,7,https://pub-77824f6d0d4542d282fa48605bce7479.r2.dev/cards/MYL/PRIMERA%20ERA/20845292-5c39-4c63-9964-cb7637125867.png
719a730d-aa00-4128-b11f-b9733e97f031,LPE4 311/320,SUPLICIO DE LOKI,3.0,0,,,,LEYENDAS PE 4.0,20,100,1,https://pub-77824f6d0d4542d282fa48605bce7479.r2.dev/cards/MYL/PRIMERA%20ERA/719a730d-aa00-4128-b11f-b9733e97f031.png
ea8ac410-b7a5-4659-9dc4-e88dbfc1b329,LPE23 271/300,SURT,2.0,2,,,,LEYENDAS PRIMERA ERA 3.0,4,100,1,https://pub-77824f6d0d4542d282fa48605bce7479.r2.dev/cards/MYL/PRIMERA%20ERA/ea8ac410-b7a5-4659-9dc4-e88dbfc1b329.png
b2b5b305-8548-4d51-8548-340e195432d2,73 - 126 / PRIMERA EDICION,SURT,2.0,2,,,,COLECCION: RAGNAROK,12,200,2,https://pub-77824f6d0d4542d282fa48605bce7479.r2.dev/cards/MYL/PRIMERA%20ERA/b2b5b305-8548-4d51-8548-340e195432d2.png
ddd0f438-db52-4566-9888-5a4a8cb867f2,15 - 236 / PRIMERA EDICION,SUSANO WA,6.0,6,,,,COLECCION: ESPIRITU DEL DRAGON,1,500,1,https://pub-77824f6d0d4542d282fa48605bce7479.r2.dev/cards/MYL/PRIMERA%20ERA/ddd0f438-db52-4566-9888-5a4a8cb867f2.png
445bb1df-2ed0-4f46-a9ef-f9a0480c480a,LPE4 154/320,SUSANO WA,6.0,6,,,,LEYENDAS PE 4.0,49,900,5,https://pub-77824f6d0d4542d282fa48605bce7479.r2.dev/cards/MYL/PRIMERA%20ERA/445bb1df-2ed0-4f46-a9ef-f9a0480c480a.png
dcc691cf-fae8-4ca2-8df7-ee9d852dde46,055 - 126 / PRIMERA ERA,TACAN,1.0,1,,,,COLECCION: LA IRA DEL NAHUAL,1,2000,1,https://pub-77824f6d0d4542d282fa48605bce7479.r2.dev/cards/MYL/PRIMERA%20ERA/dcc691cf-fae8-4ca2-8df7-ee9d852dde46.png
4f684af3-8ee2-4523-8f52-e467e05880bd,LPE4 67/320,TAKEMIKAZUCHI,3.0,4,,,,LEYENDAS PE 4.0,23,2500,7,https://pub-77824f6d0d4542d282fa48605bce7479.r2.dev/cards/MYL/PRIMERA%20ERA/4f684af3-8ee2-4523-8f52-e467e05880bd.png
53997d5a-6279-4858-80b9-d73edf7a571e,XINNIAN 2 07/30,TAKEMINAKATA,4.0,4,,,,XINNIAN 2: ANO DE LA SERPIENTE,28,1000,3,https://pub-77824f6d0d4542d282fa48605bce7479.r2.dev/cards/MYL/PRIMERA%20ERA/53997d5a-6279-4858-80b9-d73edf7a571e.png
b5e3345b-62a6-4aae-8557-58c1beee95db,PREMIUM LPE25 23,TAKEMINAKATA,4.0,4,,,,LOOTBOX PRIMERA ERA 2025,19,1500,4,https://pub-77824f6d0d4542d282fa48605bce7479.r2.dev/cards/MYL/PRIMERA%20ERA/b5e3345b-62a6-4aae-8557-58c1beee95db.png
06f2c2df-1209-4f19-b8e5-095d4102878a,MPT-15-18,TAMBOR DAIKO,,0,,,,MUNDOS PERDIDOS: SENORES DEL TRUENO,8,1500,3,https://pub-77824f6d0d4542d282fa48605bce7479.r2.dev/cards/MYL/PRIMERA%20ERA/06f2c2df-1209-4f19-b8e5-095d4102878a.png
6ce65b49-a241-4429-96eb-24dbf4cc9ebf,XINNIAN 2 15/30,TAMBOR DAIKO,,0,,,,XINNIAN 2: ANO DE LA SERPIENTE,18,2500,5,https://pub-77824f6d0d4542d282fa48605bce7479.r2.dev/cards/MYL/PRIMERA%20ERA/6ce65b49-a241-4429-96eb-24dbf4cc9ebf.png
0706544e-f423-487f-bf65-272a67080ff3,EDICION LIMITADA JO,TAMBOR DAIKO,,0,,,,,19,4500,4,https://pub-77824f6d0d4542d282fa48605bce7479.r2.dev/pending-versions/a09cd627-0dac-4af7-96c4-4501b80b8882/1783267542051-0.webp
a5e486bc-943c-4e02-a027-a8f984c94cb6,LPE4 40/320,TAMBOR DAIKO,,0,,,,LEYENDAS PE 4.0,16,3000,5,https://pub-77824f6d0d4542d282fa48605bce7479.r2.dev/cards/MYL/PRIMERA%20ERA/a5e486bc-943c-4e02-a027-a8f984c94cb6.png
32405959-119b-481b-b6ef-b4537461f1c4,83 - 236 / PRIMERA EDICION,TAMMO,3.0,4,,,,COLECCION: ESPIRITU DEL DRAGON,2,1000,1,https://pub-77824f6d0d4542d282fa48605bce7479.r2.dev/cards/MYL/PRIMERA%20ERA/32405959-119b-481b-b6ef-b4537461f1c4.png
02ab00e6-2de8-445c-9009-99e35db9cd12,LPE23 100/300,TAMMO,3.0,4,,,,LEYENDAS PRIMERA ERA 3.0,17,700,3,https://pub-77824f6d0d4542d282fa48605bce7479.r2.dev/cards/MYL/PRIMERA%20ERA/02ab00e6-2de8-445c-9009-99e35db9cd12.png
e768f2e5-99bb-404a-912c-ccdb8e4d637f,LPE23 111/300,TANG LANG CHUAN-FA,2.0,0,,,,LEYENDAS PRIMERA ERA 3.0,17,600,5,https://pub-77824f6d0d4542d282fa48605bce7479.r2.dev/cards/MYL/PRIMERA%20ERA/e768f2e5-99bb-404a-912c-ccdb8e4d637f.png
0a4378f7-6dab-42b5-ad7a-a6631aeaa358,MPO 01/18,TANG SANZANG,3.0,3,,,,MUNDOS PERDIDOS: VIAJE AL OESTE,16,1500,5,https://pub-77824f6d0d4542d282fa48605bce7479.r2.dev/cards/MYL/PRIMERA%20ERA/0a4378f7-6dab-42b5-ad7a-a6631aeaa358.png
c3f1c881-abd9-45a7-b6f7-0b050702787d,MPAT 07/18,TANGRI,,0,,,,MUNDOS PERDIDOS: HORDA ESTEPARIA,46,2000,8,https://pub-77824f6d0d4542d282fa48605bce7479.r2.dev/pending-versions/b457c3e0-41ed-4a6b-8d6b-438846ff4e1d/1785699733536-0.webp
9099bdd0-9bdc-4020-be0e-70f4d62376ee,LPE23 169/300,TANUKI,4.0,4,,,,LEYENDAS PRIMERA ERA 3.0,16,1000,2,https://pub-77824f6d0d4542d282fa48605bce7479.r2.dev/cards/MYL/PRIMERA%20ERA/9099bdd0-9bdc-4020-be0e-70f4d62376ee.png
5ef84b60-131c-4111-a5b5-af913168c640,CRPE2-56-84,TANUKI,4.0,4,,,,KIT RACIALES PRIMERA ERA: CRIATURAS,3,1500,1,https://pub-77824f6d0d4542d282fa48605bce7479.r2.dev/cards/MYL/PRIMERA%20ERA/5ef84b60-131c-4111-a5b5-af913168c640.png
65222e4c-f898-44da-9375-1596b29d5e38,CRPE5 89 - 84,TANUKI,4.0,4,,,,KIT RACIALES PRIMERA ERA 2025: CRIATURAS,9,3000,3,https://pub-77824f6d0d4542d282fa48605bce7479.r2.dev/cards/MYL/PRIMERA%20ERA/65222e4c-f898-44da-9375-1596b29d5e38.png
cd641786-9cee-4365-afcd-a5c113e95e97,CRPE4 66-117,TARANIS,3.0,4,,,,KIT RACIALES PRIMERA ERA 2025: GUERRERO,15,1000,3,https://pub-77824f6d0d4542d282fa48605bce7479.r2.dev/cards/MYL/PRIMERA%20ERA/cd641786-9cee-4365-afcd-a5c113e95e97.png
0dc9bc0f-5193-446f-a4fb-600189291c92,MPT-03-18,TARANIS,3.0,4,,,,MUNDOS PERDIDOS: SENORES DEL TRUENO,13,1000,2,https://pub-77824f6d0d4542d282fa48605bce7479.r2.dev/cards/MYL/PRIMERA%20ERA/0dc9bc0f-5193-446f-a4fb-600189291c92.png
c03b9804-b504-42e6-b5f9-16b6cc2ceaba,LPE4 192/320,TARANIS,3.0,4,,,,LEYENDAS PE 4.0,37,800,5,https://pub-77824f6d0d4542d282fa48605bce7479.r2.dev/cards/MYL/PRIMERA%20ERA/c03b9804-b504-42e6-b5f9-16b6cc2ceaba.png
4b5b5df9-9042-4a60-8312-14aaf9b3d388,MPT-07-18,TARHUNNA,3.0,2,,,,MUNDOS PERDIDOS: SENORES DEL TRUENO,8,800,2,https://pub-77824f6d0d4542d282fa48605bce7479.r2.dev/cards/MYL/PRIMERA%20ERA/4b5b5df9-9042-4a60-8312-14aaf9b3d388.png
0f9e4a56-f64e-4358-b9d1-65139b8b3d42,TKPE24 11/28,TAROT,4.0,0,,,,TOOLKIT PREMIUM JUSTA,10,1000,2,https://pub-77824f6d0d4542d282fa48605bce7479.r2.dev/cards/MYL/PRIMERA%20ERA/0f9e4a56-f64e-4358-b9d1-65139b8b3d42.png
42f9b687-407a-4749-8816-2cd26effe68c,154 - 236 / PRIMERA EDICION,TCHE MA TIEN,5.0,0,,,,COLECCION: ESPIRITU DEL DRAGON,4,2000,3,https://pub-77824f6d0d4542d282fa48605bce7479.r2.dev/cards/MYL/PRIMERA%20ERA/42f9b687-407a-4749-8816-2cd26effe68c.png
7472ea32-8105-430d-9e1d-cf9435491581,115 - 236 / PRIMERA EDICION,TCHI YEU,2.0,5,,,,COLECCION: ESPIRITU DEL DRAGON,4,300,2,https://pub-77824f6d0d4542d282fa48605bce7479.r2.dev/cards/MYL/PRIMERA%20ERA/7472ea32-8105-430d-9e1d-cf9435491581.png
9e793b38-9613-4982-b614-d318aa9e59cd,XINNIAN 35/32,TCHI YEU,2.0,5,,,,XINNIAN: ANO DEL DRAGON,3,4000,2,https://pub-77824f6d0d4542d282fa48605bce7479.r2.dev/cards/MYL/PRIMERA%20ERA/9e793b38-9613-4982-b614-d318aa9e59cd.png
37543053-984b-4fd4-a167-b47ce548177f,CRPE2-51-84,TCHI YEU,2.0,5,,,,KIT RACIALES PRIMERA ERA: CRIATURAS,3,1000,1,https://pub-77824f6d0d4542d282fa48605bce7479.r2.dev/cards/MYL/PRIMERA%20ERA/37543053-984b-4fd4-a167-b47ce548177f.png
00770414-2fed-462b-bfc4-5a632e4abefd,LPE23 171/300,TCHI YEU,2.0,5,,,,LEYENDAS PRIMERA ERA 3.0,18,800,3,https://pub-77824f6d0d4542d282fa48605bce7479.r2.dev/cards/MYL/PRIMERA%20ERA/00770414-2fed-462b-bfc4-5a632e4abefd.png
8efc18be-87f7-43fc-b2ce-c8f47635d61f,LPE23 008/300,TEATRO KABUKI,,0,,,,LEYENDAS PRIMERA ERA 3.0,1,12000,1,https://pub-77824f6d0d4542d282fa48605bce7479.r2.dev/cards/MYL/PRIMERA%20ERA/8efc18be-87f7-43fc-b2ce-c8f47635d61f.png
1aa634ee-3a1d-45ba-9616-efbcee68c430,234 - 236 / PRIMERA EDICION,TEATRO KABUKI,,0,,,,COLECCION: ESPIRITU DEL DRAGON,5,800,2,https://pub-77824f6d0d4542d282fa48605bce7479.r2.dev/cards/MYL/PRIMERA%20ERA/1aa634ee-3a1d-45ba-9616-efbcee68c430.png
33f6c595-5408-4fac-b977-0110cf7cef0b,SCLPE4 80/80,TEATRO KABUKI,,0,,,,LEYENDAS PE 4.0,10,300,1,https://pub-77824f6d0d4542d282fa48605bce7479.r2.dev/pending-versions/b457c3e0-41ed-4a6b-8d6b-438846ff4e1d/1786044743301-0.webp
4bf33ba3-5cd9-43ba-8c70-e43c2b9e1ab3,247 - 236 / PRIMERA EDICION,TECNICA DE LA MEDIA LUNA,4.0,0,,,,LEYENDAS PRIMERA ERA 2.0,1,200,1,https://pub-77824f6d0d4542d282fa48605bce7479.r2.dev/cards/MYL/PRIMERA%20ERA/4bf33ba3-5cd9-43ba-8c70-e43c2b9e1ab3.png
478fbeb0-e88d-4e8f-9bd2-b64004b23bc6,LPE4 317/320,TECNICA DE LA MEDIA LUNA,4.0,0,,,,LEYENDAS PE 4.0,23,100,2,https://pub-77824f6d0d4542d282fa48605bce7479.r2.dev/cards/MYL/PRIMERA%20ERA/478fbeb0-e88d-4e8f-9bd2-b64004b23bc6.png
19ba3a23-4dcd-4b39-9f8e-a13918f80e4c,179 - 236 / PRIMERA EDICION,TECNICA DE LA MEDIA LUNA,4.0,0,,,,COLECCION: ESPIRITU DEL DRAGON,1,100,1,https://pub-77824f6d0d4542d282fa48605bce7479.r2.dev/cards/MYL/PRIMERA%20ERA/19ba3a23-4dcd-4b39-9f8e-a13918f80e4c.png
01bcc5d1-9b72-423f-83ff-23900ce82ff5,LPE23 296/300,TECNICA DE LA MEDIA LUNA,4.0,0,,,,LEYENDAS PRIMERA ERA 3.0,8,100,1,https://pub-77824f6d0d4542d282fa48605bce7479.r2.dev/cards/MYL/PRIMERA%20ERA/01bcc5d1-9b72-423f-83ff-23900ce82ff5.png
de090e32-cf21-4465-b4e0-dd6f31efd7e5,TKPE1 - 12 - 13,TECPATL,4.0,0,,,,TOOLKIT PRIMERA ERA: WALKIRIAS,5,1000,2,https://pub-77824f6d0d4542d282fa48605bce7479.r2.dev/cards/MYL/PRIMERA%20ERA/de090e32-cf21-4465-b4e0-dd6f31efd7e5.png
09ec5082-8064-4432-bcc2-f98f125d6489,EDICION LIMITADA JO,TEEPEE,,0,,,,,1,10000,1,https://pub-77824f6d0d4542d282fa48605bce7479.r2.dev/pending-versions/a09cd627-0dac-4af7-96c4-4501b80b8882/1790467150111-0.webp
cb640cb6-7496-48d8-9bdd-de9f9535a32d,LPE4 248/320,TEEPEE,,0,,,,LEYENDAS PE 4.0,23,1500,2,https://pub-77824f6d0d4542d282fa48605bce7479.r2.dev/cards/MYL/PRIMERA%20ERA/cb640cb6-7496-48d8-9bdd-de9f9535a32d.png
668ec69f-bcac-46a5-a670-94f8a88c87cb,CRPE5 29 - 84,TEMPESTAS,4.0,2,,,,KIT RACIALES PRIMERA ERA 2025: FAERIE,9,1500,2,https://pub-77824f6d0d4542d282fa48605bce7479.r2.dev/cards/MYL/PRIMERA%20ERA/668ec69f-bcac-46a5-a670-94f8a88c87cb.png
f7a43763-e045-433a-b73b-d49c6ea70326,MPT-08-18,TEMPESTAS,4.0,2,,,,MUNDOS PERDIDOS: SENORES DEL TRUENO,21,1000,3,https://pub-77824f6d0d4542d282fa48605bce7479.r2.dev/cards/MYL/PRIMERA%20ERA/f7a43763-e045-433a-b73b-d49c6ea70326.png
6789e9d1-1475-42bc-8332-aa0a170bd453,XINNIAN 2 16/30,TEMPLO DE JINSHAN,,0,,,,XINNIAN 2: ANO DE LA SERPIENTE,16,1000,3,https://pub-77824f6d0d4542d282fa48605bce7479.r2.dev/cards/MYL/PRIMERA%20ERA/6789e9d1-1475-42bc-8332-aa0a170bd453.png
d6852e38-378d-4417-8983-5d360250dc2b,LPE4 58/320,TEMPLO DE TENOCHTITLAN,4.0,0,,,,LEYENDAS PE 4.0,18,2000,3,https://pub-77824f6d0d4542d282fa48605bce7479.r2.dev/cards/MYL/PRIMERA%20ERA/d6852e38-378d-4417-8983-5d360250dc2b.png
98c2ff7d-646b-4e89-8706-9fc42d04f125,EDICION LIMITADA,TEMPLO DE TENOCHTITLAN,4.0,0,,,,TOOLKIT 2025: VALENTIA Y DESOLACION,29,2000,4,https://pub-77824f6d0d4542d282fa48605bce7479.r2.dev/cards/MYL/PRIMERA%20ERA/98c2ff7d-646b-4e89-8706-9fc42d04f125.png
6e7fc443-c150-4d60-8fb8-80577ff26961,SECRETA-EXCLUSIVA-09,TEMPLO DE TENOCHTITLAN,4.0,0,,,,LOOTBOX PRIMERA ERA 2024,8,2500,3,https://pub-77824f6d0d4542d282fa48605bce7479.r2.dev/cards/MYL/PRIMERA%20ERA/6e7fc443-c150-4d60-8fb8-80577ff26961.png
85fde4e7-fef7-4172-9474-7c1e10b22a45,TKPE24 22/28,TEMPLO DE TENOCHTITLAN,4.0,0,,,,TOOLKIT PREMIUM PUERTAS DEL VALHALLA,13,2000,3,https://pub-77824f6d0d4542d282fa48605bce7479.r2.dev/cards/MYL/PRIMERA%20ERA/85fde4e7-fef7-4172-9474-7c1e10b22a45.png
9932b8ac-aa86-45ab-8158-df48874e61e2,PROMO EXCLUSIVA PE 02,TEMPLO DE TENOCHTITLAN,4.0,0,,,,TOOLKIT: ODIN,7,1500,3,https://pub-77824f6d0d4542d282fa48605bce7479.r2.dev/cards/MYL/PRIMERA%20ERA/9932b8ac-aa86-45ab-8158-df48874e61e2.png
35e24d50-67c3-4570-a7d5-93432177e79d,EXPE - 77 - 120,TEMPLO DE UPPSALA,3.0,0,,,,KIT EXTENSION PRIMERA ERA: RAGNAROK,9,1500,2,https://pub-77824f6d0d4542d282fa48605bce7479.r2.dev/cards/MYL/PRIMERA%20ERA/35e24d50-67c3-4570-a7d5-93432177e79d.png
e47c23a1-f9f4-43c0-9b75-7c4ca9fa909c,MPT-16-18,TEMPLO DEL TRUENO,3.0,0,,,,MUNDOS PERDIDOS: SENORES DEL TRUENO,12,1000,3,https://pub-77824f6d0d4542d282fa48605bce7479.r2.dev/cards/MYL/PRIMERA%20ERA/e47c23a1-f9f4-43c0-9b75-7c4ca9fa909c.png
511a391d-5828-4600-9c5f-87fd5985f185,PREMIUM LPE25 14,TEMPLO DEL TRUENO,3.0,0,,,,LOOTBOX PRIMERA ERA 2025,10,1500,4,https://pub-77824f6d0d4542d282fa48605bce7479.r2.dev/cards/MYL/PRIMERA%20ERA/511a391d-5828-4600-9c5f-87fd5985f185.png
d08d4723-9252-42c1-b240-338037f17bdc,CRPE5 71 - 84,TENJIN,3.0,3,,,,KIT RACIALES PRIMERA ERA 2025: KAMI,2,7000,1,https://pub-77824f6d0d4542d282fa48605bce7479.r2.dev/cards/MYL/PRIMERA%20ERA/d08d4723-9252-42c1-b240-338037f17bdc.png
656810d1-943b-492d-9c34-6060288cabb6,LPE4 271/320,TENTENVILU-COICOIVILU,6.0,6,,,,LEYENDAS PE 4.0,20,100,1,https://pub-77824f6d0d4542d282fa48605bce7479.r2.dev/cards/MYL/PRIMERA%20ERA/656810d1-943b-492d-9c34-6060288cabb6.png
d00e31fc-1988-4cec-9df3-148b725992c5,TKPE24 12/28,TEOTIHUACAN,3.0,0,,,,TOOLKIT PREMIUM JUSTA,10,2500,2,https://pub-77824f6d0d4542d282fa48605bce7479.r2.dev/cards/MYL/PRIMERA%20ERA/d00e31fc-1988-4cec-9df3-148b725992c5.png
7f6a0f93-dc30-4a36-8990-a21c64157daa,LPE4 300/320,TEPOZTOPILLI,2.0,0,,,,LEYENDAS PE 4.0,20,100,1,https://pub-77824f6d0d4542d282fa48605bce7479.r2.dev/cards/MYL/PRIMERA%20ERA/7f6a0f93-dc30-4a36-8990-a21c64157daa.png
e70326ae-c74f-4ec3-a350-2b8c8a96e8c4,EDICION LIMITADA JO,TERENCE EL ESCUDERO,,0,,,,,9,9000,6,https://pub-77824f6d0d4542d282fa48605bce7479.r2.dev/pending-versions/a09cd627-0dac-4af7-96c4-4501b80b8882/1783397619935-0.webp
556e3671-201f-4a6d-b462-db97545e7b8b,110 - 236 / PRIMERA EDICION,TESORO DE GUAYACAN,,0,,,,LEYENDAS PRIMERA ERA 1.0,7,900,2,https://pub-77824f6d0d4542d282fa48605bce7479.r2.dev/cards/MYL/PRIMERA%20ERA/556e3671-201f-4a6d-b462-db97545e7b8b.png
4c86fdbf-3085-4c46-8490-52a25ea97fd3,110 - 126 / PRIMERA ERA,TESORO DE GUAYACAN,,0,,,,COLECCION: LA IRA DEL NAHUAL,16,1000,4,https://pub-77824f6d0d4542d282fa48605bce7479.r2.dev/cards/MYL/PRIMERA%20ERA/4c86fdbf-3085-4c46-8490-52a25ea97fd3.png
ce7f9d86-6d3f-4100-bc98-de7f0bf02edd,TKPE26 16/32,TESORO DE TROLL,,0,,,,TOOLKIT 2026: ANCESTRAL,4,6000,2,https://pub-77824f6d0d4542d282fa48605bce7479.r2.dev/cards/MYL/PRIMERA%20ERA/ce7f9d86-6d3f-4100-bc98-de7f0bf02edd.png
86f9a6b2-bcc8-4ef9-8fb1-067ea8281974,TKPE25 29/28,TESORO DEL DRAGON,,0,,,,TOOLKIT 2025: HONOR Y FEROCIDAD,12,3000,3,https://pub-77824f6d0d4542d282fa48605bce7479.r2.dev/cards/MYL/PRIMERA%20ERA/86f9a6b2-bcc8-4ef9-8fb1-067ea8281974.png
82a6dfc1-b5ad-488a-8a15-457d68dfa1ad,213 - 236 / PRIMERA EDICION,TETSU-BISHI,2.0,0,,,,COLECCION: ESPIRITU DEL DRAGON,1,500,1,https://pub-77824f6d0d4542d282fa48605bce7479.r2.dev/cards/MYL/PRIMERA%20ERA/82a6dfc1-b5ad-488a-8a15-457d68dfa1ad.png
8d29e356-ef39-4fb8-98a2-d02f7c8623d6,LPE23 173/300,TETSU-BISHI,2.0,0,,,,LEYENDAS PRIMERA ERA 3.0,17,800,4,https://pub-77824f6d0d4542d282fa48605bce7479.r2.dev/cards/MYL/PRIMERA%20ERA/8d29e356-ef39-4fb8-98a2-d02f7c8623d6.png
6934c94f-e9b2-4e21-bcf4-cc66ed388f0e,068 - 126 / PRIMERA ERA,TEZCALTLIPOCA,3.0,1,,,,COLECCION: LA IRA DEL NAHUAL,1,100,1,https://pub-77824f6d0d4542d282fa48605bce7479.r2.dev/cards/MYL/PRIMERA%20ERA/6934c94f-e9b2-4e21-bcf4-cc66ed388f0e.png
15edf582-0512-4996-9843-2ee483fca93b,LPE23 023/300,TEZCALTLIPOCA,3.0,1,,,,LEYENDAS PRIMERA ERA 3.0,13,2000,3,https://pub-77824f6d0d4542d282fa48605bce7479.r2.dev/cards/MYL/PRIMERA%20ERA/15edf582-0512-4996-9843-2ee483fca93b.png
b5b81794-60a1-468a-be16-1ac441b9c284,CRPE-32-72,TEZCALTLIPOCA,3.0,1,,,,KIT RACIALES PRIMERA ERA: CHAMAN,2,2000,2,https://pub-77824f6d0d4542d282fa48605bce7479.r2.dev/cards/MYL/PRIMERA%20ERA/b5b81794-60a1-468a-be16-1ac441b9c284.png
1105d3f8-630d-4392-ace8-eec897b7c493,55 - 170 / PRIMERA EDICION,TEZCALTLIPOCA,3.0,1,,,,COLECCION: COFRADIA,1,300,1,https://pub-77824f6d0d4542d282fa48605bce7479.r2.dev/cards/MYL/PRIMERA%20ERA/1105d3f8-630d-4392-ace8-eec897b7c493.png
fdffa501-13b7-4939-979a-e4cec7f73994,95-170,THOR,6.0,6,,,,,2,3000,2,https://pub-77824f6d0d4542d282fa48605bce7479.r2.dev/pending-versions/a09cd627-0dac-4af7-96c4-4501b80b8882/1789744075974-0.webp
60724154-e44b-4c70-9173-4a67d857f435,LPE23 028/300,THOR,6.0,6,,,,LEYENDAS PRIMERA ERA 3.0,7,1500,3,https://pub-77824f6d0d4542d282fa48605bce7479.r2.dev/cards/MYL/PRIMERA%20ERA/60724154-e44b-4c70-9173-4a67d857f435.png
843071f7-4918-46bc-85b4-080c6c64697e,95 - 170 / PRIMERA EDICION,THOR,6.0,6,,,,COLECCION: COFRADIA,2,1000,2,https://pub-77824f6d0d4542d282fa48605bce7479.r2.dev/cards/MYL/PRIMERA%20ERA/843071f7-4918-46bc-85b4-080c6c64697e.png
0853b785-7076-4966-8eb3-9f6763788457,MPT-18-18,THOR,6.0,6,,,,MUNDOS PERDIDOS: SENORES DEL TRUENO,12,1000,2,https://pub-77824f6d0d4542d282fa48605bce7479.r2.dev/cards/MYL/PRIMERA%20ERA/0853b785-7076-4966-8eb3-9f6763788457.png
bd366637-2278-4f21-9e0a-e808de7bad27,47 - 126 / PRIMERA EDICION,THOR,6.0,6,,,,COLECCION: EL RETO,2,3500,2,https://pub-77824f6d0d4542d282fa48605bce7479.r2.dev/cards/MYL/PRIMERA%20ERA/bd366637-2278-4f21-9e0a-e808de7bad27.png
f6f02e16-572d-4d1e-b972-dc741713e532,EXPE - 4 - 120,TIAMATH,3.0,4,,,,KIT EXTENSION PRIMERA ERA: EL RETO,15,2500,3,https://pub-77824f6d0d4542d282fa48605bce7479.r2.dev/cards/MYL/PRIMERA%20ERA/f6f02e16-572d-4d1e-b972-dc741713e532.png
e124d06f-e4de-403d-989a-7076d6cd16b4,CRPE5 18 - 84,TIAMATH,3.0,4,,,,KIT RACIALES PRIMERA ERA 2025: DRAGON,3,2000,2,https://pub-77824f6d0d4542d282fa48605bce7479.r2.dev/cards/MYL/PRIMERA%20ERA/e124d06f-e4de-403d-989a-7076d6cd16b4.png
42caa4ce-629e-4045-ba73-8e889caea1df,CRPE3 - 13 - 36,TIAMATH,3.0,4,,,,KIT RACIALES PRIMERA ERA: DRAGON,8,2500,3,https://pub-77824f6d0d4542d282fa48605bce7479.r2.dev/cards/MYL/PRIMERA%20ERA/42caa4ce-629e-4045-ba73-8e889caea1df.png
5dbc66d5-5c68-42c0-a5b0-5f3460a8badb,PREMIUM PE-02,TIAMATH,3.0,4,,,,LOOTBOX PRIMERA ERA 2024,6,3000,3,https://pub-77824f6d0d4542d282fa48605bce7479.r2.dev/cards/MYL/PRIMERA%20ERA/5dbc66d5-5c68-42c0-a5b0-5f3460a8badb.png
924440c2-5f38-40bf-a393-e2c1b1f6f892,PROMOCIONAL LPE25 02,TIAMATH,3.0,4,,,,LOOTBOX PRIMERA ERA 2025,20,3000,5,https://pub-77824f6d0d4542d282fa48605bce7479.r2.dev/cards/MYL/PRIMERA%20ERA/924440c2-5f38-40bf-a393-e2c1b1f6f892.png
d878cbe1-847a-4f83-bad6-dfeca122e2a7,XINNIAN 3 05/30,TIANMA,3.0,4,,,,XINNIAN 3: ANO DEL CABALLO,22,2000,2,https://pub-77824f6d0d4542d282fa48605bce7479.r2.dev/cards/MYL/PRIMERA%20ERA/d878cbe1-847a-4f83-bad6-dfeca122e2a7.png
8052892c-25f6-46e4-8490-e9afc84e6712,63 - 236 / PRIMERA EDICION,TIEN MU,2.0,3,,,,COLECCION: ESPIRITU DEL DRAGON,3,200,1,https://pub-77824f6d0d4542d282fa48605bce7479.r2.dev/cards/MYL/PRIMERA%20ERA/8052892c-25f6-46e4-8490-e9afc84e6712.png
e682e281-d351-40c5-9584-fee18f9a7944,XINNIAN 2 12/30,TIEN MU,2.0,3,,,,XINNIAN 2: ANO DE LA SERPIENTE,19,1500,4,https://pub-77824f6d0d4542d282fa48605bce7479.r2.dev/cards/MYL/PRIMERA%20ERA/e682e281-d351-40c5-9584-fee18f9a7944.png
e05990c8-2be6-45f1-94c5-fd4dd7d872bc,XINNIAN 22/32,TIGRE,,0,,,,XINNIAN: ANO DEL DRAGON,1,1000,1,https://pub-77824f6d0d4542d282fa48605bce7479.r2.dev/cards/MYL/PRIMERA%20ERA/e05990c8-2be6-45f1-94c5-fd4dd7d872bc.png
508a408e-69ed-47dc-b2ea-38856a865562,XINNIAN 3 21/30,TIGRE,,0,,,,XINNIAN 3: ANO DEL CABALLO,15,1000,2,https://pub-77824f6d0d4542d282fa48605bce7479.r2.dev/cards/MYL/PRIMERA%20ERA/508a408e-69ed-47dc-b2ea-38856a865562.png
d18471c9-3a94-41c9-ae8b-d79614705436,XINNIAN 2 21/30,TIGRE,,0,,,,XINNIAN 2: ANO DE LA SERPIENTE,9,1000,2,https://pub-77824f6d0d4542d282fa48605bce7479.r2.dev/cards/MYL/PRIMERA%20ERA/d18471c9-3a94-41c9-ae8b-d79614705436.png
487a1e1a-9903-46e4-a71d-7a8a2f0510f8,65 - 236 / PRIMERA EDICION,TITAN LICANTROPO,10.0,12,,,,LEYENDAS PRIMERA ERA 1.0,1,1000,1,https://pub-77824f6d0d4542d282fa48605bce7479.r2.dev/cards/MYL/PRIMERA%20ERA/487a1e1a-9903-46e4-a71d-7a8a2f0510f8.png
3a0ec650-c3f8-4c56-a420-b005ecb90022,CRPE-55-72,TITAN LICANTROPO,10.0,12,,,,KIT RACIALES PRIMERA ERA: LICANTROPO,3,2000,1,https://pub-77824f6d0d4542d282fa48605bce7479.r2.dev/cards/MYL/PRIMERA%20ERA/3a0ec650-c3f8-4c56-a420-b005ecb90022.png
0ba9644c-814b-48d2-866a-25b75d47a858,25 ANIVERSARIO 04/25,TITANIA,3.0,3,,,,ANIVERSARIO 25 ANOS,19,5000,5,https://pub-77824f6d0d4542d282fa48605bce7479.r2.dev/cards/MYL/PRIMERA%20ERA/0ba9644c-814b-48d2-866a-25b75d47a858.png
72679e4f-dd78-4495-bfb2-bc4394934ef9,LPE4 160/320,TITANIA,3.0,3,,,,LEYENDAS PE 4.0,41,600,7,https://pub-77824f6d0d4542d282fa48605bce7479.r2.dev/cards/MYL/PRIMERA%20ERA/72679e4f-dd78-4495-bfb2-bc4394934ef9.png
87b717fd-17f6-4afe-9878-3d4b7c995e1d,CRPE5 26 - 84,TITANIA,3.0,3,,,,KIT RACIALES PRIMERA ERA 2025: FAERIE,12,2000,3,https://pub-77824f6d0d4542d282fa48605bce7479.r2.dev/cards/MYL/PRIMERA%20ERA/87b717fd-17f6-4afe-9878-3d4b7c995e1d.png
379fd971-6b76-45a5-b0b2-8db2e9229b3b,CRPE3 - 35 - 36,TITANIA,3.0,3,,,,KIT RACIALES PRIMERA ERA: FAERIE,2,2500,1,https://pub-77824f6d0d4542d282fa48605bce7479.r2.dev/cards/MYL/PRIMERA%20ERA/379fd971-6b76-45a5-b0b2-8db2e9229b3b.png
5e582c12-4cbf-4269-b8ba-cee53ddfba4f,CRPE4 03 - 117,TITUBA,2.0,2,,,,KIT RACIALES PRIMERA ERA 2025: CAZADOR,13,2000,2,https://pub-77824f6d0d4542d282fa48605bce7479.r2.dev/cards/MYL/PRIMERA%20ERA/5e582c12-4cbf-4269-b8ba-cee53ddfba4f.png
28a4eac4-30ee-4376-a791-1e5db9300a42,MPS 02/18,TITUBA,2.0,2,,,,MUNDOS PERDIDOS: HORRORES DE SALEM,10,1500,4,https://pub-77824f6d0d4542d282fa48605bce7479.r2.dev/cards/MYL/PRIMERA%20ERA/28a4eac4-30ee-4376-a791-1e5db9300a42.png
ab56c9d1-bde5-4c3d-87e0-19ae30f1f74b,CRPE2-29-84,TLACA TECOLOTL,6.0,3,,,,KIT RACIALES PRIMERA ERA: GUERRERO,4,2000,1,https://pub-77824f6d0d4542d282fa48605bce7479.r2.dev/cards/MYL/PRIMERA%20ERA/ab56c9d1-bde5-4c3d-87e0-19ae30f1f74b.png
5ea43912-8322-41ea-997c-4d57c4099910,MPC 18/18,TLACA TECOLOTL,6.0,3,,,,MUNDOS PERDIDOS: CIUDAD DE LOS CESARES,8,1500,2,https://pub-77824f6d0d4542d282fa48605bce7479.r2.dev/cards/MYL/PRIMERA%20ERA/5ea43912-8322-41ea-997c-4d57c4099910.png
7a7862ed-aebd-4419-aa5b-f847d2234a62,091 - 126 / PRIMERA ERA,TLACA TECOLOTL,6.0,3,,,,COLECCION: LA IRA DEL NAHUAL,1,500,1,https://pub-77824f6d0d4542d282fa48605bce7479.r2.dev/cards/MYL/PRIMERA%20ERA/7a7862ed-aebd-4419-aa5b-f847d2234a62.png
bde9dec0-9f89-4d72-8035-9bfa6d29af2b,LPE23 270/300,TLAHUITOLLI,2.0,0,,,,LEYENDAS PRIMERA ERA 3.0,6,100,1,https://pub-77824f6d0d4542d282fa48605bce7479.r2.dev/cards/MYL/PRIMERA%20ERA/bde9dec0-9f89-4d72-8035-9bfa6d29af2b.png
81f5aa36-4847-4773-a187-12062b696804,LPE4 296/320,TLALOC,2.0,2,,,,LEYENDAS PE 4.0,20,100,1,https://pub-77824f6d0d4542d282fa48605bce7479.r2.dev/cards/MYL/PRIMERA%20ERA/81f5aa36-4847-4773-a187-12062b696804.png
6445f87d-1bdf-4ef8-8cd0-d89419ba79cc,EXPE - 57 - 120,TLALOQUES,3.0,1,,,,KIT EXTENSION PRIMERA ERA: LA IRA DEL NAHUAL,9,2000,2,https://pub-77824f6d0d4542d282fa48605bce7479.r2.dev/cards/MYL/PRIMERA%20ERA/6445f87d-1bdf-4ef8-8cd0-d89419ba79cc.png
46f2ab93-89a9-4378-88c4-03e855b3f9f5,072 - 126 / PRIMERA ERA,TLALOQUES,3.0,1,,,,COLECCION: LA IRA DEL NAHUAL,1,300,1,https://pub-77824f6d0d4542d282fa48605bce7479.r2.dev/cards/MYL/PRIMERA%20ERA/46f2ab93-89a9-4378-88c4-03e855b3f9f5.png
20b18c40-8c61-4435-bce8-bf3672d0e220,CRPE2-32-84,TLAZOLTEOTL,4.0,4,,,,KIT RACIALES PRIMERA ERA: GUERRERO,1,1000,1,https://pub-77824f6d0d4542d282fa48605bce7479.r2.dev/cards/MYL/PRIMERA%20ERA/20b18c40-8c61-4435-bce8-bf3672d0e220.png
11b0f83e-f9dd-46e7-9b51-8fc469e730ce,LPE23 079/300,TLAZOLTEOTL,4.0,4,,,,LEYENDAS PRIMERA ERA 3.0,11,700,4,https://pub-77824f6d0d4542d282fa48605bce7479.r2.dev/cards/MYL/PRIMERA%20ERA/11b0f83e-f9dd-46e7-9b51-8fc469e730ce.png
a9dc2222-8059-4dba-beb6-2abb3f838449,096 - 126 / PRIMERA ERA,TLAZOLTEOTL,4.0,4,,,,COLECCION: LA IRA DEL NAHUAL,2,500,2,https://pub-77824f6d0d4542d282fa48605bce7479.r2.dev/cards/MYL/PRIMERA%20ERA/a9dc2222-8059-4dba-beb6-2abb3f838449.png
b86585b5-d833-4c7f-854c-c8f48c5f1623,004 - 126 / PRIMERA ERA,TOKI,1.0,0,,,,COLECCION: LA IRA DEL NAHUAL,2,1000,1,https://pub-77824f6d0d4542d282fa48605bce7479.r2.dev/cards/MYL/PRIMERA%20ERA/b86585b5-d833-4c7f-854c-c8f48c5f1623.png
bf57fdf7-04ef-4008-be2a-5f393428a7f6,CRPE4 65-117,TOKI BUTAHUE,3.0,3,,,,KIT RACIALES PRIMERA ERA 2025: GUERRERO,14,1500,3,https://pub-77824f6d0d4542d282fa48605bce7479.r2.dev/cards/MYL/PRIMERA%20ERA/bf57fdf7-04ef-4008-be2a-5f393428a7f6.png
26e70b63-3e84-4c74-9f43-8f9401084263,LPE4 191/320,TOKI BUTAHUE,3.0,3,,,,LEYENDAS PE 4.0,37,600,5,https://pub-77824f6d0d4542d282fa48605bce7479.r2.dev/cards/MYL/PRIMERA%20ERA/26e70b63-3e84-4c74-9f43-8f9401084263.png
21a4cf35-a9ef-47b6-8d98-d319bbaaaef0,LPE4 126/320,TOMAHAWK,2.0,0,,,,LEYENDAS PE 4.0,43,700,6,https://pub-77824f6d0d4542d282fa48605bce7479.r2.dev/cards/MYL/PRIMERA%20ERA/21a4cf35-a9ef-47b6-8d98-d319bbaaaef0.png
7a953499-f374-4cb4-a496-044b7d6751c1,MPTO 14/18,TOMBSTONE,2.0,0,,,,MUNDOS PERDIDOS: TOMBSTONE,16,1500,4,https://pub-77824f6d0d4542d282fa48605bce7479.r2.dev/cards/MYL/PRIMERA%20ERA/7a953499-f374-4cb4-a496-044b7d6751c1.png
ee86fd57-5e5b-476a-9cbf-97aa0cf895fd,LPE23 144/300,TONATIUH,1.0,0,,,,LEYENDAS PRIMERA ERA 3.0,22,1000,4,https://pub-77824f6d0d4542d282fa48605bce7479.r2.dev/cards/MYL/PRIMERA%20ERA/ee86fd57-5e5b-476a-9cbf-97aa0cf895fd.png
6ef51c7c-8c0d-4ef5-bfad-3f7ae2c8e2e8,EDICION LIMITADA JO,TORC ARDIENTE,,0,,,,,25,4500,5,https://pub-77824f6d0d4542d282fa48605bce7479.r2.dev/pending-versions/a09cd627-0dac-4af7-96c4-4501b80b8882/1783275090128-0.webp
b6369ba4-5588-4325-935e-e7fadead88c7,LPE4 13/320,TORC ARDIENTE,,0,,,,LEYENDAS PE 4.0,6,13500,3,https://pub-77824f6d0d4542d282fa48605bce7479.r2.dev/cards/MYL/PRIMERA%20ERA/b6369ba4-5588-4325-935e-e7fadead88c7.png
4500e7ff-d059-487b-a91d-eaeaef7e0461,TKPE25 14/28,TORC ARDIENTE,,0,,,,TOOLKIT 2025: VALENTIA Y DESOLACION,14,3500,3,https://pub-77824f6d0d4542d282fa48605bce7479.r2.dev/cards/MYL/PRIMERA%20ERA/4500e7ff-d059-487b-a91d-eaeaef7e0461.png
1d0b39f8-8989-4dab-96ae-db3cb3be0e8a,TKPE25 20/28,TORMENTA DE SANGRE,2.0,0,,,,TOOLKIT 2025: HONOR Y FEROCIDAD,24,900,6,https://pub-77824f6d0d4542d282fa48605bce7479.r2.dev/cards/MYL/PRIMERA%20ERA/1d0b39f8-8989-4dab-96ae-db3cb3be0e8a.png
1bd8f257-d010-47c4-87bd-d046925de0ab,LPE4 121/320,TORMENTA DE SANGRE,2.0,0,,,,LEYENDAS PE 4.0,49,500,8,https://pub-77824f6d0d4542d282fa48605bce7479.r2.dev/cards/MYL/PRIMERA%20ERA/1bd8f257-d010-47c4-87bd-d046925de0ab.png
d1319c97-883c-4299-90b6-6aeca28fa490,TKPE24 25/28,TORMENTA DE SANGRE,2.0,0,,,,TOOLKIT PREMIUM PUERTAS DEL VALHALLA,16,1000,3,https://pub-77824f6d0d4542d282fa48605bce7479.r2.dev/cards/MYL/PRIMERA%20ERA/d1319c97-883c-4299-90b6-6aeca28fa490.png
bc3481bf-d49f-4599-80d9-1a2dfc488207,MPDI 12/18,TORNADO DE ROSAS,,0,,,,MUNDOS PERDIDOS: ALIENTO DE FUEGO,31,2500,10,https://pub-77824f6d0d4542d282fa48605bce7479.r2.dev/pending-versions/b457c3e0-41ed-4a6b-8d6b-438846ff4e1d/1785710157402-0.webp
1741c5a8-9385-4758-9d58-5fbd33540e06,TKPE25 25/28,TORRE DE CRISTAL,3.0,0,,,,TOOLKIT 2025: HONOR Y FEROCIDAD,31,1500,4,https://pub-77824f6d0d4542d282fa48605bce7479.r2.dev/cards/MYL/PRIMERA%20ERA/1741c5a8-9385-4758-9d58-5fbd33540e06.png
69df8911-66ce-4c40-acb3-641969710c1a,TKPE25 28/28,TORRE DE LA PERDICION,3.0,0,,,,TOOLKIT 2025: HONOR Y FEROCIDAD,22,2500,5,https://pub-77824f6d0d4542d282fa48605bce7479.r2.dev/cards/MYL/PRIMERA%20ERA/69df8911-66ce-4c40-acb3-641969710c1a.png
d5072f70-83dc-4a27-8098-92c0794cd853,TKPE26 23/32,TORRE DEL LEON,2.0,0,,,,TOOLKIT 2026: ESPIRITU,15,3500,5,https://pub-77824f6d0d4542d282fa48605bce7479.r2.dev/cards/MYL/PRIMERA%20ERA/d5072f70-83dc-4a27-8098-92c0794cd853.png
0f9cfda7-c333-4805-bc41-1270448e29ca,EDICION LIMITADA,TORRE DEL OLVIDO,2.0,0,,,,TOOLKIT 2025: HONOR Y FEROCIDAD,33,1500,3,https://pub-77824f6d0d4542d282fa48605bce7479.r2.dev/cards/MYL/PRIMERA%20ERA/0f9cfda7-c333-4805-bc41-1270448e29ca.png
cc34b329-83c1-48db-be2e-6090f8d41e5b,TKPE24 09/28,TORRE DEL OLVIDO,2.0,0,,,,TOOLKIT PREMIUM JUSTA,7,1000,3,https://pub-77824f6d0d4542d282fa48605bce7479.r2.dev/cards/MYL/PRIMERA%20ERA/cc34b329-83c1-48db-be2e-6090f8d41e5b.png
f6ca0a97-7f98-4498-bedc-f03cf08ca061,TKPE2 - 10 - 13,TORRE DEL OLVIDO,2.0,0,,,,TOOLKIT: ODIN,11,1500,4,https://pub-77824f6d0d4542d282fa48605bce7479.r2.dev/cards/MYL/PRIMERA%20ERA/f6ca0a97-7f98-4498-bedc-f03cf08ca061.png
93a0dae0-92e6-4c18-a233-fe693580f197,HPE 22/21,TORRE DEL OLVIDO,2.0,0,,,,VIGILANTES DE LA NOCHE,2,1000,2,https://pub-77824f6d0d4542d282fa48605bce7479.r2.dev/cards/MYL/PRIMERA%20ERA/93a0dae0-92e6-4c18-a233-fe693580f197.png
48eb5605-23e6-4810-bc2f-bc1c640e8101,EXPE - 8 - 120,TORRE OSCURA,,0,,,,KIT EXTENSION PRIMERA ERA: EL RETO,6,5500,3,https://pub-77824f6d0d4542d282fa48605bce7479.r2.dev/cards/MYL/PRIMERA%20ERA/48eb5605-23e6-4810-bc2f-bc1c640e8101.png
58b041d4-e61d-4a26-826f-e0e420e78fae,ANIVERSARIO LPE25 04,TORRE OSCURA,,0,,,,,2,5000,2,https://pub-77824f6d0d4542d282fa48605bce7479.r2.dev/cards/MYL/PRIMERA%20ERA/58b041d4-e61d-4a26-826f-e0e420e78fae.png
20dc79e1-d211-40ba-88b3-f06458380ab9,EDICIÓN LIMITADA JO,TORREON NEGRO,,0,,,,,5,11000,3,https://pub-77824f6d0d4542d282fa48605bce7479.r2.dev/pending-versions/a09cd627-0dac-4af7-96c4-4501b80b8882/1787026453792-0.webp
951aa1e5-fcbe-48a8-9c34-aeacf5afe9eb,MPRE 14/18,TOTEM DE AVE,3.0,0,,,,MUNDOS PERDIDOS: NUBE ROJA,18,2000,3,https://pub-77824f6d0d4542d282fa48605bce7479.r2.dev/cards/MYL/PRIMERA%20ERA/951aa1e5-fcbe-48a8-9c34-aeacf5afe9eb.png
a2290e99-9caf-4407-9227-6dca79ab972f,CRPE3 - 24 - 36,TOTEM DE BEHIR,4.0,0,,,,KIT RACIALES PRIMERA ERA: DRAGON,2,1000,1,https://pub-77824f6d0d4542d282fa48605bce7479.r2.dev/cards/MYL/PRIMERA%20ERA/a2290e99-9caf-4407-9227-6dca79ab972f.png
754c2805-43f3-4e06-b072-a806759cf2e4,033 - 126 / PRIMERA ERA,TOTEM DE CONEJO,1.0,0,,,,COLECCION: LA IRA DEL NAHUAL,10,300,2,https://pub-77824f6d0d4542d282fa48605bce7479.r2.dev/cards/MYL/PRIMERA%20ERA/754c2805-43f3-4e06-b072-a806759cf2e4.png
b98ba94b-cb75-40bf-921e-e1a838e0a784,LPE23 147/300,TOTEM DE CONEJO,1.0,0,,,,LEYENDAS PRIMERA ERA 3.0,22,800,3,https://pub-77824f6d0d4542d282fa48605bce7479.r2.dev/cards/MYL/PRIMERA%20ERA/b98ba94b-cb75-40bf-921e-e1a838e0a784.png
7279bad3-0a27-44b1-b4a5-a76d38d67f35,035 - 126 / PRIMERA ERA,TOTEM DE GUANACO,2.0,0,,,,COLECCION: LA IRA DEL NAHUAL,6,800,2,https://pub-77824f6d0d4542d282fa48605bce7479.r2.dev/cards/MYL/PRIMERA%20ERA/7279bad3-0a27-44b1-b4a5-a76d38d67f35.png
76cb6b8c-e28e-4f67-9668-327f65083b20,MISION SANTIAGO,TOTEM DE GUERRA,,0,,,,MISION SANTIAGO,1,3000,1,https://pub-77824f6d0d4542d282fa48605bce7479.r2.dev/pending-versions/b457c3e0-41ed-4a6b-8d6b-438846ff4e1d/1785894162828-0.webp
eb4e74fb-983a-4b3d-a03d-559593ac410f,EXPE - 96 - 120,TOTEM DE HIERRO,3.0,0,,,,KIT EXTENSION PRIMERA ERA: COFRADIA,8,1500,4,https://pub-77824f6d0d4542d282fa48605bce7479.r2.dev/cards/MYL/PRIMERA%20ERA/eb4e74fb-983a-4b3d-a03d-559593ac410f.png
80710b24-1710-44ed-b0f8-cf3a8b7c03c0,EXPE - 96 - 120,TOTEM DE HIERRO,3.0,0,,,,KIT EXTENSION PRIMERA ERA: COFRADIA,1,800,1,https://pub-77824f6d0d4542d282fa48605bce7479.r2.dev/cards/MYL/PRIMERA%20ERA/80710b24-1710-44ed-b0f8-cf3a8b7c03c0.png
9b9f5574-f64e-4e9b-b299-0c1acd0706cd,LPE23 027/300,TOTEM DE JAGUAR,2.0,0,,,,LEYENDAS PRIMERA ERA 3.0,5,2000,2,https://pub-77824f6d0d4542d282fa48605bce7479.r2.dev/cards/MYL/PRIMERA%20ERA/9b9f5574-f64e-4e9b-b299-0c1acd0706cd.png
42df7545-3302-4092-897d-7f028367feed,038 - 126 / PRIMERA ERA,TOTEM DE JAGUAR,2.0,0,,,,COLECCION: LA IRA DEL NAHUAL,11,1000,5,https://pub-77824f6d0d4542d282fa48605bce7479.r2.dev/cards/MYL/PRIMERA%20ERA/42df7545-3302-4092-897d-7f028367feed.png
80ec1375-4db4-4029-8123-97e7f3f208f3,47 - 126 / PRIMERA EDICION,TOTEM DE LA DESESPERANZA,1.0,0,,,,COLECCION: MUNDO GOTICO,2,500,1,https://pub-77824f6d0d4542d282fa48605bce7479.r2.dev/cards/MYL/PRIMERA%20ERA/80ec1375-4db4-4029-8123-97e7f3f208f3.png
43126cc9-3dd5-4000-b87a-c8f94eb789b9,45 - 170 / PRIMERA EDICION,TOTEM DE LA FECUNDIDAD,2.0,0,,,,COLECCION: COFRADIA,1,100,1,https://pub-77824f6d0d4542d282fa48605bce7479.r2.dev/cards/MYL/PRIMERA%20ERA/43126cc9-3dd5-4000-b87a-c8f94eb789b9.png
07729346-b4f0-4e47-a5d0-f1dbab6dc950,LPE23 201/300,TOTEM DE LA FECUNDIDAD,2.0,0,,,,LEYENDAS PRIMERA ERA 3.0,4,100,1,https://pub-77824f6d0d4542d282fa48605bce7479.r2.dev/cards/MYL/PRIMERA%20ERA/07729346-b4f0-4e47-a5d0-f1dbab6dc950.png
b6773025-3425-452f-9977-5aff6903181e,41 - 126 / PRIMERA EDICION,TOTEM DE LA FECUNDIDAD,2.0,0,,,,COLECCION: MUNDO GOTICO,5,300,2,https://pub-77824f6d0d4542d282fa48605bce7479.r2.dev/cards/MYL/PRIMERA%20ERA/b6773025-3425-452f-9977-5aff6903181e.png
b78a7da6-22e6-4b91-9bd2-a05577255e4f,54 - 236 / PRIMERA EDICION,TOTEM DE MAGMA,2.0,0,,,,LEYENDAS PRIMERA ERA 1.0,3,1500,2,https://pub-77824f6d0d4542d282fa48605bce7479.r2.dev/cards/MYL/PRIMERA%20ERA/b78a7da6-22e6-4b91-9bd2-a05577255e4f.png
6cea803c-e816-410e-90e6-286f72176bb4,105 - 236 / PRIMERA EDICION,TOTEM DE MAGMA,2.0,0,,,,LEYENDAS PRIMERA ERA 2.0,2,400,2,https://pub-77824f6d0d4542d282fa48605bce7479.r2.dev/cards/MYL/PRIMERA%20ERA/6cea803c-e816-410e-90e6-286f72176bb4.png
e5d75c7a-fc3e-4c6b-848f-f57cc5a2f477,LPE4 247/320,TOTEM DE PERRO,1.0,0,,,,LEYENDAS PE 4.0,20,100,1,https://pub-77824f6d0d4542d282fa48605bce7479.r2.dev/cards/MYL/PRIMERA%20ERA/e5d75c7a-fc3e-4c6b-848f-f57cc5a2f477.png
789acaf3-f971-42cd-9bad-65652ffe86f1,TKPE25 07/28,TOTEM DE PERRO,1.0,0,,,,TOOLKIT 2025: VALENTIA Y DESOLACION,27,1000,4,https://pub-77824f6d0d4542d282fa48605bce7479.r2.dev/cards/MYL/PRIMERA%20ERA/789acaf3-f971-42cd-9bad-65652ffe86f1.png
cf8986a7-8ca7-4eea-84be-679e641fa8c3,TKPE1 - 13 - 13,TOTEM DE SERPIENTE,3.0,0,,,,TOOLKIT PRIMERA ERA: WALKIRIAS,6,2000,2,https://pub-77824f6d0d4542d282fa48605bce7479.r2.dev/cards/MYL/PRIMERA%20ERA/cf8986a7-8ca7-4eea-84be-679e641fa8c3.png
e3a24c35-b10d-40b0-b1e8-f09615343cfc,TKPE24 08/28,TOTEM DE SERPIENTE,3.0,0,,,,TOOLKIT PREMIUM JUSTA,18,2000,3,https://pub-77824f6d0d4542d282fa48605bce7479.r2.dev/cards/MYL/PRIMERA%20ERA/e3a24c35-b10d-40b0-b1e8-f09615343cfc.png
9063627b-b169-47b6-b2a5-f994ad91b2cb,040 - 126 / PRIMERA ERA,TOTEM DE SERPIENTE,3.0,0,,,,COLECCION: LA IRA DEL NAHUAL,1,100,1,https://pub-77824f6d0d4542d282fa48605bce7479.r2.dev/cards/MYL/PRIMERA%20ERA/9063627b-b169-47b6-b2a5-f994ad91b2cb.png
fedb077c-ec64-472e-bb22-1b17109d4516,LPE4 302/320,TOTEM DE UKTENA,3.0,0,,,,LEYENDAS PE 4.0,20,100,1,https://pub-77824f6d0d4542d282fa48605bce7479.r2.dev/cards/MYL/PRIMERA%20ERA/fedb077c-ec64-472e-bb22-1b17109d4516.png
c215154f-3c2a-4c6e-8d4e-570c3cfe6323,034 - 126 / PRIMERA ERA,TOTEM DEL AGUILA,2.0,0,,,,COLECCION: LA IRA DEL NAHUAL,18,2000,3,https://pub-77824f6d0d4542d282fa48605bce7479.r2.dev/cards/MYL/PRIMERA%20ERA/c215154f-3c2a-4c6e-8d4e-570c3cfe6323.png
a4c7d7d6-a1df-4a45-b052-063edd7c9c8b,ANIVERSARIO LPE25 09,TOTEM DEL BOSQUE,2.0,0,,,,,4,2500,3,https://pub-77824f6d0d4542d282fa48605bce7479.r2.dev/cards/MYL/PRIMERA%20ERA/a4c7d7d6-a1df-4a45-b052-063edd7c9c8b.png
729621ca-6960-4d58-95a7-c9c4744c1579,130 - 126 / PRIMERA EDICION,TOTEM DEL BOSQUE,2.0,0,,,,COLECCION: MUNDO GOTICO,1,100,1,https://pub-77824f6d0d4542d282fa48605bce7479.r2.dev/cards/MYL/PRIMERA%20ERA/729621ca-6960-4d58-95a7-c9c4744c1579.png
85f19e2b-fff8-4b82-b351-fa349d3372e4,LPE23 197/300,TOTEM DEL BOSQUE,2.0,0,,,,LEYENDAS PRIMERA ERA 3.0,3,100,1,https://pub-77824f6d0d4542d282fa48605bce7479.r2.dev/cards/MYL/PRIMERA%20ERA/85f19e2b-fff8-4b82-b351-fa349d3372e4.png
f814119b-e168-47c6-a3ae-77d62ba7c30d,169 - 236 / PRIMERA EDICION,TOTEM DEL BOSQUE,2.0,0,,,,LEYENDAS PRIMERA ERA 2.0,3,200,2,https://pub-77824f6d0d4542d282fa48605bce7479.r2.dev/cards/MYL/PRIMERA%20ERA/f814119b-e168-47c6-a3ae-77d62ba7c30d.png
4831d62f-469b-4c9e-8240-36ad3bb0097b,032 - 126 / PRIMERA ERA,TOTEM DEL CONDOR,6.0,0,,,,COLECCION: LA IRA DEL NAHUAL,8,900,2,https://pub-77824f6d0d4542d282fa48605bce7479.r2.dev/cards/MYL/PRIMERA%20ERA/4831d62f-469b-4c9e-8240-36ad3bb0097b.png
58c2012a-d96b-44e7-b6fa-b6eb951fba49,CRPE4 48 - 117,TOTEM DEL COYOTE,2.0,0,,,,KIT RACIALES PRIMERA ERA 2025: BESTIA,14,3000,3,https://pub-77824f6d0d4542d282fa48605bce7479.r2.dev/cards/MYL/PRIMERA%20ERA/58c2012a-d96b-44e7-b6fa-b6eb951fba49.png
5b4fc91f-7de0-4658-8330-fff504e88735,EXPE - 95 - 120,TOTEM DEL MONO,3.0,0,,,,KIT EXTENSION PRIMERA ERA: COFRADIA,10,1000,5,https://pub-77824f6d0d4542d282fa48605bce7479.r2.dev/cards/MYL/PRIMERA%20ERA/5b4fc91f-7de0-4658-8330-fff504e88735.png
90f6ac48-b2c0-4de6-a497-25e550b2a918,037 - 126 / PRIMERA ERA,TOTEM DEL MONO,3.0,0,,,,COLECCION: LA IRA DEL NAHUAL,1,300,1,https://pub-77824f6d0d4542d282fa48605bce7479.r2.dev/cards/MYL/PRIMERA%20ERA/90f6ac48-b2c0-4de6-a497-25e550b2a918.png
ffda4ec9-1d60-4148-ab75-fd080be2b860,LPE4 133/320,TOTEM DEL PAJARO DE TRUENO,3.0,0,,,,LEYENDAS PE 4.0,46,500,9,https://pub-77824f6d0d4542d282fa48605bce7479.r2.dev/cards/MYL/PRIMERA%20ERA/ffda4ec9-1d60-4148-ab75-fd080be2b860.png
95bd7eb3-ffd4-4b46-8d5c-b9eea41ea6d9,TKPE1 - 10 - 13,TOTEM DEL PAJARO DE TRUENO,3.0,0,,,,TOOLKIT PRIMERA ERA: WALKIRIAS,6,1000,2,https://pub-77824f6d0d4542d282fa48605bce7479.r2.dev/cards/MYL/PRIMERA%20ERA/95bd7eb3-ffd4-4b46-8d5c-b9eea41ea6d9.png
b41be120-2f32-495d-8ef7-5c7e93268c60,TKPE24 30/28,TOTEM DEL PAJARO DE TRUENO,3.0,0,,,,TOOLKIT PREMIUM PUERTAS DEL VALHALLA,15,2000,4,https://pub-77824f6d0d4542d282fa48605bce7479.r2.dev/cards/MYL/PRIMERA%20ERA/b41be120-2f32-495d-8ef7-5c7e93268c60.png
86351762-b5f1-4ad9-ae1d-5dfc30daabb0,039 - 126 / PRIMERA ERA,TOTEM DEL PUMA,3.0,0,,,,COLECCION: LA IRA DEL NAHUAL,4,2500,1,https://pub-77824f6d0d4542d282fa48605bce7479.r2.dev/cards/MYL/PRIMERA%20ERA/86351762-b5f1-4ad9-ae1d-5dfc30daabb0.png
ae2ac6a2-8641-4198-a871-3324b0d252f5,42 - 126 / PRIMERA EDICION,TOTEM DEL VACIO,3.0,0,,,,COLECCION: MUNDO GOTICO,1,100,1,https://pub-77824f6d0d4542d282fa48605bce7479.r2.dev/cards/MYL/PRIMERA%20ERA/ae2ac6a2-8641-4198-a871-3324b0d252f5.png
23a4e6bf-81b4-4b5f-8075-5ced6a69436e,LPE23 198/300,TOTEM DEL VACIO,3.0,0,,,,LEYENDAS PRIMERA ERA 3.0,4,300,2,https://pub-77824f6d0d4542d282fa48605bce7479.r2.dev/cards/MYL/PRIMERA%20ERA/23a4e6bf-81b4-4b5f-8075-5ced6a69436e.png
7617f9d3-baa6-490b-a049-7a7ff1a49968,PRIMERA EDICION / 3 - 174,TOTEM LUNAR,2.0,0,,,,,13,1500,5,https://pub-77824f6d0d4542d282fa48605bce7479.r2.dev/pending-versions/a09cd627-0dac-4af7-96c4-4501b80b8882/1786149969869-0.webp
affe3a04-f5d9-4f3b-b48b-c87cf46fa87f,136 - 126 / PRIMERA EDICION,TOTEM RUNICO,3.0,0,,,,COLECCION: MUNDO GOTICO,1,100,1,https://pub-77824f6d0d4542d282fa48605bce7479.r2.dev/cards/MYL/PRIMERA%20ERA/affe3a04-f5d9-4f3b-b48b-c87cf46fa87f.png
48283965-14f7-4a31-86a6-0bb83ee83fd3,LPE4 334/320 P,TOTEM ULTIMO,2.0,0,,,,KIT DE BATALLA PAGANO,15,1500,6,https://pub-77824f6d0d4542d282fa48605bce7479.r2.dev/cards/MYL/PRIMERA%20ERA/48283965-14f7-4a31-86a6-0bb83ee83fd3.png
e2d787b3-dcc1-4564-9422-ed50426b97b0,LPE23 109/300,TRADICION VIVA,5.0,0,,,,LEYENDAS PRIMERA ERA 3.0,35,900,4,https://pub-77824f6d0d4542d282fa48605bce7479.r2.dev/cards/MYL/PRIMERA%20ERA/e2d787b3-dcc1-4564-9422-ed50426b97b0.png
9fe5c48f-9485-4461-877f-2791f01af43b,PROMOCIONAL LPE25 26,TRADICION VIVA,5.0,0,,,,LOOTBOX PRIMERA ERA 2025,16,2000,5,https://pub-77824f6d0d4542d282fa48605bce7479.r2.dev/cards/MYL/PRIMERA%20ERA/9fe5c48f-9485-4461-877f-2791f01af43b.png
277e91e9-78ff-421d-a5f5-8f559b7d301b,TKPE24 28/28,TRAMPA TANUKI,3.0,0,,,,TOOLKIT PREMIUM PUERTAS DEL VALHALLA,7,2500,3,https://pub-77824f6d0d4542d282fa48605bce7479.r2.dev/cards/MYL/PRIMERA%20ERA/277e91e9-78ff-421d-a5f5-8f559b7d301b.png
80c93c74-718d-4671-a9fe-813d73130a25,TKPE24 33/28,TRARILONCO,,0,,,,TOOLKIT PREMIUM PUERTAS DEL VALHALLA,8,3000,1,https://pub-77824f6d0d4542d282fa48605bce7479.r2.dev/cards/MYL/PRIMERA%20ERA/80c93c74-718d-4671-a9fe-813d73130a25.png
3a175a03-56e5-413f-bcec-689e51a983fa,CRPE2-18-84,TRAUKO,1.0,2,,,,KIT RACIALES PRIMERA ERA: BESTIA,1,1000,1,https://pub-77824f6d0d4542d282fa48605bce7479.r2.dev/cards/MYL/PRIMERA%20ERA/3a175a03-56e5-413f-bcec-689e51a983fa.png
39d3eb1d-f9a5-4bdd-8d0f-7730d3cb1421,LPE23 024/300,TRAUKO,1.0,2,,,,LEYENDAS PRIMERA ERA 3.0,15,2500,3,https://pub-77824f6d0d4542d282fa48605bce7479.r2.dev/cards/MYL/PRIMERA%20ERA/39d3eb1d-f9a5-4bdd-8d0f-7730d3cb1421.png
44a2a9d7-3347-43ee-a318-402a1a8d0de4,14 - 126 / PRIMERA EDICION,TRAUKO,1.0,2,,,,COLECCION: EL RETO,1,1000,1,https://pub-77824f6d0d4542d282fa48605bce7479.r2.dev/cards/MYL/PRIMERA%20ERA/44a2a9d7-3347-43ee-a318-402a1a8d0de4.png
c4c25540-9b82-4ba5-a501-1ea2417733af,LPE4 137/320,TRIBUTO A LOS ALCIS,1.0,0,,,,LEYENDAS PE 4.0,45,600,9,https://pub-77824f6d0d4542d282fa48605bce7479.r2.dev/cards/MYL/PRIMERA%20ERA/c4c25540-9b82-4ba5-a501-1ea2417733af.png
ff005277-5484-473f-9b61-b1f79ba00b56,98 - 170 / PRIMERA EDICION,TRITON,2.0,2,,,,COLECCION: COFRADIA,1,500,1,https://pub-77824f6d0d4542d282fa48605bce7479.r2.dev/cards/MYL/PRIMERA%20ERA/ff005277-5484-473f-9b61-b1f79ba00b56.png
aa723688-9e29-464a-afd2-7c5502bd1b8b,PROMOCIONAL LPE25 17,TRIVALDI,3.0,2,,,,LOOTBOX PRIMERA ERA 2025,13,2500,4,https://pub-77824f6d0d4542d282fa48605bce7479.r2.dev/cards/MYL/PRIMERA%20ERA/aa723688-9e29-464a-afd2-7c5502bd1b8b.png
ba807b72-f2f6-4d57-b272-89b565923065,LPE23 272/300,TRIVALDI,3.0,2,,,,LEYENDAS PRIMERA ERA 3.0,18,300,3,https://pub-77824f6d0d4542d282fa48605bce7479.r2.dev/cards/MYL/PRIMERA%20ERA/ba807b72-f2f6-4d57-b272-89b565923065.png
44bd7290-1511-4f0f-b648-c2937efc6186,74 - 126 / PRIMERA EDICION,TRIVALDI,3.0,2,,,,COLECCION: RAGNAROK,4,300,2,https://pub-77824f6d0d4542d282fa48605bce7479.r2.dev/cards/MYL/PRIMERA%20ERA/44bd7290-1511-4f0f-b648-c2937efc6186.png
830b376f-b42e-4c9b-8342-93d6c85b30c8,LPE23 151/300,TROLL,3.0,2,,,,LEYENDAS PRIMERA ERA 3.0,24,800,5,https://pub-77824f6d0d4542d282fa48605bce7479.r2.dev/cards/MYL/PRIMERA%20ERA/830b376f-b42e-4c9b-8342-93d6c85b30c8.png
05bb4fa8-09fb-4f9d-bddd-bba11b125bce,CRPE-10-72,TROLL,3.0,2,,,,KIT RACIALES PRIMERA ERA: ABOMINACION,7,2000,2,https://pub-77824f6d0d4542d282fa48605bce7479.r2.dev/cards/MYL/PRIMERA%20ERA/05bb4fa8-09fb-4f9d-bddd-bba11b125bce.png
c6d9b1f3-b658-40a8-8a8c-3220d326c021,PREMIUM LPE25 05,TRUENOS,2.0,0,,,,LOOTBOX PRIMERA ERA 2025,5,2000,1,https://pub-77824f6d0d4542d282fa48605bce7479.r2.dev/cards/MYL/PRIMERA%20ERA/c6d9b1f3-b658-40a8-8a8c-3220d326c021.png
21c8a360-d7f2-4278-af33-76974fe23746,LPE23 019/300,TSACHILA,3.0,2,,,,LEYENDAS PRIMERA ERA 3.0,12,1000,4,https://pub-77824f6d0d4542d282fa48605bce7479.r2.dev/cards/MYL/PRIMERA%20ERA/21c8a360-d7f2-4278-af33-76974fe23746.png
91227fe9-2bc4-4a35-b0f5-8b5f076d4022,CRPE2-25-84,TSACHILA,3.0,2,,,,KIT RACIALES PRIMERA ERA: GUERRERO,2,1000,2,https://pub-77824f6d0d4542d282fa48605bce7479.r2.dev/cards/MYL/PRIMERA%20ERA/91227fe9-2bc4-4a35-b0f5-8b5f076d4022.png
909220ac-78ec-4c26-b876-ee5513a05ef3,61 - 236 / PRIMERA EDICION,TSAO GUOJIU,3.0,3,,,,COLECCION: ESPIRITU DEL DRAGON,1,100,1,https://pub-77824f6d0d4542d282fa48605bce7479.r2.dev/cards/MYL/PRIMERA%20ERA/909220ac-78ec-4c26-b876-ee5513a05ef3.png
7296e9e4-4c59-4e41-b606-c0f4081168c6,CRPE5 70 - 84,TSUKUYOMI,2.0,3,,,,KIT RACIALES PRIMERA ERA 2025: KAMI,3,7000,1,https://pub-77824f6d0d4542d282fa48605bce7479.r2.dev/cards/MYL/PRIMERA%20ERA/7296e9e4-4c59-4e41-b606-c0f4081168c6.png
fdd72573-538c-4f20-ba90-900b5c49ed2b,MPC 16/18,TUE TUE,2.0,2,,,,MUNDOS PERDIDOS: CIUDAD DE LOS CESARES,13,2500,2,https://pub-77824f6d0d4542d282fa48605bce7479.r2.dev/cards/MYL/PRIMERA%20ERA/fdd72573-538c-4f20-ba90-900b5c49ed2b.png
2bb34a93-77a0-4415-b471-f07d6ea03e8e,CRPE4 41 - 117,TUE TUE,2.0,2,,,,KIT RACIALES PRIMERA ERA 2025: BESTIA,11,2000,3,https://pub-77824f6d0d4542d282fa48605bce7479.r2.dev/cards/MYL/PRIMERA%20ERA/2bb34a93-77a0-4415-b471-f07d6ea03e8e.png
88fe91d9-15b0-4314-918b-bfd24a29b5e0,EXPE - 42 - 120,TUE TUE,2.0,2,,,,KIT EXTENSION PRIMERA ERA: LA IRA DEL NAHUAL,13,1500,4,https://pub-77824f6d0d4542d282fa48605bce7479.r2.dev/cards/MYL/PRIMERA%20ERA/88fe91d9-15b0-4314-918b-bfd24a29b5e0.png
efe58c56-b584-4a3e-9d1a-768b605588d5,TKPE1 - 04 - 13,TUI,3.0,0,,,,TOOLKIT PRIMERA ERA: WALKIRIAS,1,1500,1,https://pub-77824f6d0d4542d282fa48605bce7479.r2.dev/cards/MYL/PRIMERA%20ERA/efe58c56-b584-4a3e-9d1a-768b605588d5.png
f9b402d8-0a8d-407a-9d7b-4395c71de036,199 - 236 / PRIMERA EDICION,TUI,3.0,0,,,,COLECCION: ESPIRITU DEL DRAGON,1,300,1,https://pub-77824f6d0d4542d282fa48605bce7479.r2.dev/cards/MYL/PRIMERA%20ERA/f9b402d8-0a8d-407a-9d7b-4395c71de036.png
2a032637-0f1e-4158-850e-210396259b8f,LPE23 131/300,TUMBA DEL CABALLERO,2.0,0,,,,LEYENDAS PRIMERA ERA 3.0,17,1000,2,https://pub-77824f6d0d4542d282fa48605bce7479.r2.dev/cards/MYL/PRIMERA%20ERA/2a032637-0f1e-4158-850e-210396259b8f.png
015d7e44-1e82-4a94-878a-d4843b705329,MPO 04/18,TUOLONG,4.0,4,,,,MUNDOS PERDIDOS: VIAJE AL OESTE,18,1500,5,https://pub-77824f6d0d4542d282fa48605bce7479.r2.dev/cards/MYL/PRIMERA%20ERA/015d7e44-1e82-4a94-878a-d4843b705329.png
4e98f71b-7a4f-4d32-9011-12a7783150e5,CRPE5 53 - 84,TUOLONG,4.0,4,,,,KIT RACIALES PRIMERA ERA 2025: CRIATURAS,12,2000,2,https://pub-77824f6d0d4542d282fa48605bce7479.r2.dev/cards/MYL/PRIMERA%20ERA/4e98f71b-7a4f-4d32-9011-12a7783150e5.png
276c1a66-be20-4b7f-b5c6-d1f3056f9d0c,CRPE4 46 - 117,TUYANGO,2.0,4,,,,KIT RACIALES PRIMERA ERA 2025: BESTIA,14,4500,5,https://pub-77824f6d0d4542d282fa48605bce7479.r2.dev/cards/MYL/PRIMERA%20ERA/276c1a66-be20-4b7f-b5c6-d1f3056f9d0c.png
24b8e746-4f84-4002-9c27-d91bc6746667,LPE4 309/320,TYR,5.0,5,,,,LEYENDAS PE 4.0,20,100,1,https://pub-77824f6d0d4542d282fa48605bce7479.r2.dev/cards/MYL/PRIMERA%20ERA/24b8e746-4f84-4002-9c27-d91bc6746667.png
331358e9-1e12-4659-86f6-fe255716051c,CRPE4 103 - 117,TYR,5.0,5,,,,KIT RACIALES PRIMERA ERA 2025: DIOS,15,1500,3,https://pub-77824f6d0d4542d282fa48605bce7479.r2.dev/cards/MYL/PRIMERA%20ERA/331358e9-1e12-4659-86f6-fe255716051c.png
32842b01-36d7-4b76-9808-9cff9368ccc0,EXPE - 72 - 120,TYR,5.0,5,,,,KIT EXTENSION PRIMERA ERA: RAGNAROK,9,2000,2,https://pub-77824f6d0d4542d282fa48605bce7479.r2.dev/cards/MYL/PRIMERA%20ERA/32842b01-36d7-4b76-9808-9cff9368ccc0.png
dba86f91-fdad-4592-9086-4570d427a27d,075 - 126 / PRIMERA ERA,TZITZIMIME,2.0,2,,,,COLECCION: LA IRA DEL NAHUAL,1,100,1,https://pub-77824f6d0d4542d282fa48605bce7479.r2.dev/cards/MYL/PRIMERA%20ERA/dba86f91-fdad-4592-9086-4570d427a27d.png
e5729d86-55e4-49d1-8c83-67961b1577ab,LPE4 239/320,TZITZIMIME,2.0,2,,,,LEYENDAS PE 4.0,20,100,1,https://pub-77824f6d0d4542d282fa48605bce7479.r2.dev/cards/MYL/PRIMERA%20ERA/e5729d86-55e4-49d1-8c83-67961b1577ab.png
b18b4873-047b-4d15-8f5b-210b36ceaec6,LPE4 130/320,TZOLKIN,,0,,,,LEYENDAS PE 4.0,56,900,7,https://pub-77824f6d0d4542d282fa48605bce7479.r2.dev/cards/MYL/PRIMERA%20ERA/b18b4873-047b-4d15-8f5b-210b36ceaec6.png
965bcc0d-ac8a-4e57-b13e-514bb2d1dec6,LPE4 251/320,UBBE RAGNARSSON,2.0,2,,,,LEYENDAS PE 4.0,1,100,1,https://pub-77824f6d0d4542d282fa48605bce7479.r2.dev/cards/MYL/PRIMERA%20ERA/965bcc0d-ac8a-4e57-b13e-514bb2d1dec6.png
d8cb4b05-f406-4af0-a93d-dcd8be9d325e,LPE23 214/300,UBBE RAGNARSSON,2.0,2,,,,LEYENDAS PRIMERA ERA 3.0,6,100,1,https://pub-77824f6d0d4542d282fa48605bce7479.r2.dev/cards/MYL/PRIMERA%20ERA/d8cb4b05-f406-4af0-a93d-dcd8be9d325e.png
80252da8-dc3e-420c-8218-f4f94556bf34,XINNIAN 2 08/30,UGAJIN,3.0,2,,,,XINNIAN 2: ANO DE LA SERPIENTE,24,2000,3,https://pub-77824f6d0d4542d282fa48605bce7479.r2.dev/cards/MYL/PRIMERA%20ERA/80252da8-dc3e-420c-8218-f4f94556bf34.png
630344cd-c079-4f49-a94b-b8bf66e6f9c7,LPE23 274/300,ULLR,1.0,3,,,,LEYENDAS PRIMERA ERA 3.0,12,100,1,https://pub-77824f6d0d4542d282fa48605bce7479.r2.dev/cards/MYL/PRIMERA%20ERA/630344cd-c079-4f49-a94b-b8bf66e6f9c7.png
b97ffe15-c9eb-4b07-ba1d-1b31b7fe412b,CRPE-39-72,ULLR,1.0,3,,,,KIT RACIALES PRIMERA ERA: DIOS,3,2500,2,https://pub-77824f6d0d4542d282fa48605bce7479.r2.dev/cards/MYL/PRIMERA%20ERA/b97ffe15-c9eb-4b07-ba1d-1b31b7fe412b.png
1e63640c-d615-4c8f-b71b-52edd854250b,99 - 126 / PRIMERA EDICION,ULLR,1.0,3,,,,COLECCION: RAGNAROK,10,400,2,https://pub-77824f6d0d4542d282fa48605bce7479.r2.dev/cards/MYL/PRIMERA%20ERA/1e63640c-d615-4c8f-b71b-52edd854250b.png
142f8c3c-2951-4a8c-8cde-8c190f5ec85a,089 - 126 / PRIMERA ERA,UMOARA,4.0,4,,,,COLECCION: LA IRA DEL NAHUAL,1,300,1,https://pub-77824f6d0d4542d282fa48605bce7479.r2.dev/cards/MYL/PRIMERA%20ERA/142f8c3c-2951-4a8c-8cde-8c190f5ec85a.png
ad800ccf-361e-464f-9e34-f90cce147294,CRPE5 33 - 84,UNICORNIO,1.0,1,,,,KIT RACIALES PRIMERA ERA 2025: FAERIE,10,2000,2,https://pub-77824f6d0d4542d282fa48605bce7479.r2.dev/cards/MYL/PRIMERA%20ERA/ad800ccf-361e-464f-9e34-f90cce147294.png
34745d24-03fb-442a-bdfe-143ddb5f3a95,LPE4 - 338/320,UXMAL,2.0,0,,,,KIT DE BATALLA VINLAND,9,2500,3,https://pub-77824f6d0d4542d282fa48605bce7479.r2.dev/cards/MYL/PRIMERA%20ERA/34745d24-03fb-442a-bdfe-143ddb5f3a95.png
53efa999-5536-45da-968c-98d76b17712c,TKPE26 27/32,UXMAL,2.0,0,,,,TOOLKIT 2026: ESPIRITU,29,2000,5,https://pub-77824f6d0d4542d282fa48605bce7479.r2.dev/cards/MYL/PRIMERA%20ERA/53efa999-5536-45da-968c-98d76b17712c.png
a60afae5-5987-432e-adba-f6f644a48227,LPE23 291/300,UZUME,1.0,1,,,,LEYENDAS PRIMERA ERA 3.0,7,100,1,https://pub-77824f6d0d4542d282fa48605bce7479.r2.dev/cards/MYL/PRIMERA%20ERA/a60afae5-5987-432e-adba-f6f644a48227.png
ec3a9331-0ba2-4700-8b51-4960ff71908a,27 - 236 / PRIMERA EDICION,UZUME,1.0,1,,,,COLECCION: ESPIRITU DEL DRAGON,1,100,1,https://pub-77824f6d0d4542d282fa48605bce7479.r2.dev/cards/MYL/PRIMERA%20ERA/ec3a9331-0ba2-4700-8b51-4960ff71908a.png
d6ff8da8-35ad-4c4b-a691-facaf81cedb1,MPAT 05/18,VAIROCANA,,0,,,,MUNDOS PERDIDOS: HORDA ESTEPARIA,52,2000,9,https://pub-77824f6d0d4542d282fa48605bce7479.r2.dev/pending-versions/b457c3e0-41ed-4a6b-8d6b-438846ff4e1d/1785699140725-0.webp
f640d66a-dce6-4ac5-b73a-e67a73f1215a,LPE23 283/300,VAKSALA,3.0,0,,,,LEYENDAS PRIMERA ERA 3.0,8,100,1,https://pub-77824f6d0d4542d282fa48605bce7479.r2.dev/cards/MYL/PRIMERA%20ERA/f640d66a-dce6-4ac5-b73a-e67a73f1215a.png
c836395e-1828-4701-b649-7c0a82b16b0b,LPE4 312/320,VAKSALA,3.0,0,,,,LEYENDAS PE 4.0,20,100,1,https://pub-77824f6d0d4542d282fa48605bce7479.r2.dev/cards/MYL/PRIMERA%20ERA/c836395e-1828-4701-b649-7c0a82b16b0b.png
d7c2e524-bec0-4aed-aa56-834ad3806d9a,LPE23 158/300,VALI,2.0,2,,,,LEYENDAS PRIMERA ERA 3.0,22,600,6,https://pub-77824f6d0d4542d282fa48605bce7479.r2.dev/cards/MYL/PRIMERA%20ERA/d7c2e524-bec0-4aed-aa56-834ad3806d9a.png
b7c2256e-dcab-47a2-a18e-95d67812cc2b,CRPE-46-72,VALI,2.0,2,,,,KIT RACIALES PRIMERA ERA: DIOS,3,1500,2,https://pub-77824f6d0d4542d282fa48605bce7479.r2.dev/cards/MYL/PRIMERA%20ERA/b7c2256e-dcab-47a2-a18e-95d67812cc2b.png
f7ba33a7-8979-4f8f-a30a-b170855a5c8a,LPE4 229/320,VAMPIRO,2.0,4,,,,LEYENDAS PE 4.0,20,100,1,https://pub-77824f6d0d4542d282fa48605bce7479.r2.dev/cards/MYL/PRIMERA%20ERA/f7ba33a7-8979-4f8f-a30a-b170855a5c8a.png
19479a27-0281-4bd1-bfd1-1ecb93a7abf3,LPE23 128/300,VAMPIRO,3.0,5,,,,LEYENDAS PRIMERA ERA 3.0,12,700,4,https://pub-77824f6d0d4542d282fa48605bce7479.r2.dev/cards/MYL/PRIMERA%20ERA/19479a27-0281-4bd1-bfd1-1ecb93a7abf3.png
f3973127-cdc2-4275-affe-6c36ab3d1b2a,151 - 126 / PRIMERA EDICION,VAMPIRO DEL DESIERTO,2.0,3,,,,COLECCION: MUNDO GOTICO,2,100,1,https://pub-77824f6d0d4542d282fa48605bce7479.r2.dev/cards/MYL/PRIMERA%20ERA/f3973127-cdc2-4275-affe-6c36ab3d1b2a.png
1cc72983-f116-49f2-805c-9bb306a37bf8,MPS 18/18,VAMPIRO DEL DESIERTO,2.0,3,,,,MUNDOS PERDIDOS: HORRORES DE SALEM,12,1500,3,https://pub-77824f6d0d4542d282fa48605bce7479.r2.dev/cards/MYL/PRIMERA%20ERA/1cc72983-f116-49f2-805c-9bb306a37bf8.png
f929f41c-9edd-4d64-875b-e365bd04a443,CRPE4 27 - 117,VAMPIRO DEL DESIERTO,2.0,3,,,,KIT RACIALES PRIMERA ERA 2025: VAMPIRO,19,1500,4,https://pub-77824f6d0d4542d282fa48605bce7479.r2.dev/cards/MYL/PRIMERA%20ERA/f929f41c-9edd-4d64-875b-e365bd04a443.png
3140b145-ed10-4c10-af1b-02a295e2d1d4,CRPE-69-72,VAMPIRO DEL DESIERTO,2.0,3,,,,KIT RACIALES PRIMERA ERA: VAMPIRO,5,2500,2,https://pub-77824f6d0d4542d282fa48605bce7479.r2.dev/cards/MYL/PRIMERA%20ERA/3140b145-ed10-4c10-af1b-02a295e2d1d4.png
37ed188f-19dc-4e7a-a7fa-81c2b87af723,109 - 126 / PRIMERA EDICION,VAMPIRO ORIENTAL,1.0,0,,,,COLECCION: EL RETO,7,200,3,https://pub-77824f6d0d4542d282fa48605bce7479.r2.dev/cards/MYL/PRIMERA%20ERA/37ed188f-19dc-4e7a-a7fa-81c2b87af723.png
0c762b0a-67c8-496a-aa1f-2e0a14304635,TKPE24 01/28,VAMPIRO ORIENTAL,1.0,0,,,,TOOLKIT PREMIUM JUSTA,16,1500,4,https://pub-77824f6d0d4542d282fa48605bce7479.r2.dev/cards/MYL/PRIMERA%20ERA/0c762b0a-67c8-496a-aa1f-2e0a14304635.png
314979a5-4a10-4a0b-b222-f1967693aded,LPE23 120/300,VAMPIRO ORIENTAL,1.0,0,,,,LEYENDAS PRIMERA ERA 3.0,34,600,7,https://pub-77824f6d0d4542d282fa48605bce7479.r2.dev/cards/MYL/PRIMERA%20ERA/314979a5-4a10-4a0b-b222-f1967693aded.png
e56869b8-2398-4365-9cd6-206f9097898a,CRPE-72-72,VAMPIROS AMENAZANTES,,0,,,,KIT RACIALES PRIMERA ERA: VAMPIRO,3,2500,1,https://pub-77824f6d0d4542d282fa48605bce7479.r2.dev/cards/MYL/PRIMERA%20ERA/e56869b8-2398-4365-9cd6-206f9097898a.png
e72967bc-f2fd-4e17-a350-dd203dfd169e,PROMO PE-03,VAMPIROS AMENAZANTES,,0,,,,LOOTBOX PRIMERA ERA 2024,4,3000,3,https://pub-77824f6d0d4542d282fa48605bce7479.r2.dev/cards/MYL/PRIMERA%20ERA/e72967bc-f2fd-4e17-a350-dd203dfd169e.png
41d7da10-3808-42af-9188-e366319f7257,LPE23 135/300,VAMPIROS AMENAZANTES,,0,,,,LEYENDAS PRIMERA ERA 3.0,15,1500,3,https://pub-77824f6d0d4542d282fa48605bce7479.r2.dev/cards/MYL/PRIMERA%20ERA/41d7da10-3808-42af-9188-e366319f7257.png
f55d7ac5-2ff6-49b3-bde4-110ce1f6fb66,66 - 236 / PRIMERA EDICION,VAN HELSING,2.0,2,,,,LEYENDAS PRIMERA ERA 1.0,1,1500,1,https://pub-77824f6d0d4542d282fa48605bce7479.r2.dev/cards/MYL/PRIMERA%20ERA/f55d7ac5-2ff6-49b3-bde4-110ce1f6fb66.png
b6878f43-20e8-48da-94ff-e51865286944,CRPE2-03-84,VAN HELSING,2.0,2,,,,KIT RACIALES PRIMERA ERA: CAZADOR,1,2000,1,https://pub-77824f6d0d4542d282fa48605bce7479.r2.dev/cards/MYL/PRIMERA%20ERA/b6878f43-20e8-48da-94ff-e51865286944.png
6f87205a-6af9-4666-9aba-29fb0681bb51,PROMO PE-17,VAN HELSING,2.0,2,,,,LOOTBOX PRIMERA ERA 2024,6,3500,3,https://pub-77824f6d0d4542d282fa48605bce7479.r2.dev/cards/MYL/PRIMERA%20ERA/6f87205a-6af9-4666-9aba-29fb0681bb51.png
e8f3630b-372f-40b3-821c-d7f2f24a4459,48 - 174 / PRIMERA EDICION,VAN HELSING,2.0,2,,,,,7,1000,4,https://pub-77824f6d0d4542d282fa48605bce7479.r2.dev/pending-versions/b457c3e0-41ed-4a6b-8d6b-438846ff4e1d/1786460202067-0.webp
8990e623-155c-45c0-87b3-c5a7feb31f29,LPE23 064/300,VAN HELSING,2.0,2,,,,LEYENDAS PRIMERA ERA 3.0,17,1500,6,https://pub-77824f6d0d4542d282fa48605bce7479.r2.dev/cards/MYL/PRIMERA%20ERA/8990e623-155c-45c0-87b3-c5a7feb31f29.png
4a560ec5-4de5-4e99-8887-dbe470e936ed,TKPE25 08/28,VANAHEIM,3.0,0,,,,TOOLKIT 2025: VALENTIA Y DESOLACION,25,800,6,https://pub-77824f6d0d4542d282fa48605bce7479.r2.dev/cards/MYL/PRIMERA%20ERA/4a560ec5-4de5-4e99-8887-dbe470e936ed.png
92ee9cf7-04b3-42b8-8d38-142c948dd3cf,LPE4 256/320,VANAHEIM,3.0,0,,,,LEYENDAS PE 4.0,20,100,1,https://pub-77824f6d0d4542d282fa48605bce7479.r2.dev/cards/MYL/PRIMERA%20ERA/92ee9cf7-04b3-42b8-8d38-142c948dd3cf.png
3cb72bb4-9b57-4898-8d97-015cece87db4,LPE4 249/320,VAVTRUDNIR,2.0,3,,,,LEYENDAS PE 4.0,25,100,1,https://pub-77824f6d0d4542d282fa48605bce7479.r2.dev/cards/MYL/PRIMERA%20ERA/3cb72bb4-9b57-4898-8d97-015cece87db4.png
c32c95c3-e1e3-4ab2-a485-7670106e6e54,178 - 236 / PRIMERA EDICION,VENCER SIN LUCHAR,3.0,0,,,,COLECCION: ESPIRITU DEL DRAGON,1,100,1,https://pub-77824f6d0d4542d282fa48605bce7479.r2.dev/cards/MYL/PRIMERA%20ERA/c32c95c3-e1e3-4ab2-a485-7670106e6e54.png
00dc1129-896a-4a83-b864-ec684eb281c3,LPE23 298/300,VENCER SIN LUCHAR,3.0,0,,,,LEYENDAS PRIMERA ERA 3.0,7,100,1,https://pub-77824f6d0d4542d282fa48605bce7479.r2.dev/cards/MYL/PRIMERA%20ERA/00dc1129-896a-4a83-b864-ec684eb281c3.png
363d66ff-8ab9-4469-97b8-35a898966707,MPDI 19/18,VENGANZA,,0,,,,MUNDOS PERDIDOS: ALIENTO DE FUEGO,35,2000,8,https://pub-77824f6d0d4542d282fa48605bce7479.r2.dev/pending-versions/b457c3e0-41ed-4a6b-8d6b-438846ff4e1d/1785710050847-0.webp
c013164d-1b55-4dba-a276-dbe905cbf771,165 - 236 / PRIMERA EDICION,VIAJE AL OESTE,2.0,0,,,,COLECCION: ESPIRITU DEL DRAGON,7,3000,2,https://pub-77824f6d0d4542d282fa48605bce7479.r2.dev/cards/MYL/PRIMERA%20ERA/c013164d-1b55-4dba-a276-dbe905cbf771.png
3c741a6b-3aed-4459-8581-1cb92305d6a8,98 - 236 / PRIMERA EDICION,VIAJE AL OESTE,2.0,0,,,,LEYENDAS PRIMERA ERA 2.0,3,2000,1,https://pub-77824f6d0d4542d282fa48605bce7479.r2.dev/cards/MYL/PRIMERA%20ERA/3c741a6b-3aed-4459-8581-1cb92305d6a8.png
4dbc6531-f7d7-423a-bacd-c79fe193837d,MPO 11/18,VIENTO DE FUEGO,1.0,0,,,,MUNDOS PERDIDOS: VIAJE AL OESTE,17,1000,6,https://pub-77824f6d0d4542d282fa48605bce7479.r2.dev/cards/MYL/PRIMERA%20ERA/4dbc6531-f7d7-423a-bacd-c79fe193837d.png
732f6ede-60cd-45dd-bc7b-ab6120f64b60,TKPE25 12/28,VIENTOS DEL RAGNAROK,2.0,0,,,,TOOLKIT 2025: VALENTIA Y DESOLACION,33,1500,6,https://pub-77824f6d0d4542d282fa48605bce7479.r2.dev/cards/MYL/PRIMERA%20ERA/732f6ede-60cd-45dd-bc7b-ab6120f64b60.png
2ed39cf4-aec9-4a9e-9358-d05c1cab95e7,EDICION LIMITADA JO,VIENTOS DEL RAGNAROK,2.0,0,,,,,18,4000,5,https://pub-77824f6d0d4542d282fa48605bce7479.r2.dev/pending-versions/a09cd627-0dac-4af7-96c4-4501b80b8882/1783274643286-0.webp
a13a39c0-91db-4cc9-9158-082690756e4c,LPE4 34/320,VIENTOS DEL RAGNAROK,2.0,0,,,,LEYENDAS PE 4.0,26,2000,7,https://pub-77824f6d0d4542d282fa48605bce7479.r2.dev/cards/MYL/PRIMERA%20ERA/a13a39c0-91db-4cc9-9158-082690756e4c.png
ff379eb4-9bc0-4c12-85b7-6c1f9108967d,EDICION LIMITADA PE25,VIENTOS DEL RAGNAROK,2.0,0,,,,LOOTBOX PRIMERA ERA 2025,30,2000,6,https://pub-77824f6d0d4542d282fa48605bce7479.r2.dev/cards/MYL/PRIMERA%20ERA/ff379eb4-9bc0-4c12-85b7-6c1f9108967d.png
759fc6f7-7230-4380-b1da-725a6ea23981,51 - 170 / PRIMERA EDICION,VIGILIA DE ARMAS,2.0,0,,,,COLECCION: COFRADIA,2,300,1,https://pub-77824f6d0d4542d282fa48605bce7479.r2.dev/cards/MYL/PRIMERA%20ERA/759fc6f7-7230-4380-b1da-725a6ea23981.png
72fe9c9d-b9a6-40ee-9385-09e1317af04c,LPE23 133/300,VIGILIA DE ARMAS,2.0,0,,,,LEYENDAS PRIMERA ERA 3.0,24,700,6,https://pub-77824f6d0d4542d282fa48605bce7479.r2.dev/cards/MYL/PRIMERA%20ERA/72fe9c9d-b9a6-40ee-9385-09e1317af04c.png
ab60a950-ba71-41e4-b999-663d35ddbe57,EDICION LIMITADA JO,VIKINGO,3.0,3,,,,LOOTBOX PRIMERA ERA 2025,9,5000,4,https://pub-77824f6d0d4542d282fa48605bce7479.r2.dev/cards/MYL/PRIMERA%20ERA/ab60a950-ba71-41e4-b999-663d35ddbe57.png
032b5af3-92ce-42a9-867a-f962c22fc245,LPE4 139/320,VIKINGO,3.0,3,,,,LEYENDAS PE 4.0,55,800,6,https://pub-77824f6d0d4542d282fa48605bce7479.r2.dev/cards/MYL/PRIMERA%20ERA/032b5af3-92ce-42a9-867a-f962c22fc245.png
dc060e46-b7b3-4559-b577-33872c8df37e,LPE4 - 339/320,VINLAND,3.0,0,,,,KIT DE BATALLA VINLAND,19,2000,6,https://pub-77824f6d0d4542d282fa48605bce7479.r2.dev/cards/MYL/PRIMERA%20ERA/dc060e46-b7b3-4559-b577-33872c8df37e.png
4471da7a-daed-4952-adf6-4a4637e41425,CRPE-30-72,VIRACOCHA,2.0,3,,,,KIT RACIALES PRIMERA ERA: CHAMAN,3,1500,3,https://pub-77824f6d0d4542d282fa48605bce7479.r2.dev/cards/MYL/PRIMERA%20ERA/4471da7a-daed-4952-adf6-4a4637e41425.png
c1c98c5d-dac0-40c7-80c4-22337a4f0edc,LPE4 237/320,VIRACOCHA,2.0,3,,,,LEYENDAS PE 4.0,20,100,1,https://pub-77824f6d0d4542d282fa48605bce7479.r2.dev/cards/MYL/PRIMERA%20ERA/c1c98c5d-dac0-40c7-80c4-22337a4f0edc.png
9323bf7c-3ccc-4579-9238-3d31aa187ddc,CRPE4 26 - 117,VIRNA,2.0,2,,,,KIT RACIALES PRIMERA ERA 2025: VAMPIRO,17,1500,3,https://pub-77824f6d0d4542d282fa48605bce7479.r2.dev/cards/MYL/PRIMERA%20ERA/9323bf7c-3ccc-4579-9238-3d31aa187ddc.png
fce358f9-8d92-4476-9854-d13b00e9fc0d,EXPE - 37 - 120,VIRNA,2.0,2,,,,KIT EXTENSION PRIMERA ERA: MUNDO GOTICO,8,2000,1,https://pub-77824f6d0d4542d282fa48605bce7479.r2.dev/cards/MYL/PRIMERA%20ERA/fce358f9-8d92-4476-9854-d13b00e9fc0d.png
6fba0c22-91fe-4e67-b8db-90a6b1a8e2cc,LPE4 289/320,VIRNA,2.0,2,,,,LEYENDAS PE 4.0,21,300,2,https://pub-77824f6d0d4542d282fa48605bce7479.r2.dev/cards/MYL/PRIMERA%20ERA/6fba0c22-91fe-4e67-b8db-90a6b1a8e2cc.png
3be2d5f2-c42e-4f37-b316-41c252609ce8,87 - 126 / PRIMERA EDICION,VISHNU,3.0,0,,,,COLECCION: EL RETO,7,500,2,https://pub-77824f6d0d4542d282fa48605bce7479.r2.dev/cards/MYL/PRIMERA%20ERA/3be2d5f2-c42e-4f37-b316-41c252609ce8.png
8f75250f-3c98-4bf3-8b3a-86f06a5b5d88,163 - 126 / PRIMERA EDICION,VLAD TEPES,2.0,0,,,,COLECCION: MUNDO GOTICO,1,100,1,https://pub-77824f6d0d4542d282fa48605bce7479.r2.dev/cards/MYL/PRIMERA%20ERA/8f75250f-3c98-4bf3-8b3a-86f06a5b5d88.png
13ae2fbe-15e3-42e5-91a5-2b1556946946,LPE23 192/300,VLAD TEPES,2.0,0,,,,LEYENDAS PRIMERA ERA 3.0,2,100,1,https://pub-77824f6d0d4542d282fa48605bce7479.r2.dev/cards/MYL/PRIMERA%20ERA/13ae2fbe-15e3-42e5-91a5-2b1556946946.png
aaa80144-af9e-44c5-83ef-304d13719473,LPE23 091/300,VOLA,1.0,2,,,,LEYENDAS PRIMERA ERA 3.0,27,700,6,https://pub-77824f6d0d4542d282fa48605bce7479.r2.dev/cards/MYL/PRIMERA%20ERA/aaa80144-af9e-44c5-83ef-304d13719473.png
d351fa63-52c0-4ac2-893b-c1fbbb84e39a,CRPE-18-72,VOLA,1.0,2,,,,KIT RACIALES PRIMERA ERA: BARBARO,5,1500,3,https://pub-77824f6d0d4542d282fa48605bce7479.r2.dev/cards/MYL/PRIMERA%20ERA/d351fa63-52c0-4ac2-893b-c1fbbb84e39a.png
a3703afa-14ef-4745-9389-9ca620d8f06e,29 - 126 / PRIMERA EDICION,VOLA,1.0,2,,,,COLECCION: RAGNAROK,5,400,3,https://pub-77824f6d0d4542d282fa48605bce7479.r2.dev/cards/MYL/PRIMERA%20ERA/a3703afa-14ef-4745-9389-9ca620d8f06e.png
1c01c548-630d-4b38-9b91-cee032250c60,MPC 11/18,VOLADORES SECRETOS,2.0,0,,,,MUNDOS PERDIDOS: CIUDAD DE LOS CESARES,14,1500,3,https://pub-77824f6d0d4542d282fa48605bce7479.r2.dev/cards/MYL/PRIMERA%20ERA/1c01c548-630d-4b38-9b91-cee032250c60.png
cbd78b5b-88cd-4c30-99d5-4582fed9aa10,CRPE4 116 - 117,VOLSUNG,2.0,2,,,,KIT RACIALES PRIMERA ERA 2025: BARBARO,10,2000,3,https://pub-77824f6d0d4542d282fa48605bce7479.r2.dev/cards/MYL/PRIMERA%20ERA/cbd78b5b-88cd-4c30-99d5-4582fed9aa10.png
8dff33a2-990b-4df1-a3ec-8ea1828b0052,MPV 19/18,VOLSUNG,2.0,2,,,,MUNDOS PERDIDOS: LA SAGA DE VOLSUNG,11,3500,2,https://pub-77824f6d0d4542d282fa48605bce7479.r2.dev/cards/MYL/PRIMERA%20ERA/8dff33a2-990b-4df1-a3ec-8ea1828b0052.png
c148c3c4-40a5-416b-981e-d1ea9650b06a,LPE4 200/320,VOLSUNG,2.0,2,,,,LEYENDAS PE 4.0,28,600,4,https://pub-77824f6d0d4542d282fa48605bce7479.r2.dev/cards/MYL/PRIMERA%20ERA/c148c3c4-40a5-416b-981e-d1ea9650b06a.png
b6c47bb8-9fd6-42d7-b8f1-7b9dd59b3837,LBPE24-14-21,VOLVA,2.0,3,,,,LOOTBOX PRIMERA ERA 2024,4,1500,3,https://pub-77824f6d0d4542d282fa48605bce7479.r2.dev/cards/MYL/PRIMERA%20ERA/b6c47bb8-9fd6-42d7-b8f1-7b9dd59b3837.png
0064a690-d40e-47f5-b2bd-f0195befc159,LPE4 287/320,VON KRIEG,2.0,2,,,,LEYENDAS PE 4.0,20,100,1,https://pub-77824f6d0d4542d282fa48605bce7479.r2.dev/cards/MYL/PRIMERA%20ERA/0064a690-d40e-47f5-b2bd-f0195befc159.png
d5f053f7-0a3e-4841-9f30-ffe330c93750,LBPE25 15/21,VOR,2.0,3,,,,LOOTBOX PRIMERA ERA 2025,13,1500,3,https://pub-77824f6d0d4542d282fa48605bce7479.r2.dev/cards/MYL/PRIMERA%20ERA/d5f053f7-0a3e-4841-9f30-ffe330c93750.png
0531f2a0-6109-42a9-9411-de70087bdd6e,CRPE4 107 - 117,VORDR,3.0,4,,,,KIT RACIALES PRIMERA ERA 2025: DIOS,18,1500,4,https://pub-77824f6d0d4542d282fa48605bce7479.r2.dev/cards/MYL/PRIMERA%20ERA/0531f2a0-6109-42a9-9411-de70087bdd6e.png
477ecfcc-9d29-45f1-876b-c3f0dd3eac27,CRPE4 82 - 117,VROGNOK,2.0,3,,,,KIT RACIALES PRIMERA ERA 2025: ABOMINACION,18,2500,3,https://pub-77824f6d0d4542d282fa48605bce7479.r2.dev/cards/MYL/PRIMERA%20ERA/477ecfcc-9d29-45f1-876b-c3f0dd3eac27.png
47e2dde1-58f8-4bf7-89da-f108f541ebd3,LPE4 54/320,WAKAN TANKA,5.0,5,,,,LEYENDAS PE 4.0,39,2000,7,https://pub-77824f6d0d4542d282fa48605bce7479.r2.dev/cards/MYL/PRIMERA%20ERA/47e2dde1-58f8-4bf7-89da-f108f541ebd3.png
56ce11c7-618a-4e18-a79a-0e8bdddf7323,LPE23 220/300,WALDGANGER,3.0,0,,,,LEYENDAS PRIMERA ERA 3.0,1,100,1,https://pub-77824f6d0d4542d282fa48605bce7479.r2.dev/cards/MYL/PRIMERA%20ERA/56ce11c7-618a-4e18-a79a-0e8bdddf7323.png
f79f1a8b-5d9d-4fd9-afb1-24ce5898012d,39 - 126 / PRIMERA EDICION,WALDGANGER,3.0,0,,,,COLECCION: RAGNAROK,6,300,2,https://pub-77824f6d0d4542d282fa48605bce7479.r2.dev/cards/MYL/PRIMERA%20ERA/f79f1a8b-5d9d-4fd9-afb1-24ce5898012d.png
91ea9050-22e1-40a7-b928-eaf3541c1a35,162 - 126 / PRIMERA EDICION,WALKIRIAS,,0,,,,COLECCION: EL RETO,6,700,3,https://pub-77824f6d0d4542d282fa48605bce7479.r2.dev/cards/MYL/PRIMERA%20ERA/91ea9050-22e1-40a7-b928-eaf3541c1a35.png
ea219429-c53f-4561-a0a9-fed4f521db86,TKPE1 - 01 - 13,WALKIRIAS,,0,,,,TOOLKIT PRIMERA ERA: WALKIRIAS,3,1000,2,https://pub-77824f6d0d4542d282fa48605bce7479.r2.dev/cards/MYL/PRIMERA%20ERA/ea219429-c53f-4561-a0a9-fed4f521db86.png
f0bc44be-70d1-4282-98b0-209deb5392df,100 - 170 / PRIMERA EDICION,WALKIRIAS,,0,,,,COLECCION: COFRADIA,3,1000,1,https://pub-77824f6d0d4542d282fa48605bce7479.r2.dev/cards/MYL/PRIMERA%20ERA/f0bc44be-70d1-4282-98b0-209deb5392df.png
948a5add-c3bb-4785-bad6-3dc17ff1e8e6,2 - 236 / PRIMERA EDICION,WALKIRIAS,,0,,,,LEYENDAS PRIMERA ERA 1.0,1,9000,1,https://pub-77824f6d0d4542d282fa48605bce7479.r2.dev/cards/MYL/PRIMERA%20ERA/948a5add-c3bb-4785-bad6-3dc17ff1e8e6.png
a8255ba5-3234-41d3-836a-9e0ed18b71bd,MPAT 18/18,WANG MU NIANG NIANG,4.0,3,,,,MUNDOS PERDIDOS: HORDA ESTEPARIA,39,2000,7,https://pub-77824f6d0d4542d282fa48605bce7479.r2.dev/pending-versions/b457c3e0-41ed-4a6b-8d6b-438846ff4e1d/1785629986126-0.webp
5679edcc-289a-4155-9f3d-7e02efee7ff1,COLECCIONISTA VICTORIOSA PE 8,WANGULEN,2.0,5,,,,,4,20000,1,https://pub-77824f6d0d4542d282fa48605bce7479.r2.dev/pending-versions/a09cd627-0dac-4af7-96c4-4501b80b8882/1787449748240-0.webp
09fd96cc-147e-40b8-b873-ac7da8ee2918,ANIVERSARIO LPE25 12,WANGULEN,2.0,5,,,,,1,4000,1,https://pub-77824f6d0d4542d282fa48605bce7479.r2.dev/cards/MYL/PRIMERA%20ERA/09fd96cc-147e-40b8-b873-ac7da8ee2918.png
6878d57c-4f61-4fdf-b5fa-9e43299d9d95,EXPE - 43 - 120,WANGULEN,2.0,5,,,,KIT EXTENSION PRIMERA ERA: LA IRA DEL NAHUAL,9,1500,2,https://pub-77824f6d0d4542d282fa48605bce7479.r2.dev/cards/MYL/PRIMERA%20ERA/6878d57c-4f61-4fdf-b5fa-9e43299d9d95.png
dea9c8e3-7fed-4cb9-9ec1-aa7762bbe6c6,LPE4 27/320,WANGULEN,2.0,5,,,,LEYENDAS PE 4.0,26,2000,5,https://pub-77824f6d0d4542d282fa48605bce7479.r2.dev/cards/MYL/PRIMERA%20ERA/dea9c8e3-7fed-4cb9-9ec1-aa7762bbe6c6.png
31f87db5-0653-4387-8748-68534c65423d,EDICION LIMITADA JO,WANGULEN,2.0,5,,,,,33,3500,7,https://pub-77824f6d0d4542d282fa48605bce7479.r2.dev/pending-versions/a09cd627-0dac-4af7-96c4-4501b80b8882/1783271940363-0.webp
9d7bddc2-44c2-480a-a522-c42c406d2175,CRPE4 49 - 117,WANGULEN,2.0,5,,,,KIT RACIALES PRIMERA ERA 2025: CHAMAN,12,1500,3,https://pub-77824f6d0d4542d282fa48605bce7479.r2.dev/cards/MYL/PRIMERA%20ERA/9d7bddc2-44c2-480a-a522-c42c406d2175.png
1fef3fb4-d161-49c5-bf4c-81864749b503,XINNIAN 37/32,WANLI CHANGCHENG,4.0,0,,,,XINNIAN: ANO DEL DRAGON,2,5500,1,https://pub-77824f6d0d4542d282fa48605bce7479.r2.dev/cards/MYL/PRIMERA%20ERA/1fef3fb4-d161-49c5-bf4c-81864749b503.png
fef7bc7e-1238-46f9-8228-9f6d61cd1b18,MPTO 02/18,WATT EARP,4.0,4,,,,MUNDOS PERDIDOS: TOMBSTONE,7,4000,2,https://pub-77824f6d0d4542d282fa48605bce7479.r2.dev/cards/MYL/PRIMERA%20ERA/fef7bc7e-1238-46f9-8228-9f6d61cd1b18.png
273aed46-670a-457d-a5e1-0cdcad08319d,CRPE4 59 - 117,WAYRA TATA,4.0,4,,,,KIT RACIALES PRIMERA ERA 2025: CHAMAN,13,2000,3,https://pub-77824f6d0d4542d282fa48605bce7479.r2.dev/cards/MYL/PRIMERA%20ERA/273aed46-670a-457d-a5e1-0cdcad08319d.png
47a6fcc3-77db-4b8e-a51f-cccfb8576d02,MPTO 06/18,WECHUGE,3.0,3,,,,MUNDOS PERDIDOS: TOMBSTONE,16,2000,4,https://pub-77824f6d0d4542d282fa48605bce7479.r2.dev/cards/MYL/PRIMERA%20ERA/47a6fcc3-77db-4b8e-a51f-cccfb8576d02.png
fae14aea-1644-49b3-9245-512a66b7ce99,LPE23 039/300,WENDIGO,4.0,5,,,,LEYENDAS PRIMERA ERA 3.0,20,2000,7,https://pub-77824f6d0d4542d282fa48605bce7479.r2.dev/cards/MYL/PRIMERA%20ERA/fae14aea-1644-49b3-9245-512a66b7ce99.png
c3caaa16-a79a-46c3-ae64-3c33dbc207aa,MPDI 07/18,WIELAND,,0,,,,MUNDOS PERDIDOS: ALIENTO DE FUEGO,49,2500,11,https://pub-77824f6d0d4542d282fa48605bce7479.r2.dev/pending-versions/b457c3e0-41ed-4a6b-8d6b-438846ff4e1d/1785711906031-0.webp
d8900259-68b2-4ed1-a5d1-2ee6798e4ed0,LPE4 - 347/320 P,WIRAQOCHA,2.0,1,,,,LEYENDAS PE 4.0,4,500,2,https://pub-77824f6d0d4542d282fa48605bce7479.r2.dev/pending-versions/b457c3e0-41ed-4a6b-8d6b-438846ff4e1d/1786640485940-0.webp
61aea26a-009a-4948-92ad-a29f101dab1f,LBPE25 13/21,WITTE WIWER,2.0,2,,,,LOOTBOX PRIMERA ERA 2025,36,2000,5,https://pub-77824f6d0d4542d282fa48605bce7479.r2.dev/cards/MYL/PRIMERA%20ERA/61aea26a-009a-4948-92ad-a29f101dab1f.png
db8ee013-9d7e-4757-b5f5-2938563759e1,99 - 236 / PRIMERA EDICION,WONG FEI HUNG,1.0,1,,,,COLECCION: ESPIRITU DEL DRAGON,7,200,2,https://pub-77824f6d0d4542d282fa48605bce7479.r2.dev/cards/MYL/PRIMERA%20ERA/db8ee013-9d7e-4757-b5f5-2938563759e1.png
c43262d5-7e01-4e1b-ad8a-8f968ac7df43,LPE23 288/300,WONG FEI HUNG,1.0,1,,,,LEYENDAS PRIMERA ERA 3.0,5,100,1,https://pub-77824f6d0d4542d282fa48605bce7479.r2.dev/cards/MYL/PRIMERA%20ERA/c43262d5-7e01-4e1b-ad8a-8f968ac7df43.png
c995689a-2634-48be-88d2-7b4db9f46d9e,LPE23 045/300,WOTAN,3.0,3,,,,LEYENDAS PRIMERA ERA 3.0,15,1000,5,https://pub-77824f6d0d4542d282fa48605bce7479.r2.dev/cards/MYL/PRIMERA%20ERA/c995689a-2634-48be-88d2-7b4db9f46d9e.png
4b406d14-0a62-4183-b96a-ef4b53d95204,LPE4 202/320,WOTAN,3.0,3,,,,LEYENDAS PE 4.0,39,600,7,https://pub-77824f6d0d4542d282fa48605bce7479.r2.dev/cards/MYL/PRIMERA%20ERA/4b406d14-0a62-4183-b96a-ef4b53d95204.png
f1eee516-0972-40ba-96ae-b72460b4fec1,EDICION LIMITADA PE 24,WOTAN,3.0,3,,,,,3,6000,3,https://pub-77824f6d0d4542d282fa48605bce7479.r2.dev/pending-versions/a09cd627-0dac-4af7-96c4-4501b80b8882/1783273214822-0.webp
48c6ac2d-15c9-45c7-967a-d513438eb14f,CRPE5 60 - 84,WU QIN XI,4.0,0,,,,KIT RACIALES PRIMERA ERA 2025: CRIATURAS,6,3000,2,https://pub-77824f6d0d4542d282fa48605bce7479.r2.dev/cards/MYL/PRIMERA%20ERA/48c6ac2d-15c9-45c7-967a-d513438eb14f.png
4f36b721-0efc-41eb-a5ac-9a2f1ad06490,MPDI 04/18,WURM DE PANTANO,,0,,,,MUNDOS PERDIDOS: ALIENTO DE FUEGO,44,3000,12,https://pub-77824f6d0d4542d282fa48605bce7479.r2.dev/pending-versions/a09cd627-0dac-4af7-96c4-4501b80b8882/1786239416493-0.webp
e2252833-68b7-4830-9cf6-2c3b2606cd85,CRPE5 17 - 84,WYRM DE LA PLAGA,3.0,3,,,,KIT RACIALES PRIMERA ERA 2025: DRAGON,1,2000,1,https://pub-77824f6d0d4542d282fa48605bce7479.r2.dev/cards/MYL/PRIMERA%20ERA/e2252833-68b7-4830-9cf6-2c3b2606cd85.png
d3481795-ecf8-48cb-8dc5-8472968fb835,CRPE3 - 22 - 36,WYRM DE LA PLAGA,3.0,3,,,,KIT RACIALES PRIMERA ERA: DRAGON,10,2000,5,https://pub-77824f6d0d4542d282fa48605bce7479.r2.dev/cards/MYL/PRIMERA%20ERA/d3481795-ecf8-48cb-8dc5-8472968fb835.png
d877ad15-9421-483f-8fdf-32f37ba56066,MPA-04-18,WYVERN NEGRO,3.0,3,,,,MUNDOS PERDIDOS: LEYENDAS DE AVALON,18,1000,5,https://pub-77824f6d0d4542d282fa48605bce7479.r2.dev/cards/MYL/PRIMERA%20ERA/d877ad15-9421-483f-8fdf-32f37ba56066.png
9f044ad0-804f-4d9c-b7a9-910446fc8f5c,LPE4 107/320,WYVERN NEGRO,3.0,3,,,,LEYENDAS PE 4.0,49,500,8,https://pub-77824f6d0d4542d282fa48605bce7479.r2.dev/cards/MYL/PRIMERA%20ERA/9f044ad0-804f-4d9c-b7a9-910446fc8f5c.png
3f906b8d-59e2-416f-aaea-556d04c58544,PREMIUM LPE25 26,XI YOU JI,,0,,,,LOOTBOX PRIMERA ERA 2025,1,7000,1,https://pub-77824f6d0d4542d282fa48605bce7479.r2.dev/cards/MYL/PRIMERA%20ERA/3f906b8d-59e2-416f-aaea-556d04c58544.png
46c264fb-04a9-4234-ad8d-d4d1f7329b11,MPO 00/18,XI YOU JI,,0,,,,MUNDOS PERDIDOS: VIAJE AL OESTE,5,7000,1,https://pub-77824f6d0d4542d282fa48605bce7479.r2.dev/cards/MYL/PRIMERA%20ERA/46c264fb-04a9-4234-ad8d-d4d1f7329b11.png
47a427cd-29b3-4e0f-b9d3-8bf0543a4a7f,XINNIAN 2 13/30,XIA SHI,3.0,0,,,,XINNIAN 2: ANO DE LA SERPIENTE,12,1000,3,https://pub-77824f6d0d4542d282fa48605bce7479.r2.dev/cards/MYL/PRIMERA%20ERA/47a427cd-29b3-4e0f-b9d3-8bf0543a4a7f.png
0bd41749-aba7-4a55-a6ea-64689e059a3d,LBPE25 18/21,XIEZHI,2.0,3,,,,LOOTBOX PRIMERA ERA 2025,19,2000,5,https://pub-77824f6d0d4542d282fa48605bce7479.r2.dev/cards/MYL/PRIMERA%20ERA/0bd41749-aba7-4a55-a6ea-64689e059a3d.png
a978a24f-682c-4738-b7c7-d6a4dcaae425,LPE23 056/300,XING YI QUAN,1.0,0,,,,LEYENDAS PRIMERA ERA 3.0,16,2000,3,https://pub-77824f6d0d4542d282fa48605bce7479.r2.dev/cards/MYL/PRIMERA%20ERA/a978a24f-682c-4738-b7c7-d6a4dcaae425.png
97b07866-b979-4ea3-a3dc-f8807bd895ea,LPE4 72/320,XING YI QUAN,1.0,0,,,,LEYENDAS PE 4.0,23,1500,6,https://pub-77824f6d0d4542d282fa48605bce7479.r2.dev/cards/MYL/PRIMERA%20ERA/97b07866-b979-4ea3-a3dc-f8807bd895ea.png
879c88f6-a67c-4736-b5f5-36c461f177d5,EDICION LIMITADA JO,XING YI QUAN,1.0,0,,,,,23,4000,4,https://pub-77824f6d0d4542d282fa48605bce7479.r2.dev/pending-versions/a09cd627-0dac-4af7-96c4-4501b80b8882/1783267231648-0.webp
de690e0c-78b9-4090-ae88-2dbde68120fa,LPE23 080/300,XOCHI VAOYOTL,4.0,0,,,,LEYENDAS PRIMERA ERA 3.0,15,600,4,https://pub-77824f6d0d4542d282fa48605bce7479.r2.dev/cards/MYL/PRIMERA%20ERA/de690e0c-78b9-4090-ae88-2dbde68120fa.png
640f00b0-7fe4-4db0-a26e-3cd335f40ccf,015 - 126 / PRIMERA ERA,XOCHI VAOYOTL,4.0,0,,,,COLECCION: LA IRA DEL NAHUAL,1,300,1,https://pub-77824f6d0d4542d282fa48605bce7479.r2.dev/cards/MYL/PRIMERA%20ERA/640f00b0-7fe4-4db0-a26e-3cd335f40ccf.png
cbe6a9b4-992a-4471-8fa7-770e0b757fff,LPE23 265/300,XOCHIQUETZAL,3.0,0,,,,LEYENDAS PRIMERA ERA 3.0,3,100,1,https://pub-77824f6d0d4542d282fa48605bce7479.r2.dev/cards/MYL/PRIMERA%20ERA/cbe6a9b4-992a-4471-8fa7-770e0b757fff.png
76530022-f51f-4a9d-ac0a-76788e80ebfb,030 - 126 / PRIMERA ERA,XOCHIQUETZAL,3.0,0,,,,COLECCION: LA IRA DEL NAHUAL,1,100,1,https://pub-77824f6d0d4542d282fa48605bce7479.r2.dev/cards/MYL/PRIMERA%20ERA/76530022-f51f-4a9d-ac0a-76788e80ebfb.png
b4489f2b-fef4-451a-8aba-5740af285657,53 - 170 / PRIMERA EDICION,XOLOTL,4.0,0,,,,COLECCION: COFRADIA,1,100,1,https://pub-77824f6d0d4542d282fa48605bce7479.r2.dev/cards/MYL/PRIMERA%20ERA/b4489f2b-fef4-451a-8aba-5740af285657.png
d517c339-c673-4407-b8c5-cc1ffed6d643,LPE23 181/300,XOLOTL,4.0,0,,,,LEYENDAS PRIMERA ERA 3.0,4,300,1,https://pub-77824f6d0d4542d282fa48605bce7479.r2.dev/cards/MYL/PRIMERA%20ERA/d517c339-c673-4407-b8c5-cc1ffed6d643.png
7985eacd-89ea-476d-b9a2-761d897c574b,85 - 126 / PRIMERA EDICION,XOLOTL,4.0,0,,,,COLECCION: EL RETO,6,100,2,https://pub-77824f6d0d4542d282fa48605bce7479.r2.dev/cards/MYL/PRIMERA%20ERA/7985eacd-89ea-476d-b9a2-761d897c574b.png
b0651599-caa2-487c-9ead-a13b04fc0264,LPE4 185/320,XOLOTL HUETZI,3.0,3,,,,LEYENDAS PE 4.0,29,600,6,https://pub-77824f6d0d4542d282fa48605bce7479.r2.dev/cards/MYL/PRIMERA%20ERA/b0651599-caa2-487c-9ead-a13b04fc0264.png
1a8cac5d-a331-434a-a323-6e43704077cc,CRPE4 54 - 117,XOLOTL HUETZI,3.0,3,,,,KIT RACIALES PRIMERA ERA 2025: CHAMAN,10,1000,2,https://pub-77824f6d0d4542d282fa48605bce7479.r2.dev/cards/MYL/PRIMERA%20ERA/1a8cac5d-a331-434a-a323-6e43704077cc.png
d9d252e6-7422-4cde-bb8b-74b7acc2a2d5,HPE 10/21,XOLOTL HUETZI,3.0,3,,,,VIGILANTES DE LA NOCHE,4,1000,1,https://pub-77824f6d0d4542d282fa48605bce7479.r2.dev/cards/MYL/PRIMERA%20ERA/d9d252e6-7422-4cde-bb8b-74b7acc2a2d5.png
029d81a1-d79d-4329-97e9-ed6cd710a682,MPA-05-18,Y DDRAIG GOCH,3.0,3,,,,MUNDOS PERDIDOS: LEYENDAS DE AVALON,15,1000,7,https://pub-77824f6d0d4542d282fa48605bce7479.r2.dev/cards/MYL/PRIMERA%20ERA/029d81a1-d79d-4329-97e9-ed6cd710a682.png
762b9f24-8ee2-4095-81ca-2a714a5a8ef9,CRPE5 15 - 84,Y DDRAIG GOCH,3.0,3,,,,KIT RACIALES PRIMERA ERA 2025: DRAGON,1,1000,1,https://pub-77824f6d0d4542d282fa48605bce7479.r2.dev/cards/MYL/PRIMERA%20ERA/762b9f24-8ee2-4095-81ca-2a714a5a8ef9.png
3354f488-f263-463d-ba2a-1b62e27f0c25,LPE4 164/320,Y DDRAIG GOCH,3.0,3,,,,LEYENDAS PE 4.0,45,700,7,https://pub-77824f6d0d4542d282fa48605bce7479.r2.dev/cards/MYL/PRIMERA%20ERA/3354f488-f263-463d-ba2a-1b62e27f0c25.png
977d1335-ac7f-4695-a6e5-c486ba6f633c,CRPE5 22 - 84,Y DDRAIG WEN,5.0,5,,,,KIT RACIALES PRIMERA ERA 2025: DRAGON,5,2500,2,https://pub-77824f6d0d4542d282fa48605bce7479.r2.dev/cards/MYL/PRIMERA%20ERA/977d1335-ac7f-4695-a6e5-c486ba6f633c.png
415b25bc-a562-4ef7-a612-bcb91b1f6d4f,CRPE5 44 - 84,YAGYU JUBEI,2.0,2,,,,KIT RACIALES PRIMERA ERA 2025: CAMPEON,17,2000,2,https://pub-77824f6d0d4542d282fa48605bce7479.r2.dev/cards/MYL/PRIMERA%20ERA/415b25bc-a562-4ef7-a612-bcb91b1f6d4f.png
6d34469d-1716-4906-987a-e87aa0d17dfd,LPE4 261/320,YAMA BUSHI,3.0,3,,,,LEYENDAS PE 4.0,18,100,1,https://pub-77824f6d0d4542d282fa48605bce7479.r2.dev/cards/MYL/PRIMERA%20ERA/6d34469d-1716-4906-987a-e87aa0d17dfd.png
9f932b70-cb8f-4619-9b63-16089af8dc78,EXPE - 109 - 120,YAMA BUSHI,3.0,3,,,,KIT EXTENSION PRIMERA ERA: ESPIRITU DEL DRAGON,5,1500,1,https://pub-77824f6d0d4542d282fa48605bce7479.r2.dev/cards/MYL/PRIMERA%20ERA/9f932b70-cb8f-4619-9b63-16089af8dc78.png
6ceb337e-a290-48c7-9510-db718bdec04a,XINNIAN 12/32,YANG FANGMU,4.0,0,,,,XINNIAN: ANO DEL DRAGON,11,1500,3,https://pub-77824f6d0d4542d282fa48605bce7479.r2.dev/cards/MYL/PRIMERA%20ERA/6ceb337e-a290-48c7-9510-db718bdec04a.png
fb65c5fe-f4b8-4687-8729-078109265f6a,XINNIAN 3 02/30,YANG ZONGBAO,3.0,3,,,,XINNIAN 3: ANO DEL CABALLO,14,2500,2,https://pub-77824f6d0d4542d282fa48605bce7479.r2.dev/cards/MYL/PRIMERA%20ERA/fb65c5fe-f4b8-4687-8729-078109265f6a.png
3db65327-eef8-41c1-8d9f-2305dab87360,LPE4 69/320,YANHUA,2.0,0,,,,LEYENDAS PE 4.0,30,1500,7,https://pub-77824f6d0d4542d282fa48605bce7479.r2.dev/cards/MYL/PRIMERA%20ERA/3db65327-eef8-41c1-8d9f-2305dab87360.png
7d71c330-2037-4b12-9557-db04de6c3564,PROMOCIONAL LPE25 25,YANHUA,2.0,0,,,,LOOTBOX PRIMERA ERA 2025,11,2000,3,https://pub-77824f6d0d4542d282fa48605bce7479.r2.dev/cards/MYL/PRIMERA%20ERA/7d71c330-2037-4b12-9557-db04de6c3564.png
f7f824c5-0f46-472d-85db-38187366bd94,XINNIAN 18/32,YANHUA,2.0,0,,,,XINNIAN: ANO DEL DRAGON,13,2000,2,https://pub-77824f6d0d4542d282fa48605bce7479.r2.dev/cards/MYL/PRIMERA%20ERA/f7f824c5-0f46-472d-85db-38187366bd94.png
7a1151b0-3af0-482f-ab35-1eac64979a7e,LPE4 244/320,YANOMAMI,4.0,0,,,,LEYENDAS PE 4.0,20,100,1,https://pub-77824f6d0d4542d282fa48605bce7479.r2.dev/cards/MYL/PRIMERA%20ERA/7a1151b0-3af0-482f-ab35-1eac64979a7e.png
dcf6fa87-e7ef-45ec-9e62-489ea27e5a68,LPE23 206/300,YANOMAMI,4.0,0,,,,LEYENDAS PRIMERA ERA 3.0,4,100,1,https://pub-77824f6d0d4542d282fa48605bce7479.r2.dev/cards/MYL/PRIMERA%20ERA/dcf6fa87-e7ef-45ec-9e62-489ea27e5a68.png
4ec32a15-6033-4149-b9e6-7607a148985c,002 - 126 / PRIMERA ERA,YANOMAMI,4.0,0,,,,COLECCION: LA IRA DEL NAHUAL,2,300,2,https://pub-77824f6d0d4542d282fa48605bce7479.r2.dev/cards/MYL/PRIMERA%20ERA/4ec32a15-6033-4149-b9e6-7607a148985c.png
6825f0bb-db87-4cc7-84e8-cd50c5e8f754,233 - 236 / PRIMERA EDICION,YASAKANI,,0,,,,COLECCION: ESPIRITU DEL DRAGON,6,1000,3,https://pub-77824f6d0d4542d282fa48605bce7479.r2.dev/cards/MYL/PRIMERA%20ERA/6825f0bb-db87-4cc7-84e8-cd50c5e8f754.png
4afebdea-8498-4eb6-bd54-2c667eb13501,EDICION LIMITADA PE 24,YASAKANI,,0,,,,,4,18000,2,https://pub-77824f6d0d4542d282fa48605bce7479.r2.dev/pending-versions/a09cd627-0dac-4af7-96c4-4501b80b8882/1784325236684-0.webp
c5d6e703-eb51-46c8-8211-68ed1c1b1a90,233 - 236 / PRIMERA EDICION,YASAKANI,,0,,,,,1,4000,1,https://pub-77824f6d0d4542d282fa48605bce7479.r2.dev/pending-versions/a09cd627-0dac-4af7-96c4-4501b80b8882/1783276390492-0.webp
5a30c49b-77ca-4bc1-92f3-87f3507cdffe,LPE23 264/300,YASKOMO,2.0,2,,,,LEYENDAS PRIMERA ERA 3.0,9,100,1,https://pub-77824f6d0d4542d282fa48605bce7479.r2.dev/cards/MYL/PRIMERA%20ERA/5a30c49b-77ca-4bc1-92f3-87f3507cdffe.png
ef558775-029e-417b-9ea2-e8d3d41419f4,LPE4 298/320,YASKOMO,2.0,2,,,,LEYENDAS PE 4.0,20,100,1,https://pub-77824f6d0d4542d282fa48605bce7479.r2.dev/cards/MYL/PRIMERA%20ERA/ef558775-029e-417b-9ea2-e8d3d41419f4.png
8fec6818-f262-4695-bb14-439774ce0178,LPE23 075/300,YATIRI,2.0,3,,,,LEYENDAS PRIMERA ERA 3.0,21,800,7,https://pub-77824f6d0d4542d282fa48605bce7479.r2.dev/cards/MYL/PRIMERA%20ERA/8fec6818-f262-4695-bb14-439774ce0178.png
578c3f21-9802-4c2f-9382-54b31e007b62,CRPE-35-72,YATIRI,2.0,3,,,,KIT RACIALES PRIMERA ERA: CHAMAN,1,500,1,https://pub-77824f6d0d4542d282fa48605bce7479.r2.dev/cards/MYL/PRIMERA%20ERA/578c3f21-9802-4c2f-9382-54b31e007b62.png
27e146d7-dc97-464f-9f83-4cad0cc9b458,XINNIAN 3 14/30,YE MA FEN ZONG,3.0,0,,,,XINNIAN 3: ANO DEL CABALLO,16,2000,2,https://pub-77824f6d0d4542d282fa48605bce7479.r2.dev/cards/MYL/PRIMERA%20ERA/27e146d7-dc97-464f-9f83-4cad0cc9b458.png
a2252403-e5fe-45e8-bc79-8b0fee36dbce,MPTO 05/18,YEE NAALDLOOSHI,2.0,2,,,,MUNDOS PERDIDOS: TOMBSTONE,9,1500,3,https://pub-77824f6d0d4542d282fa48605bce7479.r2.dev/cards/MYL/PRIMERA%20ERA/a2252403-e5fe-45e8-bc79-8b0fee36dbce.png
1d6defd1-ce6d-4b6a-8baa-c5d641be2f6e,EXPE - 98 - 120,YELMO,2.0,0,,,,KIT EXTENSION PRIMERA ERA: COFRADIA,5,800,3,https://pub-77824f6d0d4542d282fa48605bce7479.r2.dev/cards/MYL/PRIMERA%20ERA/1d6defd1-ce6d-4b6a-8baa-c5d641be2f6e.png
35c353fa-a435-446d-9cc8-915d7ad4974c,89 - 126 / PRIMERA EDICION,YELMO ESCANDINAVO,2.0,0,,,,COLECCION: RAGNAROK,1,100,1,https://pub-77824f6d0d4542d282fa48605bce7479.r2.dev/cards/MYL/PRIMERA%20ERA/35c353fa-a435-446d-9cc8-915d7ad4974c.png
4915cd16-098b-4f01-af86-ffb973d6879f,LPE23 280/300,YELMO ESCANDINAVO,2.0,0,,,,LEYENDAS PRIMERA ERA 3.0,7,100,1,https://pub-77824f6d0d4542d282fa48605bce7479.r2.dev/cards/MYL/PRIMERA%20ERA/4915cd16-098b-4f01-af86-ffb973d6879f.png
971430fb-c418-48f1-b9fa-e2e851c96e23,XINNIAN 11/32,YEMA TIAO JIAN,4.0,0,,,,XINNIAN: ANO DEL DRAGON,10,1000,2,https://pub-77824f6d0d4542d282fa48605bce7479.r2.dev/cards/MYL/PRIMERA%20ERA/971430fb-c418-48f1-b9fa-e2e851c96e23.png
1a07ee72-86e1-4bca-bdda-3265c9cfc352,LPE4 216/320,YEMA TIAO JIAN,4.0,0,,,,LEYENDAS PE 4.0,38,600,5,https://pub-77824f6d0d4542d282fa48605bce7479.r2.dev/cards/MYL/PRIMERA%20ERA/1a07ee72-86e1-4bca-bdda-3265c9cfc352.png
6a5d51ac-f3ef-4a91-af4d-26f333fad524,162 - 236 / PRIMERA EDICION,YINGZHAO CHUAN-FA,6.0,0,,,,COLECCION: ESPIRITU DEL DRAGON,3,2000,1,https://pub-77824f6d0d4542d282fa48605bce7479.r2.dev/cards/MYL/PRIMERA%20ERA/6a5d51ac-f3ef-4a91-af4d-26f333fad524.png
5d0afd72-079b-4c17-82c9-5a03f69b602c,CRPE5 82 - 84,YINYANGGONG,3.0,3,,,,KIT RACIALES PRIMERA ERA 2025: XIAN,4,2000,1,https://pub-77824f6d0d4542d282fa48605bce7479.r2.dev/cards/MYL/PRIMERA%20ERA/5d0afd72-079b-4c17-82c9-5a03f69b602c.png
a8be53e2-9e9b-49c2-9f5c-d35eb617b23c,PROMOCIONAL LPE25 18,YORD,3.0,4,,,,LOOTBOX PRIMERA ERA 2025,20,2500,3,https://pub-77824f6d0d4542d282fa48605bce7479.r2.dev/cards/MYL/PRIMERA%20ERA/a8be53e2-9e9b-49c2-9f5c-d35eb617b23c.png
c38db74f-a507-4046-89b2-ed64ef9b4ed0,CRPE4 105 - 117,YORD,3.0,4,,,,KIT RACIALES PRIMERA ERA 2025: DIOS,14,2000,3,https://pub-77824f6d0d4542d282fa48605bce7479.r2.dev/cards/MYL/PRIMERA%20ERA/c38db74f-a507-4046-89b2-ed64ef9b4ed0.png
3538801b-2224-498d-bd4b-f09270698b40,LPE23 050/300,YORITOMO,2.0,2,,,,LEYENDAS PRIMERA ERA 3.0,17,1500,5,https://pub-77824f6d0d4542d282fa48605bce7479.r2.dev/cards/MYL/PRIMERA%20ERA/3538801b-2224-498d-bd4b-f09270698b40.png
bee5bc27-f545-4eda-857a-8022201f44a1,LPE4 207/320,YORITOMO,2.0,2,,,,LEYENDAS PE 4.0,36,600,5,https://pub-77824f6d0d4542d282fa48605bce7479.r2.dev/cards/MYL/PRIMERA%20ERA/bee5bc27-f545-4eda-857a-8022201f44a1.png
eefa59c9-2b42-4312-a942-5d8d40c09c27,LEGENDARIA LPE25 05,YORITOMO,2.0,2,,,,LOOTBOX PRIMERA ERA 2025,17,4500,7,https://pub-77824f6d0d4542d282fa48605bce7479.r2.dev/cards/MYL/PRIMERA%20ERA/eefa59c9-2b42-4312-a942-5d8d40c09c27.png
368b7872-0d23-40ba-917b-6fa3d55322ba,CRPE5 41 - 84,YORITOMO,2.0,2,,,,KIT RACIALES PRIMERA ERA 2025: CAMPEON,31,1000,3,https://pub-77824f6d0d4542d282fa48605bce7479.r2.dev/cards/MYL/PRIMERA%20ERA/368b7872-0d23-40ba-917b-6fa3d55322ba.png
a0774512-15ee-4a32-a903-7500b74bb0bd,67 - 126 / PRIMERA EDICION,YORMUNGAND,2.0,3,,,,COLECCION: RAGNAROK,1,100,1,https://pub-77824f6d0d4542d282fa48605bce7479.r2.dev/cards/MYL/PRIMERA%20ERA/a0774512-15ee-4a32-a903-7500b74bb0bd.png
26284599-7542-435f-bf39-55e5cc078083,LPE23 212/300,YORMUNGAND,2.0,3,,,,LEYENDAS PRIMERA ERA 3.0,1,100,1,https://pub-77824f6d0d4542d282fa48605bce7479.r2.dev/cards/MYL/PRIMERA%20ERA/26284599-7542-435f-bf39-55e5cc078083.png
ec945d30-db97-4846-a355-5c84e47d106e,203 - 236 / PRIMERA EDICION,YOROI,3.0,0,,,,COLECCION: ESPIRITU DEL DRAGON,1,1000,1,https://pub-77824f6d0d4542d282fa48605bce7479.r2.dev/cards/MYL/PRIMERA%20ERA/ec945d30-db97-4846-a355-5c84e47d106e.png
09ea99ab-0508-43e1-a0b1-3d3a1faaeaaa,CRPE5 56 - 84,YOSEI,5.0,5,,,,KIT RACIALES PRIMERA ERA 2025: CRIATURAS,9,2000,2,https://pub-77824f6d0d4542d282fa48605bce7479.r2.dev/cards/MYL/PRIMERA%20ERA/09ea99ab-0508-43e1-a0b1-3d3a1faaeaaa.png
461ba445-077d-4e0d-bd58-08e95336d66e,LPE4 257/320,YOTUNHEIM,3.0,0,,,,LEYENDAS PE 4.0,20,100,1,https://pub-77824f6d0d4542d282fa48605bce7479.r2.dev/cards/MYL/PRIMERA%20ERA/461ba445-077d-4e0d-bd58-08e95336d66e.png
a118cd08-7881-494f-9d40-8bf6b9bd45f4,EXPE - 78 - 120,YOTUNHEIM,3.0,0,,,,KIT EXTENSION PRIMERA ERA: RAGNAROK,10,1000,2,https://pub-77824f6d0d4542d282fa48605bce7479.r2.dev/cards/MYL/PRIMERA%20ERA/a118cd08-7881-494f-9d40-8bf6b9bd45f4.png
3e3fbdcf-ec8e-422b-9735-21c028ad09db,EXPE - 108 - 120,YU DAYOU,3.0,2,,,,KIT EXTENSION PRIMERA ERA: ESPIRITU DEL DRAGON,2,2500,1,https://pub-77824f6d0d4542d282fa48605bce7479.r2.dev/cards/MYL/PRIMERA%20ERA/3e3fbdcf-ec8e-422b-9735-21c028ad09db.png
d0b7f8d6-36ba-4425-a3cc-8f28575681b0,LPE4 263/320,YU HUANG,3.0,3,,,,LEYENDAS PE 4.0,18,100,1,https://pub-77824f6d0d4542d282fa48605bce7479.r2.dev/cards/MYL/PRIMERA%20ERA/d0b7f8d6-36ba-4425-a3cc-8f28575681b0.png
664b9a16-7894-4321-9ef3-7d0f3be76a1e,EXPE - 102 - 120,YU HUANG,3.0,3,,,,KIT EXTENSION PRIMERA ERA: ESPIRITU DEL DRAGON,7,2500,2,https://pub-77824f6d0d4542d282fa48605bce7479.r2.dev/cards/MYL/PRIMERA%20ERA/664b9a16-7894-4321-9ef3-7d0f3be76a1e.png
41dc87d0-0f8b-42e0-9422-0b91a0a0f79e,PROMO PE-23,YU HUANG,3.0,3,,,,LOOTBOX PRIMERA ERA 2024,3,2500,3,https://pub-77824f6d0d4542d282fa48605bce7479.r2.dev/cards/MYL/PRIMERA%20ERA/41dc87d0-0f8b-42e0-9422-0b91a0a0f79e.png
7fa8952a-d44a-458b-af5d-b68216eec907,CRPE5 77 - 84,YU HUANG,3.0,3,,,,KIT RACIALES PRIMERA ERA 2025: XIAN,7,2500,2,https://pub-77824f6d0d4542d282fa48605bce7479.r2.dev/cards/MYL/PRIMERA%20ERA/7fa8952a-d44a-458b-af5d-b68216eec907.png
3a04f071-91c2-4fd1-9836-30751115c6c3,LPE23 294/300,YU REN,2.0,0,,,,LEYENDAS PRIMERA ERA 3.0,8,100,2,https://pub-77824f6d0d4542d282fa48605bce7479.r2.dev/cards/MYL/PRIMERA%20ERA/3a04f071-91c2-4fd1-9836-30751115c6c3.png
424e4d7d-44e1-4cec-a89b-b2da99fe094d,38 - 236 / PRIMERA EDICION,YU REN,2.0,0,,,,COLECCION: ESPIRITU DEL DRAGON,1,100,1,https://pub-77824f6d0d4542d282fa48605bce7479.r2.dev/cards/MYL/PRIMERA%20ERA/424e4d7d-44e1-4cec-a89b-b2da99fe094d.png
36e99780-4c6b-4331-ba61-d89cafa12bda,LPE4 68/320,YU SHI,2.0,5,,,,LEYENDAS PE 4.0,27,3500,9,https://pub-77824f6d0d4542d282fa48605bce7479.r2.dev/cards/MYL/PRIMERA%20ERA/36e99780-4c6b-4331-ba61-d89cafa12bda.png
71f50311-abd8-40f6-92d0-c8acb339f87f,XINNIAN 2 11/30,YUE LAO,3.0,3,,,,XINNIAN 2: ANO DE LA SERPIENTE,18,1500,4,https://pub-77824f6d0d4542d282fa48605bce7479.r2.dev/cards/MYL/PRIMERA%20ERA/71f50311-abd8-40f6-92d0-c8acb339f87f.png
fcc67d69-93a5-4df9-b7f4-0ba7d9e2e737,XINNIAN 08/32,YUE TU,1.0,0,,,,XINNIAN: ANO DEL DRAGON,6,1000,2,https://pub-77824f6d0d4542d282fa48605bce7479.r2.dev/cards/MYL/PRIMERA%20ERA/fcc67d69-93a5-4df9-b7f4-0ba7d9e2e737.png
009d1ca6-8c63-4fb2-bbc0-77edbc325d7e,189 - 236 / PRIMERA EDICION,YUKI ONNA,2.0,2,,,,COLECCION: ESPIRITU DEL DRAGON,6,200,2,https://pub-77824f6d0d4542d282fa48605bce7479.r2.dev/cards/MYL/PRIMERA%20ERA/009d1ca6-8c63-4fb2-bbc0-77edbc325d7e.png
a861fd76-6ed6-480b-88fe-bdb504876fc5,CRPE4 67-117,YUM KAAX,2.0,2,,,,KIT RACIALES PRIMERA ERA 2025: GUERRERO,14,1000,3,https://pub-77824f6d0d4542d282fa48605bce7479.r2.dev/cards/MYL/PRIMERA%20ERA/a861fd76-6ed6-480b-88fe-bdb504876fc5.png
4bda8f36-3765-4653-a13e-5ff176e72524,LPE4 314/320,YUREI,2.0,2,,,,LEYENDAS PE 4.0,20,100,1,https://pub-77824f6d0d4542d282fa48605bce7479.r2.dev/cards/MYL/PRIMERA%20ERA/4bda8f36-3765-4653-a13e-5ff176e72524.png
8aaa04d8-fceb-408d-8618-0a4f58974bf0,LPE4 - 342/320,ZAPATOS DE HIERRO,2.0,0,,,,KIT DE BATALLA VINLAND,13,2000,4,https://pub-77824f6d0d4542d282fa48605bce7479.r2.dev/cards/MYL/PRIMERA%20ERA/8aaa04d8-fceb-408d-8618-0a4f58974bf0.png
4206843d-8015-4b3b-8c2d-7f48694e3a7b,CRPE2-02-84,ZARA,2.0,2,,,,KIT RACIALES PRIMERA ERA: CAZADOR,8,1000,3,https://pub-77824f6d0d4542d282fa48605bce7479.r2.dev/cards/MYL/PRIMERA%20ERA/4206843d-8015-4b3b-8c2d-7f48694e3a7b.png
113b4da3-13a5-4323-85e9-13c052852ded,101 - 170 / PRIMERA EDICION,ZARA,2.0,2,,,,COLECCION: COFRADIA,5,400,2,https://pub-77824f6d0d4542d282fa48605bce7479.r2.dev/cards/MYL/PRIMERA%20ERA/113b4da3-13a5-4323-85e9-13c052852ded.png
1d7af48f-5440-4454-b1e4-5338e2d2cac8,106 - 126 / PRIMERA EDICION,ZARA,2.0,2,,,,COLECCION: MUNDO GOTICO,1,100,1,https://pub-77824f6d0d4542d282fa48605bce7479.r2.dev/cards/MYL/PRIMERA%20ERA/1d7af48f-5440-4454-b1e4-5338e2d2cac8.png
7e12bd81-e929-4c49-b252-74d98c837604,76 - 236 / PRIMERA EDICION,ZARA,2.0,2,,,,LEYENDAS PRIMERA ERA 2.0,5,1500,1,https://pub-77824f6d0d4542d282fa48605bce7479.r2.dev/cards/MYL/PRIMERA%20ERA/7e12bd81-e929-4c49-b252-74d98c837604.png
a1fe2d1f-47c0-43c1-a471-8bd1fca20e3c,LPE23 063/300,ZARA,2.0,2,,,,LEYENDAS PRIMERA ERA 3.0,21,800,7,https://pub-77824f6d0d4542d282fa48605bce7479.r2.dev/cards/MYL/PRIMERA%20ERA/a1fe2d1f-47c0-43c1-a471-8bd1fca20e3c.png
9ca31da1-c349-41d1-a74c-15008d9bbe4c,101 - 170 / FIRST EDITION,ZARA,2.0,2,,,,,2,5000,2,https://pub-77824f6d0d4542d282fa48605bce7479.r2.dev/pending-versions/b457c3e0-41ed-4a6b-8d6b-438846ff4e1d/1785130925416-0.webp
9b7fc5fa-a8ba-4678-b345-796a652f96ae,LPE23 002/300,ZARA,2.0,2,,,,LEYENDAS PRIMERA ERA 3.0,1,15000,1,https://pub-77824f6d0d4542d282fa48605bce7479.r2.dev/cards/MYL/PRIMERA%20ERA/9b7fc5fa-a8ba-4678-b345-796a652f96ae.png
7363f07e-940e-4204-b347-fa1ec19acc71,EXPE - 110 - 120,ZATO ICHI,3.0,3,,,,KIT EXTENSION PRIMERA ERA: ESPIRITU DEL DRAGON,4,1500,1,https://pub-77824f6d0d4542d282fa48605bce7479.r2.dev/cards/MYL/PRIMERA%20ERA/7363f07e-940e-4204-b347-fa1ec19acc71.png
c731810c-d00c-461c-81b8-52255eced418,LPE4 150/320,ZAZEN,2.0,0,,,,LEYENDAS PE 4.0,49,500,7,https://pub-77824f6d0d4542d282fa48605bce7479.r2.dev/cards/MYL/PRIMERA%20ERA/c731810c-d00c-461c-81b8-52255eced418.png
4caffafb-ba47-4598-80dd-2728cfe78fcd,EDICION LIMITADA JO,ZDUHAC,,0,,,,,11,4500,6,https://pub-77824f6d0d4542d282fa48605bce7479.r2.dev/pending-versions/a09cd627-0dac-4af7-96c4-4501b80b8882/1784004328192-0.webp
c05804a3-7a8c-41fc-91b1-1e58dd56845c,LPE23 304/300,ZEUS,3.0,0,,,,LEYENDAS PRIMERA ERA 3.0,1,3000,1,https://pub-77824f6d0d4542d282fa48605bce7479.r2.dev/cards/MYL/PRIMERA%20ERA/c05804a3-7a8c-41fc-91b1-1e58dd56845c.png
7515ac38-1e74-4e07-80ef-1e98714d9dc1,MPT-17-18,ZEUS,3.0,0,,,,MUNDOS PERDIDOS: SENORES DEL TRUENO,20,800,3,https://pub-77824f6d0d4542d282fa48605bce7479.r2.dev/cards/MYL/PRIMERA%20ERA/7515ac38-1e74-4e07-80ef-1e98714d9dc1.png
0789e467-cc0b-4e3b-b2f0-efcd179ae491,1 - 236 / PRIMERA EDICION,ZEUS,3.0,0,,,,LEYENDAS PRIMERA ERA 2.0,1,7000,1,https://pub-77824f6d0d4542d282fa48605bce7479.r2.dev/cards/MYL/PRIMERA%20ERA/0789e467-cc0b-4e3b-b2f0-efcd179ae491.png
7eaa7e1b-601a-4719-890b-96b1ae14cdff,114 - 126 / PRIMERA EDICION,ZEUS,3.0,0,,,,COLECCION: EL RETO,18,600,6,https://pub-77824f6d0d4542d282fa48605bce7479.r2.dev/cards/MYL/PRIMERA%20ERA/7eaa7e1b-601a-4719-890b-96b1ae14cdff.png
9875255b-817a-4386-ad04-ea131fce191e,LPE23 236/300,ZHANG GUO LAO,4.0,4,,,,LEYENDAS PRIMERA ERA 3.0,2,100,1,https://pub-77824f6d0d4542d282fa48605bce7479.r2.dev/cards/MYL/PRIMERA%20ERA/9875255b-817a-4386-ad04-ea131fce191e.png
398ac2d2-188c-494e-a3e2-a132bfc5c2fb,CRPE2-77-84,ZHANG GUO LAO,4.0,4,,,,KIT RACIALES PRIMERA ERA: XIAN,4,1500,3,https://pub-77824f6d0d4542d282fa48605bce7479.r2.dev/cards/MYL/PRIMERA%20ERA/398ac2d2-188c-494e-a3e2-a132bfc5c2fb.png
e6ee6395-e654-47da-8749-4c26f111f281,58 - 236 / PRIMERA EDICION,ZHANG GUO LAO,4.0,4,,,,COLECCION: ESPIRITU DEL DRAGON,2,200,2,https://pub-77824f6d0d4542d282fa48605bce7479.r2.dev/cards/MYL/PRIMERA%20ERA/e6ee6395-e654-47da-8749-4c26f111f281.png
c9f6b141-f86d-4e90-90b8-37a966164098,HPE 18/21,ZHANG SANFENG,2.0,2,,,,VIGILANTES DE LA NOCHE,8,2000,2,https://pub-77824f6d0d4542d282fa48605bce7479.r2.dev/cards/MYL/PRIMERA%20ERA/c9f6b141-f86d-4e90-90b8-37a966164098.png
e5077a7c-5ed5-4789-aa1b-47d5f4590fe1,TKPE24 14/28,ZHIN REN,,0,,,,TOOLKIT PREMIUM JUSTA,3,5000,1,https://pub-77824f6d0d4542d282fa48605bce7479.r2.dev/cards/MYL/PRIMERA%20ERA/e5077a7c-5ed5-4789-aa1b-47d5f4590fe1.png
89f0a255-d0ba-4ef6-86f7-b8cf15fd07d1,CRPE2-79-84,ZHONG KUI,3.0,1,,,,KIT RACIALES PRIMERA ERA: XIAN,4,800,2,https://pub-77824f6d0d4542d282fa48605bce7479.r2.dev/cards/MYL/PRIMERA%20ERA/89f0a255-d0ba-4ef6-86f7-b8cf15fd07d1.png
d1994489-95cb-4f71-94a1-871b41ecdc9b,MPO 03/18,ZHU BAIE,2.0,3,,,,MUNDOS PERDIDOS: VIAJE AL OESTE,21,1500,6,https://pub-77824f6d0d4542d282fa48605bce7479.r2.dev/cards/MYL/PRIMERA%20ERA/d1994489-95cb-4f71-94a1-871b41ecdc9b.png
d5563fee-28e6-4981-bb57-e0df9b274704,XINNIAN 16/32,ZHU SHUIJIAOLE,3.0,0,,,,XINNIAN: ANO DEL DRAGON,4,1500,2,https://pub-77824f6d0d4542d282fa48605bce7479.r2.dev/cards/MYL/PRIMERA%20ERA/d5563fee-28e6-4981-bb57-e0df9b274704.png
d7fa4e23-06c8-48c4-a5a7-9b42bd753011,LPE23 299/300,ZUI CHUAN FA,2.0,0,,,,LEYENDAS PRIMERA ERA 3.0,7,100,1,https://pub-77824f6d0d4542d282fa48605bce7479.r2.dev/cards/MYL/PRIMERA%20ERA/d7fa4e23-06c8-48c4-a5a7-9b42bd753011.png
ec9c37e3-d3be-4105-b653-8270f0f87c14,176 - 236 / PRIMERA EDICION,ZUI CHUAN FA,2.0,0,,,,COLECCION: ESPIRITU DEL DRAGON,1,100,1,https://pub-77824f6d0d4542d282fa48605bce7479.r2.dev/cards/MYL/PRIMERA%20ERA/ec9c37e3-d3be-4105-b653-8270f0f87c14.png
0391f0a7-8587-443f-bcf9-c17252d35eaa,102 - 170 / FIRST EDITION,ZUSANO,3.0,1,,,,,1,2000,1,https://pub-77824f6d0d4542d282fa48605bce7479.r2.dev/pending-versions/b457c3e0-41ed-4a6b-8d6b-438846ff4e1d/1785134376761-0.webp
5a10ad52-3ad3-44ef-92f0-0b40766aa276,TKPE25 24/28,ZWEIHANDER,3.0,0,,,,TOOLKIT 2025: HONOR Y FEROCIDAD,24,1500,4,https://pub-77824f6d0d4542d282fa48605bce7479.r2.dev/cards/MYL/PRIMERA%20ERA/5a10ad52-3ad3-44ef-92f0-0b40766aa276.png
da3427b5-a121-46e1-99d8-9b8c80676266,88 - 236 / PRIMERA EDICION,13 HEROES SHAOLIN,4.0,4,,,,COLECCION: ESPIRITU DEL DRAGON,0,0,0,https://pub-77824f6d0d4542d282fa48605bce7479.r2.dev/cards/MYL/PRIMERA%20ERA/da3427b5-a121-46e1-99d8-9b8c80676266.png
b0b18e8f-4f6a-4311-b572-b9ed6bb4db6d,280 - 236 / PRIMERA EDICION,47 RONIN,1.0,1,,,,LEYENDAS PRIMERA ERA 2.0,0,0,0,https://pub-77824f6d0d4542d282fa48605bce7479.r2.dev/cards/MYL/PRIMERA%20ERA/b0b18e8f-4f6a-4311-b572-b9ed6bb4db6d.png
58513259-d041-46f8-a2f0-4ddef6b38dba,234 - 236 / PRIMERA EDICION,47 RONIN,1.0,1,,,,LEYENDAS PRIMERA ERA 1.0,0,0,0,https://pub-77824f6d0d4542d282fa48605bce7479.r2.dev/cards/MYL/PRIMERA%20ERA/58513259-d041-46f8-a2f0-4ddef6b38dba.png
2c35c637-1a0b-4ed0-ad03-9de353ecff10,223 - 236 / PRIMERA EDICION,ABACO,,0,,,,COLECCION: ESPIRITU DEL DRAGON,0,0,0,https://pub-77824f6d0d4542d282fa48605bce7479.r2.dev/cards/MYL/PRIMERA%20ERA/2c35c637-1a0b-4ed0-ad03-9de353ecff10.png
b1691eb1-1732-4ac8-b740-89c557a24d78,75 - 236 / PRIMERA EDICION,ABOMINACION,4.0,2,,,,LEYENDAS PRIMERA ERA 2.0,0,0,0,https://pub-77824f6d0d4542d282fa48605bce7479.r2.dev/cards/MYL/PRIMERA%20ERA/b1691eb1-1732-4ac8-b740-89c557a24d78.png
7b3cc1ce-16c0-4d66-bf8a-0d46e3dcc4ae,173 - 236 / PRIMERA EDICION,ABOMINACION,4.0,2,,,,LEYENDAS PRIMERA ERA 1.0,0,0,0,https://pub-77824f6d0d4542d282fa48605bce7479.r2.dev/cards/MYL/PRIMERA%20ERA/7b3cc1ce-16c0-4d66-bf8a-0d46e3dcc4ae.png
fbc51dd2-d8e7-4c2e-a8a6-4879df10e06c,69 - 126 / PRIMERA EDICION,ABOMINACION,4.0,2,,,,COLECCION: MUNDO GOTICO,0,0,0,https://pub-77824f6d0d4542d282fa48605bce7479.r2.dev/cards/MYL/PRIMERA%20ERA/fbc51dd2-d8e7-4c2e-a8a6-4879df10e06c.png
2af22115-9939-4ae9-90d5-f6e7eef0c18a,102 - 236 / PRIMERA EDICION,ACIHUATL,5.0,5,,,,LEYENDAS PRIMERA ERA 1.0,0,0,0,https://pub-77824f6d0d4542d282fa48605bce7479.r2.dev/cards/MYL/PRIMERA%20ERA/2af22115-9939-4ae9-90d5-f6e7eef0c18a.png
95212b88-47a3-4551-9a26-dcb2ab6f79a8,090 - 126 / PRIMERA ERA,ACIHUATL,5.0,5,,,,COLECCION: LA IRA DEL NAHUAL,0,0,0,https://pub-77824f6d0d4542d282fa48605bce7479.r2.dev/cards/MYL/PRIMERA%20ERA/95212b88-47a3-4551-9a26-dcb2ab6f79a8.png
e3992a68-4217-4eb4-9872-d3b5972a1a43,146 - 236 / PRIMERA EDICION,ACUPUNTURA,4.0,0,,,,LEYENDAS PRIMERA ERA 2.0,0,0,0,https://pub-77824f6d0d4542d282fa48605bce7479.r2.dev/cards/MYL/PRIMERA%20ERA/e3992a68-4217-4eb4-9872-d3b5972a1a43.png
0cca535e-1a41-45aa-a5cc-3db78fcb0cd5,252 - 236 / PRIMERA EDICION,ACUPUNTURA,4.0,0,,,,LEYENDAS PRIMERA ERA 1.0,0,0,0,https://pub-77824f6d0d4542d282fa48605bce7479.r2.dev/cards/MYL/PRIMERA%20ERA/0cca535e-1a41-45aa-a5cc-3db78fcb0cd5.png
caccb554-bbf6-4cb8-9f06-f6ae4f17060c,151 - 236 / PRIMERA EDICION,ACUPUNTURA,4.0,0,,,,,0,0,0,https://pub-77824f6d0d4542d282fa48605bce7479.r2.dev/pending-versions/a09cd627-0dac-4af7-96c4-4501b80b8882/1783276050395-0.webp
7a968c2e-6479-4629-b747-e26b49ec1280,192 - 236 / PRIMERA EDICION,AEGIR,3.0,2,,,,LEYENDAS PRIMERA ERA 2.0,0,0,0,https://pub-77824f6d0d4542d282fa48605bce7479.r2.dev/cards/MYL/PRIMERA%20ERA/7a968c2e-6479-4629-b747-e26b49ec1280.png
5c03e657-4a83-4489-84c6-980bd799c252,149 - 236 / PRIMERA EDICION,AEGIR,3.0,2,,,,LEYENDAS PRIMERA ERA 1.0,0,0,0,https://pub-77824f6d0d4542d282fa48605bce7479.r2.dev/cards/MYL/PRIMERA%20ERA/5c03e657-4a83-4489-84c6-980bd799c252.png
ffb8a861-275c-464d-87dc-d2f6223a8835,LPE23 210/300,AEGIR,3.0,2,,,,LEYENDAS PRIMERA ERA 3.0,0,0,0,https://pub-77824f6d0d4542d282fa48605bce7479.r2.dev/cards/MYL/PRIMERA%20ERA/ffb8a861-275c-464d-87dc-d2f6223a8835.png
558146d3-f40c-466a-9f11-6a8f3cd916d5,117 - 126 / PRIMERA EDICION,AGUA SAGRADA,,0,,,,COLECCION: MUNDO GOTICO,0,0,0,https://pub-77824f6d0d4542d282fa48605bce7479.r2.dev/cards/MYL/PRIMERA%20ERA/558146d3-f40c-466a-9f11-6a8f3cd916d5.png
27056bcd-3e89-4635-bc18-62f228c1257b,3 - 170 / PRIMERA EDICION,AH PUCH,5.0,0,,,,COLECCION: COFRADIA,0,0,0,https://pub-77824f6d0d4542d282fa48605bce7479.r2.dev/cards/MYL/PRIMERA%20ERA/27056bcd-3e89-4635-bc18-62f228c1257b.png
7b7c0786-7daa-49d9-b58d-79859d6622cd,029 - 126 / PRIMERA ERA,AH PUCH,5.0,0,,,,COLECCION: LA IRA DEL NAHUAL,0,0,0,https://pub-77824f6d0d4542d282fa48605bce7479.r2.dev/cards/MYL/PRIMERA%20ERA/7b7c0786-7daa-49d9-b58d-79859d6622cd.png
7259d379-4bf1-4c63-a125-3c0e690c1c38,103 - 236 / PRIMERA EDICION,AHU KIN,3.0,3,,,,LEYENDAS PRIMERA ERA 1.0,0,0,0,https://pub-77824f6d0d4542d282fa48605bce7479.r2.dev/cards/MYL/PRIMERA%20ERA/7259d379-4bf1-4c63-a125-3c0e690c1c38.png
c50c5342-ba4d-478e-9c86-5c1373ff9b8a,115 - 236 / PRIMERA EDICION,AHU KIN,3.0,3,,,,LEYENDAS PRIMERA ERA 2.0,0,0,0,https://pub-77824f6d0d4542d282fa48605bce7479.r2.dev/cards/MYL/PRIMERA%20ERA/c50c5342-ba4d-478e-9c86-5c1373ff9b8a.png
bdf9154b-0e35-4688-9866-9b09472dfee6,148 - 126 / PRIMERA EDICION,ALAS NEGRAS,3.0,2,,,,COLECCION: MUNDO GOTICO,0,0,0,https://pub-77824f6d0d4542d282fa48605bce7479.r2.dev/cards/MYL/PRIMERA%20ERA/bdf9154b-0e35-4688-9866-9b09472dfee6.png
daa83126-cc0a-4a0f-8c5b-2947e2140363,144 - 236 / PRIMERA EDICION,ALFHEIM,2.0,0,,,,LEYENDAS PRIMERA ERA 1.0,0,0,0,https://pub-77824f6d0d4542d282fa48605bce7479.r2.dev/cards/MYL/PRIMERA%20ERA/daa83126-cc0a-4a0f-8c5b-2947e2140363.png
7f50474c-8d65-49f3-8104-d865efc5b285,160 - 126 / PRIMERA EDICION,ALIMANA,1.0,2,,,,COLECCION: MUNDO GOTICO,0,0,0,https://pub-77824f6d0d4542d282fa48605bce7479.r2.dev/cards/MYL/PRIMERA%20ERA/7f50474c-8d65-49f3-8104-d865efc5b285.png
6e24735a-1f89-479b-a7e7-caf618e35855,LPE4 235/320,ALTAR DE LA BESTIA,1.0,0,,,,LEYENDAS PE 4.0,0,0,0,https://pub-77824f6d0d4542d282fa48605bce7479.r2.dev/cards/MYL/PRIMERA%20ERA/6e24735a-1f89-479b-a7e7-caf618e35855.png
423190af-0660-4b86-b05c-94bdbe517a79,087 - 126 / PRIMERA ERA,AMANDU,2.0,1,,,,COLECCION: LA IRA DEL NAHUAL,0,0,0,https://pub-77824f6d0d4542d282fa48605bce7479.r2.dev/cards/MYL/PRIMERA%20ERA/423190af-0660-4b86-b05c-94bdbe517a79.png
d564fcc3-a9bc-4016-8a4f-d83a552164d9,103 - 170 / PRIMERA EDICION,AMARU,4.0,0,,,,COLECCION: COFRADIA,0,0,0,https://pub-77824f6d0d4542d282fa48605bce7479.r2.dev/cards/MYL/PRIMERA%20ERA/d564fcc3-a9bc-4016-8a4f-d83a552164d9.png
fa7de72b-14f3-4bbb-b281-a5394f99f426,106 - 126 / PRIMERA ERA,AMARU,5.0,5,,,,COLECCION: LA IRA DEL NAHUAL,0,0,0,https://pub-77824f6d0d4542d282fa48605bce7479.r2.dev/cards/MYL/PRIMERA%20ERA/fa7de72b-14f3-4bbb-b281-a5394f99f426.png
1545a021-21d7-407c-8e83-18498752abd3,214 - 236 / PRIMERA EDICION,AMATERATSU,3.0,3,,,,LEYENDAS PRIMERA ERA 1.0,0,0,0,https://pub-77824f6d0d4542d282fa48605bce7479.r2.dev/cards/MYL/PRIMERA%20ERA/1545a021-21d7-407c-8e83-18498752abd3.png
c48a408b-811e-4f77-8390-2ac011d8edfb,135 - 236 / PRIMERA EDICION,AMATERATSU,3.0,3,,,,LEYENDAS PRIMERA ERA 2.0,0,0,0,https://pub-77824f6d0d4542d282fa48605bce7479.r2.dev/cards/MYL/PRIMERA%20ERA/c48a408b-811e-4f77-8390-2ac011d8edfb.png
a9ab9c3e-fb94-445c-ad07-a80fce47eec8,12 - 236 / PRIMERA EDICION,AMATSU MARA,3.0,3,,,,COLECCION: ESPIRITU DEL DRAGON,0,0,0,https://pub-77824f6d0d4542d282fa48605bce7479.r2.dev/cards/MYL/PRIMERA%20ERA/a9ab9c3e-fb94-445c-ad07-a80fce47eec8.png
7e3c0c5c-cd19-41fa-bcfe-50c24a319a3b,187 - 236 / PRIMERA EDICION,AMOR DE VALKYRIA,1.0,0,,,,LEYENDAS PRIMERA ERA 2.0,0,0,0,https://pub-77824f6d0d4542d282fa48605bce7479.r2.dev/cards/MYL/PRIMERA%20ERA/7e3c0c5c-cd19-41fa-bcfe-50c24a319a3b.png
40053ef5-4d86-4441-aecb-7ca7c72a1101,1 - 170 / PRIMERA EDICION,ANCHIMALLEN,2.0,0,,,,COLECCION: COFRADIA,0,0,0,https://pub-77824f6d0d4542d282fa48605bce7479.r2.dev/cards/MYL/PRIMERA%20ERA/40053ef5-4d86-4441-aecb-7ca7c72a1101.png
e9ec3404-a976-49a4-80f9-a87e2cad2bc9,78 - 126 / PRIMERA EDICION,ANCHIMALLEN,2.0,0,,,,COLECCION: EL RETO,0,0,0,https://pub-77824f6d0d4542d282fa48605bce7479.r2.dev/cards/MYL/PRIMERA%20ERA/e9ec3404-a976-49a4-80f9-a87e2cad2bc9.png
31865a73-1c7e-4198-a35b-bd700158293a,104 - 170 / PRIMERA EDICION,ANIMA NEGRA,2.0,0,,,,COLECCION: COFRADIA,0,0,0,https://pub-77824f6d0d4542d282fa48605bce7479.r2.dev/cards/MYL/PRIMERA%20ERA/31865a73-1c7e-4198-a35b-bd700158293a.png
fa6fe0b7-5c20-4794-ad06-d95971d9c167,38 - 126 / PRIMERA EDICION,ANIMA NEGRA,2.0,0,,,,COLECCION: MUNDO GOTICO,0,0,0,https://pub-77824f6d0d4542d282fa48605bce7479.r2.dev/cards/MYL/PRIMERA%20ERA/fa6fe0b7-5c20-4794-ad06-d95971d9c167.png
0e42db84-10c4-499f-98f0-7e75bb2af9b5,46 - 236 / PRIMERA EDICION,ANIMA NEGRA,2.0,0,,,,LEYENDAS PRIMERA ERA 1.0,0,0,0,https://pub-77824f6d0d4542d282fa48605bce7479.r2.dev/cards/MYL/PRIMERA%20ERA/0e42db84-10c4-499f-98f0-7e75bb2af9b5.png
8c93e1e9-af59-4c6d-9d4e-3ecc442627f9,ANIVERSARIO LPE25 20,ANIQUILAR,5.0,0,,,,,0,0,0,https://pub-77824f6d0d4542d282fa48605bce7479.r2.dev/cards/MYL/PRIMERA%20ERA/8c93e1e9-af59-4c6d-9d4e-3ecc442627f9.png
9fc0de2a-c2e0-4b30-a0c8-8283301ef4a8,20 - 236 / PRIMERA EDICION,ANUBIS,2.0,0,,,,LEYENDAS PRIMERA ERA 1.0,0,0,0,https://pub-77824f6d0d4542d282fa48605bce7479.r2.dev/cards/MYL/PRIMERA%20ERA/9fc0de2a-c2e0-4b30-a0c8-8283301ef4a8.png
4e5885c8-a2cd-47a5-a43e-05c13318023a,79 - 236 / PRIMERA EDICION,ANUBIS,2.0,0,,,,LEYENDAS PRIMERA ERA 2.0,0,0,0,https://pub-77824f6d0d4542d282fa48605bce7479.r2.dev/cards/MYL/PRIMERA%20ERA/4e5885c8-a2cd-47a5-a43e-05c13318023a.png
22614b06-0b3a-4ea0-a604-8f4db9eb2d55,2 - 170 / PRIMERA EDICION,APOLO,2.0,0,,,,COLECCION: COFRADIA,0,0,0,https://pub-77824f6d0d4542d282fa48605bce7479.r2.dev/cards/MYL/PRIMERA%20ERA/22614b06-0b3a-4ea0-a604-8f4db9eb2d55.png
95fd3d1d-ccc7-4e8b-a183-37b0e5ba518b,134 - 126 / PRIMERA EDICION,APOLO,2.0,0,,,,COLECCION: EL RETO,0,0,0,https://pub-77824f6d0d4542d282fa48605bce7479.r2.dev/cards/MYL/PRIMERA%20ERA/95fd3d1d-ccc7-4e8b-a183-37b0e5ba518b.png
422cd2a7-c5ed-4999-83d3-adb2b13d6cd7,221 - 236 / PRIMERA EDICION,APOLO,2.0,0,,,,LEYENDAS PRIMERA ERA 2.0,0,0,0,https://pub-77824f6d0d4542d282fa48605bce7479.r2.dev/cards/MYL/PRIMERA%20ERA/422cd2a7-c5ed-4999-83d3-adb2b13d6cd7.png
47e9b97a-1225-4e56-9909-a6e2fa0135ab,215 - 236 / PRIMERA EDICION,APU ILLA,2.0,2,,,,LEYENDAS PRIMERA ERA 2.0,0,0,0,https://pub-77824f6d0d4542d282fa48605bce7479.r2.dev/cards/MYL/PRIMERA%20ERA/47e9b97a-1225-4e56-9909-a6e2fa0135ab.png
36bc9533-f922-4592-9151-64053e750abc,94 - 126 / PRIMERA EDICION,AQUILES,2.0,0,,,,COLECCION: EL RETO,0,0,0,https://pub-77824f6d0d4542d282fa48605bce7479.r2.dev/cards/MYL/PRIMERA%20ERA/36bc9533-f922-4592-9151-64053e750abc.png
881a13fa-09ed-41cb-8523-eb1ff5218f80,4 - 170 / PRIMERA EDICION,AQUILES,2.0,0,,,,COLECCION: COFRADIA,0,0,0,https://pub-77824f6d0d4542d282fa48605bce7479.r2.dev/cards/MYL/PRIMERA%20ERA/881a13fa-09ed-41cb-8523-eb1ff5218f80.png
089a6070-5c34-4a56-ba87-823f667adabf,146 - 236 / PRIMERA EDICION,ARCO DE ULLR,3.0,0,,,,LEYENDAS PRIMERA ERA 1.0,0,0,0,https://pub-77824f6d0d4542d282fa48605bce7479.r2.dev/cards/MYL/PRIMERA%20ERA/089a6070-5c34-4a56-ba87-823f667adabf.png
081c8b7d-603c-455b-8683-c25ff11774d2,189 - 236 / PRIMERA EDICION,ARCO DE ULLR,3.0,0,,,,LEYENDAS PRIMERA ERA 2.0,0,0,0,https://pub-77824f6d0d4542d282fa48605bce7479.r2.dev/cards/MYL/PRIMERA%20ERA/081c8b7d-603c-455b-8683-c25ff11774d2.png
3c6a4eea-6c60-48b4-aace-e69cec228284,175 - 236 / PRIMERA EDICION,ARCO Y FLECHAS,3.0,0,,,,LEYENDAS PRIMERA ERA 2.0,0,0,0,https://pub-77824f6d0d4542d282fa48605bce7479.r2.dev/cards/MYL/PRIMERA%20ERA/3c6a4eea-6c60-48b4-aace-e69cec228284.png
18c414de-da71-4c97-8f80-d45caa3cb86e,87 - 236 / PRIMERA EDICION,ARCO Y FLECHAS,3.0,0,,,,LEYENDAS PRIMERA ERA 1.0,0,0,0,https://pub-77824f6d0d4542d282fa48605bce7479.r2.dev/cards/MYL/PRIMERA%20ERA/18c414de-da71-4c97-8f80-d45caa3cb86e.png
8d7a2a67-a054-4662-9e73-88fffe886e7b,3 - 126 / PRIMERA EDICION,ARGONAUTAS,2.0,1,,,,COLECCION: EL RETO,0,0,0,https://pub-77824f6d0d4542d282fa48605bce7479.r2.dev/cards/MYL/PRIMERA%20ERA/8d7a2a67-a054-4662-9e73-88fffe886e7b.png
07965947-4d28-4293-9301-6580e192a1ea,LPE23 305/300,ARLEQUIN,3.0,0,,,,LEYENDAS PRIMERA ERA 3.0,0,0,0,https://pub-77824f6d0d4542d282fa48605bce7479.r2.dev/cards/MYL/PRIMERA%20ERA/07965947-4d28-4293-9301-6580e192a1ea.png
69d17826-4a0a-400b-8073-962242d37c93,138 - 236 / PRIMERA EDICION,ARLEQUIN,3.0,0,,,,LEYENDAS PRIMERA ERA 2.0,0,0,0,https://pub-77824f6d0d4542d282fa48605bce7479.r2.dev/cards/MYL/PRIMERA%20ERA/69d17826-4a0a-400b-8073-962242d37c93.png
ebb4e1ae-5810-4e4b-99bd-cf4f391109eb,38 - 236 / PRIMERA EDICION,ARLEQUIN,3.0,0,,,,LEYENDAS PRIMERA ERA 1.0,0,0,0,https://pub-77824f6d0d4542d282fa48605bce7479.r2.dev/cards/MYL/PRIMERA%20ERA/ebb4e1ae-5810-4e4b-99bd-cf4f391109eb.png
f5569075-997c-4341-91ad-cf3b38bea362,120 - 126 / PRIMERA EDICION,ARMADURA DE VALKYRIA,,0,,,,COLECCION: RAGNAROK,0,0,0,https://pub-77824f6d0d4542d282fa48605bce7479.r2.dev/cards/MYL/PRIMERA%20ERA/f5569075-997c-4341-91ad-cf3b38bea362.png
744002b2-c7d9-495e-9496-bd03a67d0a8f,45 - 126 / PRIMERA EDICION,ARMADURA DORADA,2.0,0,,,,COLECCION: EL RETO,0,0,0,https://pub-77824f6d0d4542d282fa48605bce7479.r2.dev/cards/MYL/PRIMERA%20ERA/744002b2-c7d9-495e-9496-bd03a67d0a8f.png
9d396ec1-3179-4019-bf15-00595eea1e19,5 - 170 / PRIMERA EDICION,ARPIA,2.0,0,,,,COLECCION: COFRADIA,0,0,0,https://pub-77824f6d0d4542d282fa48605bce7479.r2.dev/cards/MYL/PRIMERA%20ERA/9d396ec1-3179-4019-bf15-00595eea1e19.png
3aed3733-829c-4862-8a43-788416bd03b9,103 - 126 / PRIMERA EDICION,ARPIA,2.0,0,,,,COLECCION: EL RETO,0,0,0,https://pub-77824f6d0d4542d282fa48605bce7479.r2.dev/cards/MYL/PRIMERA%20ERA/3aed3733-829c-4862-8a43-788416bd03b9.png
7ec51cc4-4f04-4f7c-a8e4-f3f04964c00f,115 - 126 / PRIMERA EDICION,ARQUETA DE ORO,,0,,,,COLECCION: RAGNAROK,0,0,0,https://pub-77824f6d0d4542d282fa48605bce7479.r2.dev/cards/MYL/PRIMERA%20ERA/7ec51cc4-4f04-4f7c-a8e4-f3f04964c00f.png
d51856ad-8d09-4513-bfa3-e2f821bd3f3c,141 - 236 / PRIMERA EDICION,ASESINO DEL EMPERADOR,3.0,0,,,,COLECCION: ESPIRITU DEL DRAGON,0,0,0,https://pub-77824f6d0d4542d282fa48605bce7479.r2.dev/cards/MYL/PRIMERA%20ERA/d51856ad-8d09-4513-bfa3-e2f821bd3f3c.png
0cd7da6c-6e91-447e-8c2d-c8d7a8917b94,145 - 236 / PRIMERA EDICION,ASGARD,3.0,0,,,,LEYENDAS PRIMERA ERA 1.0,0,0,0,https://pub-77824f6d0d4542d282fa48605bce7479.r2.dev/cards/MYL/PRIMERA%20ERA/0cd7da6c-6e91-447e-8c2d-c8d7a8917b94.png
5864a533-7c7a-4a27-8884-fc4184aa35b9,55 - 126 / PRIMERA EDICION,ASGARD,3.0,0,,,,COLECCION: RAGNAROK,0,0,0,https://pub-77824f6d0d4542d282fa48605bce7479.r2.dev/cards/MYL/PRIMERA%20ERA/5864a533-7c7a-4a27-8884-fc4184aa35b9.png
bb74fb88-fad8-465a-bb98-de7e3cbb3d17,45 - 126 / PRIMERA EDICION,ASTUCIA DE LOKI,4.0,0,,,,COLECCION: RAGNAROK,0,0,0,https://pub-77824f6d0d4542d282fa48605bce7479.r2.dev/cards/MYL/PRIMERA%20ERA/bb74fb88-fad8-465a-bb98-de7e3cbb3d17.png
e8278e39-e6bb-46e8-9ba5-649ea0590570,60 - 236 / PRIMERA EDICION,ATAQUE SUICIDA,,0,,,,LEYENDAS PRIMERA ERA 1.0,0,0,0,https://pub-77824f6d0d4542d282fa48605bce7479.r2.dev/cards/MYL/PRIMERA%20ERA/e8278e39-e6bb-46e8-9ba5-649ea0590570.png
31b636e5-0cfc-44dc-8cb8-8464a1afd183,139 - 236 / PRIMERA EDICION,ATAQUE SUICIDA,,0,,,,LEYENDAS PRIMERA ERA 2.0,0,0,0,https://pub-77824f6d0d4542d282fa48605bce7479.r2.dev/cards/MYL/PRIMERA%20ERA/31b636e5-0cfc-44dc-8cb8-8464a1afd183.png
1ebd87a7-490b-414c-b3c6-17aedcdccb50,296 - 236 / PRIMERA EDICION,ATAUD DE MARFIL,,0,,,,LEYENDAS PRIMERA ERA 2.0,0,0,0,https://pub-77824f6d0d4542d282fa48605bce7479.r2.dev/cards/MYL/PRIMERA%20ERA/1ebd87a7-490b-414c-b3c6-17aedcdccb50.png
3d2b9df2-86f3-4fbf-b03f-7cd2c34cb858,165 - 236 / PRIMERA EDICION,ATAUD DE MARFIL,,0,,,,LEYENDAS PRIMERA ERA 1.0,0,0,0,https://pub-77824f6d0d4542d282fa48605bce7479.r2.dev/cards/MYL/PRIMERA%20ERA/3d2b9df2-86f3-4fbf-b03f-7cd2c34cb858.png
8da5ecdc-2e05-44ff-8695-c82d651ce836,43 - 126 / PRIMERA EDICION,ATLAS,2.0,2,,,,COLECCION: EL RETO,0,0,0,https://pub-77824f6d0d4542d282fa48605bce7479.r2.dev/cards/MYL/PRIMERA%20ERA/8da5ecdc-2e05-44ff-8695-c82d651ce836.png
0cd04858-28bd-4910-b488-d50eb89e450b,253 - 236 / PRIMERA EDICION,ATLATL,3.0,0,,,,LEYENDAS PRIMERA ERA 2.0,0,0,0,https://pub-77824f6d0d4542d282fa48605bce7479.r2.dev/cards/MYL/PRIMERA%20ERA/0cd04858-28bd-4910-b488-d50eb89e450b.png
daea08bd-9cf8-440e-ad91-0aeebd1b677e,84 - 236 / PRIMERA EDICION,ATLATL,3.0,0,,,,LEYENDAS PRIMERA ERA 1.0,0,0,0,https://pub-77824f6d0d4542d282fa48605bce7479.r2.dev/cards/MYL/PRIMERA%20ERA/daea08bd-9cf8-440e-ad91-0aeebd1b677e.png
665ac254-3874-498c-b1b0-82100df64aca,225 - 236 / PRIMERA EDICION,AUCA,1.0,0,,,,LEYENDAS PRIMERA ERA 2.0,0,0,0,https://pub-77824f6d0d4542d282fa48605bce7479.r2.dev/cards/MYL/PRIMERA%20ERA/665ac254-3874-498c-b1b0-82100df64aca.png
296e2c82-f61c-4ab2-8529-fa39def2c3b0,59 - 126 / PRIMERA EDICION,AVE FENIX,3.0,2,,,,COLECCION: EL RETO,0,0,0,https://pub-77824f6d0d4542d282fa48605bce7479.r2.dev/cards/MYL/PRIMERA%20ERA/296e2c82-f61c-4ab2-8529-fa39def2c3b0.png
433154a8-ee30-4da0-9d01-2f98f4bfa327,105 - 170 / PRIMERA EDICION,BAAL,1.0,0,,,,COLECCION: COFRADIA,0,0,0,https://pub-77824f6d0d4542d282fa48605bce7479.r2.dev/cards/MYL/PRIMERA%20ERA/433154a8-ee30-4da0-9d01-2f98f4bfa327.png
8ff319ed-eb33-4ccc-9727-ae474ef4f19f,53 - 126 / PRIMERA EDICION,BAAL,3.0,0,,,,COLECCION: EL RETO,0,0,0,https://pub-77824f6d0d4542d282fa48605bce7479.r2.dev/cards/MYL/PRIMERA%20ERA/8ff319ed-eb33-4ccc-9727-ae474ef4f19f.png
2a4cc92f-e945-47ec-8c1c-52eabe4f8c59,120 - 126 / PRIMERA EDICION,BACULO,,0,,,,COLECCION: MUNDO GOTICO,0,0,0,https://pub-77824f6d0d4542d282fa48605bce7479.r2.dev/cards/MYL/PRIMERA%20ERA/2a4cc92f-e945-47ec-8c1c-52eabe4f8c59.png
1879dfe0-82e1-4c95-bce1-95e96fa260f8,156 - 170 / PRIMERA EDICION,BACULO,,0,,,,COLECCION: COFRADIA,0,0,0,https://pub-77824f6d0d4542d282fa48605bce7479.r2.dev/cards/MYL/PRIMERA%20ERA/1879dfe0-82e1-4c95-bce1-95e96fa260f8.png
f4caeb45-3356-4d8b-a537-c3a9a64f19b1,111 - 126 / PRIMERA EDICION,BAFOMETH,,0,,,,COLECCION: MUNDO GOTICO,0,0,0,https://pub-77824f6d0d4542d282fa48605bce7479.r2.dev/cards/MYL/PRIMERA%20ERA/f4caeb45-3356-4d8b-a537-c3a9a64f19b1.png
f1ba64ca-cd2a-4336-b682-4565ba033684,66 - 236 / PRIMERA EDICION,BAIJE,2.0,1,,,,COLECCION: ESPIRITU DEL DRAGON,0,0,0,https://pub-77824f6d0d4542d282fa48605bce7479.r2.dev/cards/MYL/PRIMERA%20ERA/f1ba64ca-cd2a-4336-b682-4565ba033684.png
e6beacdf-27cb-4fee-9572-bf3378998fa3,66 - 236 / PRIMERA EDICION,BAIJE,2.0,1,,,,COLECCION: ESPIRITU DEL DRAGON,0,0,0,https://pub-77824f6d0d4542d282fa48605bce7479.r2.dev/cards/MYL/PRIMERA%20ERA/e6beacdf-27cb-4fee-9572-bf3378998fa3.png
44108902-328e-4f93-935e-b6d565673c9f,XINNIAN 10/32,BAISHE TU XIN,1.0,0,,,,XINNIAN: ANO DEL DRAGON,0,0,0,https://pub-77824f6d0d4542d282fa48605bce7479.r2.dev/cards/MYL/PRIMERA%20ERA/44108902-328e-4f93-935e-b6d565673c9f.png
47528747-0f6a-49ff-86a8-39ac7fcd00da,143 - 236 / PRIMERA EDICION,BAKU,3.0,5,,,,LEYENDAS PRIMERA ERA 2.0,0,0,0,https://pub-77824f6d0d4542d282fa48605bce7479.r2.dev/cards/MYL/PRIMERA%20ERA/47528747-0f6a-49ff-86a8-39ac7fcd00da.png
739b28a8-c9d6-4023-adb8-1c4dba48517b,113 - 236 / PRIMERA EDICION,BAKU,3.0,5,,,,COLECCION: ESPIRITU DEL DRAGON,0,0,0,https://pub-77824f6d0d4542d282fa48605bce7479.r2.dev/cards/MYL/PRIMERA%20ERA/739b28a8-c9d6-4023-adb8-1c4dba48517b.png
0c1c4c27-5217-4e61-a8f9-f82b514cde1d,241 - 236 / PRIMERA EDICION,BAKU,3.0,5,,,,LEYENDAS PRIMERA ERA 1.0,0,0,0,https://pub-77824f6d0d4542d282fa48605bce7479.r2.dev/cards/MYL/PRIMERA%20ERA/0c1c4c27-5217-4e61-a8f9-f82b514cde1d.png
99ef9858-a756-4703-941e-71a3fb2b60dd,157 - 126 / PRIMERA EDICION,BALDER,4.0,2,,,,COLECCION: EL RETO,0,0,0,https://pub-77824f6d0d4542d282fa48605bce7479.r2.dev/cards/MYL/PRIMERA%20ERA/99ef9858-a756-4703-941e-71a3fb2b60dd.png
7094c9a8-223e-4328-a282-d60a73114a52,148 - 236 / PRIMERA EDICION,BALDUR,3.0,3,,,,LEYENDAS PRIMERA ERA 1.0,0,0,0,https://pub-77824f6d0d4542d282fa48605bce7479.r2.dev/cards/MYL/PRIMERA%20ERA/7094c9a8-223e-4328-a282-d60a73114a52.png
b8641514-bd81-40a7-9d52-71e62ec5120d,191 - 236 / PRIMERA EDICION,BALDUR,3.0,3,,,,LEYENDAS PRIMERA ERA 2.0,0,0,0,https://pub-77824f6d0d4542d282fa48605bce7479.r2.dev/cards/MYL/PRIMERA%20ERA/b8641514-bd81-40a7-9d52-71e62ec5120d.png
642b8b76-7990-4dda-add9-79c821de4b37,45 - 236 / PRIMERA EDICION,BALLESTA,2.0,0,,,,LEYENDAS PRIMERA ERA 1.0,0,0,0,https://pub-77824f6d0d4542d282fa48605bce7479.r2.dev/cards/MYL/PRIMERA%20ERA/642b8b76-7990-4dda-add9-79c821de4b37.png
bd700c58-2e84-40c0-85a4-4316d2af3897,106 - 170 / PRIMERA EDICION,BALLESTA,2.0,0,,,,COLECCION: COFRADIA,0,0,0,https://pub-77824f6d0d4542d282fa48605bce7479.r2.dev/cards/MYL/PRIMERA%20ERA/bd700c58-2e84-40c0-85a4-4316d2af3897.png
fc85a5e9-6e4c-4da9-b8c7-a68e523d42f7,156 - 236 / PRIMERA EDICION,BALLESTA,2.0,0,,,,LEYENDAS PRIMERA ERA 2.0,0,0,0,https://pub-77824f6d0d4542d282fa48605bce7479.r2.dev/cards/MYL/PRIMERA%20ERA/fc85a5e9-6e4c-4da9-b8c7-a68e523d42f7.png
9d5feeeb-9394-4d84-8eb7-4fe0b4fd6fad,170 - 236 / PRIMERA EDICION,BANQUETE CHINO,2.0,0,,,,COLECCION: ESPIRITU DEL DRAGON,0,0,0,https://pub-77824f6d0d4542d282fa48605bce7479.r2.dev/cards/MYL/PRIMERA%20ERA/9d5feeeb-9394-4d84-8eb7-4fe0b4fd6fad.png
e68c4d1e-6dbc-48f7-ac5b-11d886781d64,164 - 236 / PRIMERA EDICION,BANQUETE JAPONES,1.0,0,,,,COLECCION: ESPIRITU DEL DRAGON,0,0,0,https://pub-77824f6d0d4542d282fa48605bce7479.r2.dev/cards/MYL/PRIMERA%20ERA/e68c4d1e-6dbc-48f7-ac5b-11d886781d64.png
44c64445-1d6a-496f-9049-7fe53d11b28b,86 - 126 / PRIMERA EDICION,BARBARO,5.0,3,,,,COLECCION: EL RETO,0,0,0,https://pub-77824f6d0d4542d282fa48605bce7479.r2.dev/cards/MYL/PRIMERA%20ERA/44c64445-1d6a-496f-9049-7fe53d11b28b.png
e610eaca-70e1-40ea-a018-2a22c4979840,107 - 170 / PRIMERA EDICION,BASILISCO,2.0,2,,,,COLECCION: COFRADIA,0,0,0,https://pub-77824f6d0d4542d282fa48605bce7479.r2.dev/cards/MYL/PRIMERA%20ERA/e610eaca-70e1-40ea-a018-2a22c4979840.png
84c6d168-d00d-4fca-a0a8-a64a8e2240fe,257 - 236 / PRIMERA EDICION,BASILISCO,2.0,2,,,,LEYENDAS PRIMERA ERA 2.0,0,0,0,https://pub-77824f6d0d4542d282fa48605bce7479.r2.dev/cards/MYL/PRIMERA%20ERA/84c6d168-d00d-4fca-a0a8-a64a8e2240fe.png
0a820612-d7b6-4860-ab86-3eb6be57f0ad,105 - 236 / PRIMERA EDICION,BASILISCO,2.0,2,,,,LEYENDAS PRIMERA ERA 1.0,0,0,0,https://pub-77824f6d0d4542d282fa48605bce7479.r2.dev/cards/MYL/PRIMERA%20ERA/0a820612-d7b6-4860-ab86-3eb6be57f0ad.png
f038ad15-3eec-4520-8149-7ae648f7300a,89 - 236 / PRIMERA EDICION,BENKEI,1.0,1,,,,COLECCION: ESPIRITU DEL DRAGON,0,0,0,https://pub-77824f6d0d4542d282fa48605bce7479.r2.dev/cards/MYL/PRIMERA%20ERA/f038ad15-3eec-4520-8149-7ae648f7300a.png
e2989dcb-2d50-4f66-b024-d7fffa1e24f8,20 - 236 / PRIMERA EDICION,BENTEN,4.0,4,,,,COLECCION: ESPIRITU DEL DRAGON,0,0,0,https://pub-77824f6d0d4542d282fa48605bce7479.r2.dev/cards/MYL/PRIMERA%20ERA/e2989dcb-2d50-4f66-b024-d7fffa1e24f8.png
94cec2fa-3e3d-4736-94f2-f3c2177d0f64,212 - 236 / PRIMERA EDICION,BENTEN,4.0,4,,,,LEYENDAS PRIMERA ERA 1.0,0,0,0,https://pub-77824f6d0d4542d282fa48605bce7479.r2.dev/cards/MYL/PRIMERA%20ERA/94cec2fa-3e3d-4736-94f2-f3c2177d0f64.png
ab391027-d119-474c-8c68-fc00829e32c1,92 - 126 / PRIMERA EDICION,BEOWULF,2.0,2,,,,COLECCION: EL RETO,0,0,0,https://pub-77824f6d0d4542d282fa48605bce7479.r2.dev/cards/MYL/PRIMERA%20ERA/ab391027-d119-474c-8c68-fc00829e32c1.png
f118a379-bf4d-4e7d-9cbb-e52fdd9e0e41,29 - 236 / PRIMERA EDICION,BERSERKER,3.0,2,,,,LEYENDAS PRIMERA ERA 1.0,0,0,0,https://pub-77824f6d0d4542d282fa48605bce7479.r2.dev/cards/MYL/PRIMERA%20ERA/f118a379-bf4d-4e7d-9cbb-e52fdd9e0e41.png
3f55b706-fe60-41cc-998e-07327eb11ae9,120 - 126 / PRIMERA EDICION,BERSERKER,3.0,2,,,,COLECCION: EL RETO,0,0,0,https://pub-77824f6d0d4542d282fa48605bce7479.r2.dev/cards/MYL/PRIMERA%20ERA/3f55b706-fe60-41cc-998e-07327eb11ae9.png
7add4b10-cb36-4615-b66d-fe97e69e39fb,6 - 170 / PRIMERA EDICION,BERSERKER,3.0,2,,,,COLECCION: COFRADIA,0,0,0,https://pub-77824f6d0d4542d282fa48605bce7479.r2.dev/cards/MYL/PRIMERA%20ERA/7add4b10-cb36-4615-b66d-fe97e69e39fb.png
65d0b34a-6a83-4293-809b-58ad3ace81cb,68 - 126 / PRIMERA EDICION,BESTIA,2.0,1,,,,COLECCION: MUNDO GOTICO,0,0,0,https://pub-77824f6d0d4542d282fa48605bce7479.r2.dev/cards/MYL/PRIMERA%20ERA/65d0b34a-6a83-4293-809b-58ad3ace81cb.png
67e742df-5ac6-42a1-a625-2c135bdee5ce,152 - 126 / PRIMERA EDICION,BESTIA ACECHANDO,3.0,2,,,,COLECCION: MUNDO GOTICO,0,0,0,https://pub-77824f6d0d4542d282fa48605bce7479.r2.dev/cards/MYL/PRIMERA%20ERA/67e742df-5ac6-42a1-a625-2c135bdee5ce.png
932ba852-981d-4429-9263-58509aaebfa0,152 - 126 / PRIMERA EDICION,BESTIA ACECHANDO,3.0,2,,,,COLECCION: MUNDO GOTICO,0,0,0,https://pub-77824f6d0d4542d282fa48605bce7479.r2.dev/cards/MYL/PRIMERA%20ERA/932ba852-981d-4429-9263-58509aaebfa0.png
84ddbcba-3177-436e-9a1f-642aa22471a7,ANIVERSARIO LPE25 15,BESTIAS FURIOSAS,,0,,,,,0,0,0,https://pub-77824f6d0d4542d282fa48605bce7479.r2.dev/cards/MYL/PRIMERA%20ERA/84ddbcba-3177-436e-9a1f-642aa22471a7.png
d2e5e334-0949-44b0-ad29-b7e086cafc1a,132 - 236 / PRIMERA EDICION,BISHAMON,4.0,4,,,,LEYENDAS PRIMERA ERA 2.0,0,0,0,https://pub-77824f6d0d4542d282fa48605bce7479.r2.dev/cards/MYL/PRIMERA%20ERA/d2e5e334-0949-44b0-ad29-b7e086cafc1a.png
9a5ac0b3-bc09-4e7a-8371-3982a70e9da5,13 - 236 / PRIMERA EDICION,BJORN RAGNARSSON,4.0,3,,,,LEYENDAS PRIMERA ERA 2.0,0,0,0,https://pub-77824f6d0d4542d282fa48605bce7479.r2.dev/cards/MYL/PRIMERA%20ERA/9a5ac0b3-bc09-4e7a-8371-3982a70e9da5.png
b2ab3f72-abe1-40f9-bba8-e6e8043c79ae,229 - 236 / PRIMERA EDICION,BO,3.0,0,,,,LEYENDAS PRIMERA ERA 2.0,0,0,0,https://pub-77824f6d0d4542d282fa48605bce7479.r2.dev/cards/MYL/PRIMERA%20ERA/b2ab3f72-abe1-40f9-bba8-e6e8043c79ae.png
34948246-21fb-410a-a593-4237eb69a58c,205 - 236 / PRIMERA EDICION,BO,3.0,0,,,,COLECCION: ESPIRITU DEL DRAGON,0,0,0,https://pub-77824f6d0d4542d282fa48605bce7479.r2.dev/cards/MYL/PRIMERA%20ERA/34948246-21fb-410a-a593-4237eb69a58c.png
5cbd7c3d-8794-4fba-87b6-e3a347bc6f22,044 - 126 / PRIMERA ERA,BOLEADORAS,2.0,0,,,,COLECCION: LA IRA DEL NAHUAL,0,0,0,https://pub-77824f6d0d4542d282fa48605bce7479.r2.dev/cards/MYL/PRIMERA%20ERA/5cbd7c3d-8794-4fba-87b6-e3a347bc6f22.png
9ca4ef4f-a191-4805-ba2f-23eca065a60d,228 - 236 / PRIMERA EDICION,BONSAI,,0,,,,COLECCION: ESPIRITU DEL DRAGON,0,0,0,https://pub-77824f6d0d4542d282fa48605bce7479.r2.dev/cards/MYL/PRIMERA%20ERA/9ca4ef4f-a191-4805-ba2f-23eca065a60d.png
f191b870-b05e-4058-9f0b-43967647c9f5,264 - 236 / PRIMERA EDICION,BRAGI,4.0,2,,,,LEYENDAS PRIMERA ERA 2.0,0,0,0,https://pub-77824f6d0d4542d282fa48605bce7479.r2.dev/cards/MYL/PRIMERA%20ERA/f191b870-b05e-4058-9f0b-43967647c9f5.png
2bbc77e6-4884-4a0d-83aa-b3d6bc4bfe80,119 - 236 / PRIMERA EDICION,BROKK,2.0,3,,,,LEYENDAS PRIMERA ERA 2.0,0,0,0,https://pub-77824f6d0d4542d282fa48605bce7479.r2.dev/cards/MYL/PRIMERA%20ERA/2bbc77e6-4884-4a0d-83aa-b3d6bc4bfe80.png
40842680-ad19-4b59-899b-e40ea433e9a6,123 - 236 / PRIMERA EDICION,BROKK,2.0,3,,,,LEYENDAS PRIMERA ERA 1.0,0,0,0,https://pub-77824f6d0d4542d282fa48605bce7479.r2.dev/cards/MYL/PRIMERA%20ERA/40842680-ad19-4b59-899b-e40ea433e9a6.png
dfbda40b-027a-40da-b15d-84616e36381d,112 - 126 / PRIMERA EDICION,BRUJA CARABUSSE,1.0,0,,,,COLECCION: EL RETO,0,0,0,https://pub-77824f6d0d4542d282fa48605bce7479.r2.dev/cards/MYL/PRIMERA%20ERA/dfbda40b-027a-40da-b15d-84616e36381d.png
cb35e8c6-b880-4191-834d-45c85d9ca3aa,237 - 236 / PRIMERA EDICION,BRUJA DE LA MONTANA,2.0,2,,,,LEYENDAS PRIMERA ERA 1.0,0,0,0,https://pub-77824f6d0d4542d282fa48605bce7479.r2.dev/cards/MYL/PRIMERA%20ERA/cb35e8c6-b880-4191-834d-45c85d9ca3aa.png
be9d3e6e-3c17-43a5-bd3e-7cfce21cc135,219 - 236 / PRIMERA EDICION,BRUJA DE LA MONTANA,2.0,2,,,,LEYENDAS PRIMERA ERA 2.0,0,0,0,https://pub-77824f6d0d4542d282fa48605bce7479.r2.dev/cards/MYL/PRIMERA%20ERA/be9d3e6e-3c17-43a5-bd3e-7cfce21cc135.png
812d4d98-8eda-43f4-a871-9022b5b97fd8,174 - 236 / PRIMERA EDICION,BRUJO CHILOTE,3.0,2,,,,LEYENDAS PRIMERA ERA 1.0,0,0,0,https://pub-77824f6d0d4542d282fa48605bce7479.r2.dev/cards/MYL/PRIMERA%20ERA/812d4d98-8eda-43f4-a871-9022b5b97fd8.png
a8efa33b-32fc-41f3-9d70-260a90262add,7 - 170 / PRIMERA EDICION,BUFALO BLANCO,3.0,0,,,,COLECCION: COFRADIA,0,0,0,https://pub-77824f6d0d4542d282fa48605bce7479.r2.dev/cards/MYL/PRIMERA%20ERA/a8efa33b-32fc-41f3-9d70-260a90262add.png
9f1d5659-2d7d-4b82-af74-c124f8404d6c,54 - 126 / PRIMERA EDICION,BUNYIP,4.0,6,,,,COLECCION: EL RETO,0,0,0,https://pub-77824f6d0d4542d282fa48605bce7479.r2.dev/cards/MYL/PRIMERA%20ERA/9f1d5659-2d7d-4b82-af74-c124f8404d6c.png
32738c60-6c0b-4baa-b6ca-13b28504ceae,246 - 236 / PRIMERA EDICION,BUSHIDO,3.0,0,,,,LEYENDAS PRIMERA ERA 1.0,0,0,0,https://pub-77824f6d0d4542d282fa48605bce7479.r2.dev/cards/MYL/PRIMERA%20ERA/32738c60-6c0b-4baa-b6ca-13b28504ceae.png
f2113e5a-66f8-4731-9bb8-1da26870af72,131 - 236 / PRIMERA EDICION,BUSHIDO,3.0,0,,,,COLECCION: ESPIRITU DEL DRAGON,0,0,0,https://pub-77824f6d0d4542d282fa48605bce7479.r2.dev/cards/MYL/PRIMERA%20ERA/f2113e5a-66f8-4731-9bb8-1da26870af72.png
5fb260e3-d44a-4e7e-9a5b-324114eccdd4,70 - 126 / PRIMERA EDICION,BYLEIST,3.0,1,,,,COLECCION: RAGNAROK,0,0,0,https://pub-77824f6d0d4542d282fa48605bce7479.r2.dev/cards/MYL/PRIMERA%20ERA/5fb260e3-d44a-4e7e-9a5b-324114eccdd4.png
887206cf-f9c4-409e-9db2-6d80aee5a573,46 - 236 / PRIMERA EDICION,CABALLERO NEGRO,2.0,2,,,,LEYENDAS PRIMERA ERA 2.0,0,0,0,https://pub-77824f6d0d4542d282fa48605bce7479.r2.dev/cards/MYL/PRIMERA%20ERA/887206cf-f9c4-409e-9db2-6d80aee5a573.png
6cc3d66e-b7c1-40e1-ba9d-fddc0feb3530,166 - 236 / PRIMERA EDICION,CABALLO DE TROYA,4.0,0,,,,LEYENDAS PRIMERA ERA 2.0,0,0,0,https://pub-77824f6d0d4542d282fa48605bce7479.r2.dev/cards/MYL/PRIMERA%20ERA/6cc3d66e-b7c1-40e1-ba9d-fddc0feb3530.png
ec78ecb8-52b1-4ac7-9706-9a038e8cb76a,LPE23 182/300,CABALLO DE TROYA,4.0,0,,,,LEYENDAS PRIMERA ERA 3.0,0,0,0,https://pub-77824f6d0d4542d282fa48605bce7479.r2.dev/cards/MYL/PRIMERA%20ERA/ec78ecb8-52b1-4ac7-9706-9a038e8cb76a.png
b544800f-ab5a-41d2-b482-3de7b366154d,108 - 170 / PRIMERA EDICION,CABALLO MARINO,2.0,2,,,,COLECCION: COFRADIA,0,0,0,https://pub-77824f6d0d4542d282fa48605bce7479.r2.dev/cards/MYL/PRIMERA%20ERA/b544800f-ab5a-41d2-b482-3de7b366154d.png
6972082a-c3bd-4c23-a36e-99ba9c7997e5,105 - 126 / PRIMERA ERA,CABALLO MARINO,2.0,2,,,,COLECCION: LA IRA DEL NAHUAL,0,0,0,https://pub-77824f6d0d4542d282fa48605bce7479.r2.dev/cards/MYL/PRIMERA%20ERA/6972082a-c3bd-4c23-a36e-99ba9c7997e5.png
4bfb31c5-91a4-4b0b-962f-4eca72c07d69,CRPE2-21-84,CABALLO MARINO,2.0,2,,,,KIT RACIALES PRIMERA ERA: BESTIA,0,0,0,https://pub-77824f6d0d4542d282fa48605bce7479.r2.dev/cards/MYL/PRIMERA%20ERA/4bfb31c5-91a4-4b0b-962f-4eca72c07d69.png
61a055c4-082c-4bc8-b369-77c4c0bf45a1,081 - 126 / PRIMERA ERA,CABRACAN,3.0,2,,,,COLECCION: LA IRA DEL NAHUAL,0,0,0,https://pub-77824f6d0d4542d282fa48605bce7479.r2.dev/cards/MYL/PRIMERA%20ERA/61a055c4-082c-4bc8-b369-77c4c0bf45a1.png
66ea4d9c-33b4-45ca-865a-9c071f99e2d9,101 - 236 / PRIMERA EDICION,CABRACAN,3.0,2,,,,LEYENDAS PRIMERA ERA 1.0,0,0,0,https://pub-77824f6d0d4542d282fa48605bce7479.r2.dev/cards/MYL/PRIMERA%20ERA/66ea4d9c-33b4-45ca-865a-9c071f99e2d9.png
710b5723-a842-4400-9787-b8a583b96aa4,8 - 170 / PRIMERA EDICION,CACERIA DEL PEYOTL,1.0,0,,,,COLECCION: COFRADIA,0,0,0,https://pub-77824f6d0d4542d282fa48605bce7479.r2.dev/cards/MYL/PRIMERA%20ERA/710b5723-a842-4400-9787-b8a583b96aa4.png
ef8314f5-af95-444e-8ad3-c5a0b0620656,165 - 126 / PRIMERA EDICION,CACHORRO,2.0,0,,,,COLECCION: MUNDO GOTICO,0,0,0,https://pub-77824f6d0d4542d282fa48605bce7479.r2.dev/cards/MYL/PRIMERA%20ERA/ef8314f5-af95-444e-8ad3-c5a0b0620656.png
3984b2bf-9e5f-4700-b45a-ac520731f797,109 - 170 / PRIMERA EDICION,CACHORRO,1.0,1,,,,COLECCION: COFRADIA,0,0,0,https://pub-77824f6d0d4542d282fa48605bce7479.r2.dev/cards/MYL/PRIMERA%20ERA/3984b2bf-9e5f-4700-b45a-ac520731f797.png
04c16af2-ad39-4d00-88e4-6c87273d5d73,82 - 126 / PRIMERA EDICION,CADENA GLEIPNIR,3.0,0,,,,COLECCION: RAGNAROK,0,0,0,https://pub-77824f6d0d4542d282fa48605bce7479.r2.dev/cards/MYL/PRIMERA%20ERA/04c16af2-ad39-4d00-88e4-6c87273d5d73.png
838ef3a7-adb7-4796-ad2a-93c668aca182,43 - 236 / PRIMERA EDICION,CAI SHEN,1.0,2,,,,COLECCION: ESPIRITU DEL DRAGON,0,0,0,https://pub-77824f6d0d4542d282fa48605bce7479.r2.dev/cards/MYL/PRIMERA%20ERA/838ef3a7-adb7-4796-ad2a-93c668aca182.png
f24eb6bd-04d7-448b-b80e-e5b3c46cba70,118 - 126 / PRIMERA EDICION,CALENDARIO RUNICO,,0,,,,COLECCION: RAGNAROK,0,0,0,https://pub-77824f6d0d4542d282fa48605bce7479.r2.dev/cards/MYL/PRIMERA%20ERA/f24eb6bd-04d7-448b-b80e-e5b3c46cba70.png
a7ad55db-c8c7-4177-a66a-17d82972b2b1,163 - 236 / PRIMERA EDICION,CALEUCHE,3.0,0,,,,LEYENDAS PRIMERA ERA 2.0,0,0,0,https://pub-77824f6d0d4542d282fa48605bce7479.r2.dev/cards/MYL/PRIMERA%20ERA/a7ad55db-c8c7-4177-a66a-17d82972b2b1.png
ab6490df-adf3-4c12-a836-2dc8286bacea,164 - 126 / PRIMERA EDICION,CALIXTO,1.0,1,,,,COLECCION: MUNDO GOTICO,0,0,0,https://pub-77824f6d0d4542d282fa48605bce7479.r2.dev/cards/MYL/PRIMERA%20ERA/ab6490df-adf3-4c12-a836-2dc8286bacea.png
01605ba3-3d1a-47b6-a750-cb0f70d3c865,60 - 126 / PRIMERA EDICION,CALIZ SAGRADO,,0,,,,COLECCION: EL RETO,0,0,0,https://pub-77824f6d0d4542d282fa48605bce7479.r2.dev/cards/MYL/PRIMERA%20ERA/01605ba3-3d1a-47b6-a750-cb0f70d3c865.png
4c960cf4-4e84-4369-b12b-84d135162644,157 - 170 / PRIMERA EDICION,CALIZ SAGRADO,,0,,,,COLECCION: COFRADIA,0,0,0,https://pub-77824f6d0d4542d282fa48605bce7479.r2.dev/cards/MYL/PRIMERA%20ERA/4c960cf4-4e84-4369-b12b-84d135162644.png
b59d700b-cb47-41f0-a4c5-b94d5a01984d,106 - 236 / PRIMERA EDICION,CAMAHUETO,2.0,3,,,,LEYENDAS PRIMERA ERA 1.0,0,0,0,https://pub-77824f6d0d4542d282fa48605bce7479.r2.dev/cards/MYL/PRIMERA%20ERA/b59d700b-cb47-41f0-a4c5-b94d5a01984d.png
5b7e74d4-e63e-46eb-9164-7069aaf914b1,258 - 236 / PRIMERA EDICION,CAMAHUETO,2.0,3,,,,LEYENDAS PRIMERA ERA 2.0,0,0,0,https://pub-77824f6d0d4542d282fa48605bce7479.r2.dev/cards/MYL/PRIMERA%20ERA/5b7e74d4-e63e-46eb-9164-7069aaf914b1.png
c4653b61-38c0-4895-a96b-8bf9a3c1ee83,024 - 126 / PRIMERA ERA,CAMAXTLE,2.0,0,,,,COLECCION: LA IRA DEL NAHUAL,0,0,0,https://pub-77824f6d0d4542d282fa48605bce7479.r2.dev/cards/MYL/PRIMERA%20ERA/c4653b61-38c0-4895-a96b-8bf9a3c1ee83.png
637aebc0-736d-443c-94a3-4e0047eec1c9,126 - 126 / PRIMERA EDICION,CAMPANAS DEL ALBA,,0,,,,COLECCION: MUNDO GOTICO,0,0,0,https://pub-77824f6d0d4542d282fa48605bce7479.r2.dev/cards/MYL/PRIMERA%20ERA/637aebc0-736d-443c-94a3-4e0047eec1c9.png
7c53a133-f799-4208-9531-9381708da2ad,ANIVERSARIO LPE25 26,CAMPEONES DE ORIENTE,,0,,,,,0,0,0,https://pub-77824f6d0d4542d282fa48605bce7479.r2.dev/cards/MYL/PRIMERA%20ERA/7c53a133-f799-4208-9531-9381708da2ad.png
f3b1bca8-64f4-499f-86ca-6745638444af,63 - 126 / PRIMERA EDICION,CAMPESINA,2.0,1,,,,COLECCION: MUNDO GOTICO,0,0,0,https://pub-77824f6d0d4542d282fa48605bce7479.r2.dev/cards/MYL/PRIMERA%20ERA/f3b1bca8-64f4-499f-86ca-6745638444af.png
0b69e693-4e4a-49f8-9050-3eca5e84ae77,162 - 236 / PRIMERA EDICION,CANCERBERO,1.0,0,,,,LEYENDAS PRIMERA ERA 2.0,0,0,0,https://pub-77824f6d0d4542d282fa48605bce7479.r2.dev/cards/MYL/PRIMERA%20ERA/0b69e693-4e4a-49f8-9050-3eca5e84ae77.png
095ac2eb-cddb-430b-bbef-5963b59e1a9e,17 - 236 / PRIMERA EDICION,CANCERBERO,1.0,0,,,,LEYENDAS PRIMERA ERA 1.0,0,0,0,https://pub-77824f6d0d4542d282fa48605bce7479.r2.dev/cards/MYL/PRIMERA%20ERA/095ac2eb-cddb-430b-bbef-5963b59e1a9e.png
44743922-4a43-4580-bc2f-2903f538d7e7,123 - 126 / PRIMERA EDICION,CANDELABRO,,0,,,,COLECCION: MUNDO GOTICO,0,0,0,https://pub-77824f6d0d4542d282fa48605bce7479.r2.dev/cards/MYL/PRIMERA%20ERA/44743922-4a43-4580-bc2f-2903f538d7e7.png
0aaf7db8-3f4f-4f23-a7ea-f56145c3458f,074 - 126 / PRIMERA ERA,CANGREJOS,3.0,2,,,,COLECCION: LA IRA DEL NAHUAL,0,0,0,https://pub-77824f6d0d4542d282fa48605bce7479.r2.dev/cards/MYL/PRIMERA%20ERA/0aaf7db8-3f4f-4f23-a7ea-f56145c3458f.png
4d87a1d9-8794-4240-aac5-12cbcce5fce7,76 - 236 / PRIMERA EDICION,CAO CAO,2.0,2,,,,COLECCION: ESPIRITU DEL DRAGON,0,0,0,https://pub-77824f6d0d4542d282fa48605bce7479.r2.dev/cards/MYL/PRIMERA%20ERA/4d87a1d9-8794-4240-aac5-12cbcce5fce7.png
58e49529-cb84-45a1-a848-9ca4ccb6f058,PEX - 04-18,CARMILLA,2.0,3,,,,,0,0,0,https://pub-77824f6d0d4542d282fa48605bce7479.r2.dev/pending-versions/e9aae507-25f4-474e-8136-595dd5bb56c2/1786644474057-0.webp
f74a0379-1f98-48c1-89e5-eed07a37f7ce,16 - 236 / PRIMERA EDICION,CARMILLA,2.0,3,,,,LEYENDAS PRIMERA ERA 2.0,0,0,0,https://pub-77824f6d0d4542d282fa48605bce7479.r2.dev/cards/MYL/PRIMERA%20ERA/f74a0379-1f98-48c1-89e5-eed07a37f7ce.png
972ff233-9b9e-47d1-9e99-19fec7d2f6c2,LPE23 001/300,CARMILLA,2.0,3,,,,LEYENDAS PRIMERA ERA 3.0,0,0,0,https://pub-77824f6d0d4542d282fa48605bce7479.r2.dev/cards/MYL/PRIMERA%20ERA/972ff233-9b9e-47d1-9e99-19fec7d2f6c2.png
6419ca99-6365-4317-a08e-4d47df3dcea0,LPE4 226/320,CARNWENNAN,2.0,0,,,,LEYENDAS PE 4.0,0,0,0,https://pub-77824f6d0d4542d282fa48605bce7479.r2.dev/cards/MYL/PRIMERA%20ERA/6419ca99-6365-4317-a08e-4d47df3dcea0.png
27c44bf2-0e45-4d47-8ab6-221cde2f14bc,125 - 126 / PRIMERA EDICION,CARRO DE OSEBERG,,0,,,,COLECCION: RAGNAROK,0,0,0,https://pub-77824f6d0d4542d282fa48605bce7479.r2.dev/cards/MYL/PRIMERA%20ERA/27c44bf2-0e45-4d47-8ab6-221cde2f14bc.png
288ba424-4c94-4e30-a7e6-70253b3f6a49,92 - 126 / PRIMERA EDICION,CASANDRA,1.0,1,,,,COLECCION: MUNDO GOTICO,0,0,0,https://pub-77824f6d0d4542d282fa48605bce7479.r2.dev/cards/MYL/PRIMERA%20ERA/288ba424-4c94-4e30-a7e6-70253b3f6a49.png
ed853ef7-4363-4d39-9f2e-d06b7e7f8f95,115 - 126 / PRIMERA EDICION,CASTILLO SOMBRIO,,0,,,,COLECCION: MUNDO GOTICO,0,0,0,https://pub-77824f6d0d4542d282fa48605bce7479.r2.dev/cards/MYL/PRIMERA%20ERA/ed853ef7-4363-4d39-9f2e-d06b7e7f8f95.png
567899f6-34f1-4a41-bd80-b6f80f44ee3f,54 - 236 / PRIMERA EDICION,CATARATAS DEL IGUAZU,4.0,0,,,,LEYENDAS PRIMERA ERA 2.0,0,0,0,https://pub-77824f6d0d4542d282fa48605bce7479.r2.dev/cards/MYL/PRIMERA%20ERA/567899f6-34f1-4a41-bd80-b6f80f44ee3f.png
e34fe83a-e9c7-4ef8-9167-97ddc831ee02,73 - 236 / PRIMERA EDICION,CATARATAS DEL IGUAZU,4.0,0,,,,LEYENDAS PRIMERA ERA 1.0,0,0,0,https://pub-77824f6d0d4542d282fa48605bce7479.r2.dev/cards/MYL/PRIMERA%20ERA/e34fe83a-e9c7-4ef8-9167-97ddc831ee02.png
d36b7db9-c12a-4973-808f-4e8ac1cf53dc,122 - 126 / PRIMERA EDICION,CATEDRAL,,0,,,,COLECCION: MUNDO GOTICO,0,0,0,https://pub-77824f6d0d4542d282fa48605bce7479.r2.dev/cards/MYL/PRIMERA%20ERA/d36b7db9-c12a-4973-808f-4e8ac1cf53dc.png
d4a1fef0-9aa3-4519-bdeb-56cbbf93016f,158 - 170 / PRIMERA EDICION,CATEDRAL,,0,,,,COLECCION: COFRADIA,0,0,0,https://pub-77824f6d0d4542d282fa48605bce7479.r2.dev/cards/MYL/PRIMERA%20ERA/d4a1fef0-9aa3-4519-bdeb-56cbbf93016f.png
d1cfaf37-6299-4f70-b3d6-f2ee426ae249,078 - 126 / PRIMERA ERA,CAUPOLICAN,3.0,2,,,,COLECCION: LA IRA DEL NAHUAL,0,0,0,https://pub-77824f6d0d4542d282fa48605bce7479.r2.dev/cards/MYL/PRIMERA%20ERA/d1cfaf37-6299-4f70-b3d6-f2ee426ae249.png
e11018be-e6a6-4264-bee0-10ca365ca7dc,19 - 126 / PRIMERA EDICION,CENTAURO,3.0,1,,,,COLECCION: EL RETO,0,0,0,https://pub-77824f6d0d4542d282fa48605bce7479.r2.dev/cards/MYL/PRIMERA%20ERA/e11018be-e6a6-4264-bee0-10ca365ca7dc.png
4041de84-8a87-4d14-b456-531bbb282a0e,277 - 236 / PRIMERA EDICION,CENTAURO,1.0,1,,,,LEYENDAS PRIMERA ERA 2.0,0,0,0,https://pub-77824f6d0d4542d282fa48605bce7479.r2.dev/cards/MYL/PRIMERA%20ERA/4041de84-8a87-4d14-b456-531bbb282a0e.png
65242ef4-4d46-4a99-b73b-784a46e372df,19 - 126 / PRIMERA EDICION,CENTAURO,3.0,1,,,,COLECCION: EL RETO,0,0,0,https://pub-77824f6d0d4542d282fa48605bce7479.r2.dev/cards/MYL/PRIMERA%20ERA/65242ef4-4d46-4a99-b73b-784a46e372df.png
b7e72149-6198-4a57-9ca8-62601a997dc4,092 - 126 / PRIMERA ERA,CENTZON TOTOCHTIN,4.0,3,,,,COLECCION: LA IRA DEL NAHUAL,0,0,0,https://pub-77824f6d0d4542d282fa48605bce7479.r2.dev/cards/MYL/PRIMERA%20ERA/b7e72149-6198-4a57-9ca8-62601a997dc4.png
c179f9b3-c657-48a9-a75b-556836817968,85 - 236 / PRIMERA EDICION,CERBATANA,2.0,0,,,,LEYENDAS PRIMERA ERA 1.0,0,0,0,https://pub-77824f6d0d4542d282fa48605bce7479.r2.dev/cards/MYL/PRIMERA%20ERA/c179f9b3-c657-48a9-a75b-556836817968.png
df5fa465-4686-4d72-8adf-0f8496850d94,167 - 126 / PRIMERA EDICION,CERNUNNO,2.0,3,,,,COLECCION: EL RETO,0,0,0,https://pub-77824f6d0d4542d282fa48605bce7479.r2.dev/cards/MYL/PRIMERA%20ERA/df5fa465-4686-4d72-8adf-0f8496850d94.png
cac73621-fd1e-46e1-a34a-ef4090f0a664,016 - 126 / PRIMERA ERA,CH AYIN NA,4.0,0,,,,COLECCION: LA IRA DEL NAHUAL,0,0,0,https://pub-77824f6d0d4542d282fa48605bce7479.r2.dev/cards/MYL/PRIMERA%20ERA/cac73621-fd1e-46e1-a34a-ef4090f0a664.png
cf794d0a-7337-4a50-a96c-1adf7af69f4b,171 - 236 / PRIMERA EDICION,CHA NO YU,4.0,0,,,,COLECCION: ESPIRITU DEL DRAGON,0,0,0,https://pub-77824f6d0d4542d282fa48605bce7479.r2.dev/cards/MYL/PRIMERA%20ERA/cf794d0a-7337-4a50-a96c-1adf7af69f4b.png
195c21ed-41bc-4934-aa29-e426bc96c5ae,100 - 236 / PRIMERA EDICION,CHACS,,6,,,,LEYENDAS PRIMERA ERA 1.0,0,0,0,https://pub-77824f6d0d4542d282fa48605bce7479.r2.dev/cards/MYL/PRIMERA%20ERA/195c21ed-41bc-4934-aa29-e426bc96c5ae.png
df43f997-80b7-49e3-934d-2863827acf96,52 - 236 / PRIMERA EDICION,CHASQUI,2.0,4,,,,LEYENDAS PRIMERA ERA 2.0,0,0,0,https://pub-77824f6d0d4542d282fa48605bce7479.r2.dev/cards/MYL/PRIMERA%20ERA/df43f997-80b7-49e3-934d-2863827acf96.png
44574720-3b42-40df-b375-56a815bb8eb9,104 - 236 / PRIMERA EDICION,CHASQUI,2.0,4,,,,LEYENDAS PRIMERA ERA 1.0,0,0,0,https://pub-77824f6d0d4542d282fa48605bce7479.r2.dev/cards/MYL/PRIMERA%20ERA/44574720-3b42-40df-b375-56a815bb8eb9.png
d39d2edf-8866-47e7-93f0-b64fb97c7c92,270 - 236 / PRIMERA EDICION,CHEN,5.0,0,,,,LEYENDAS PRIMERA ERA 1.0,0,0,0,https://pub-77824f6d0d4542d282fa48605bce7479.r2.dev/cards/MYL/PRIMERA%20ERA/d39d2edf-8866-47e7-93f0-b64fb97c7c92.png
e7f244d5-722d-436c-9763-0f58ca42a7a8,LPE23 245/300,CHEN,5.0,0,,,,LEYENDAS PRIMERA ERA 3.0,0,0,0,https://pub-77824f6d0d4542d282fa48605bce7479.r2.dev/cards/MYL/PRIMERA%20ERA/e7f244d5-722d-436c-9763-0f58ca42a7a8.png
38dce62b-60fe-4217-b053-a6cffdcfc762,136 - 236 / PRIMERA EDICION,CHI KUNG,3.0,0,,,,COLECCION: ESPIRITU DEL DRAGON,0,0,0,https://pub-77824f6d0d4542d282fa48605bce7479.r2.dev/cards/MYL/PRIMERA%20ERA/38dce62b-60fe-4217-b053-a6cffdcfc762.png
b00925c3-5f1e-4639-8eb5-f38374e59739,136 - 236 / PRIMERA EDICION,CHI KUNG,3.0,0,,,,COLECCION: ESPIRITU DEL DRAGON,0,0,0,https://pub-77824f6d0d4542d282fa48605bce7479.r2.dev/cards/MYL/PRIMERA%20ERA/b00925c3-5f1e-4639-8eb5-f38374e59739.png
c2d7c452-b48a-4ab6-ae84-f9c58be6b506,145 - 236 / PRIMERA EDICION,CHIANG SHIH,3.0,3,,,,LEYENDAS PRIMERA ERA 2.0,0,0,0,https://pub-77824f6d0d4542d282fa48605bce7479.r2.dev/cards/MYL/PRIMERA%20ERA/c2d7c452-b48a-4ab6-ae84-f9c58be6b506.png
7b5db737-aacf-4942-8b87-0bfe299ac2aa,119 - 236 / PRIMERA EDICION,CHIANG SHIH,3.0,3,,,,COLECCION: ESPIRITU DEL DRAGON,0,0,0,https://pub-77824f6d0d4542d282fa48605bce7479.r2.dev/cards/MYL/PRIMERA%20ERA/7b5db737-aacf-4942-8b87-0bfe299ac2aa.png
2f03f816-bdbd-4ae6-be0c-d507dfcb7c4c,245 - 236 / PRIMERA EDICION,CHIANG SHIH,3.0,3,,,,LEYENDAS PRIMERA ERA 1.0,0,0,0,https://pub-77824f6d0d4542d282fa48605bce7479.r2.dev/cards/MYL/PRIMERA%20ERA/2f03f816-bdbd-4ae6-be0c-d507dfcb7c4c.png
bd6a5734-b996-403c-877e-dd8043416de2,231 - 236 / PRIMERA EDICION,CHING HIS,,0,,,,COLECCION: ESPIRITU DEL DRAGON,0,0,0,https://pub-77824f6d0d4542d282fa48605bce7479.r2.dev/cards/MYL/PRIMERA%20ERA/bd6a5734-b996-403c-877e-dd8043416de2.png
92f97a02-f506-44e2-bdfb-ccee22983fee,107 - 126 / PRIMERA ERA,CHINIVILU,2.0,2,,,,COLECCION: LA IRA DEL NAHUAL,0,0,0,https://pub-77824f6d0d4542d282fa48605bce7479.r2.dev/cards/MYL/PRIMERA%20ERA/92f97a02-f506-44e2-bdfb-ccee22983fee.png
2a5a73d4-9b06-4b4c-9c98-ee24e67a6835,111 - 170 / PRIMERA EDICION,CHINIVILU,2.0,2,,,,COLECCION: COFRADIA,0,0,0,https://pub-77824f6d0d4542d282fa48605bce7479.r2.dev/cards/MYL/PRIMERA%20ERA/2a5a73d4-9b06-4b4c-9c98-ee24e67a6835.png
b8d92a72-dc2a-468d-8a27-1c5d8bced14b,108 - 126 / PRIMERA EDICION,CHON-CHON,2.0,0,,,,COLECCION: EL RETO,0,0,0,https://pub-77824f6d0d4542d282fa48605bce7479.r2.dev/cards/MYL/PRIMERA%20ERA/b8d92a72-dc2a-468d-8a27-1c5d8bced14b.png
a2d509b6-5126-4632-b716-9103e984624b,12 - 170 / PRIMERA EDICION,CHON-CHON,2.0,0,,,,COLECCION: COFRADIA,0,0,0,https://pub-77824f6d0d4542d282fa48605bce7479.r2.dev/cards/MYL/PRIMERA%20ERA/a2d509b6-5126-4632-b716-9103e984624b.png
0e72b072-4587-4e82-a3ad-be7068fabec6,19 - 236 / PRIMERA EDICION,CICLOPE,3.0,0,,,,LEYENDAS PRIMERA ERA 1.0,0,0,0,https://pub-77824f6d0d4542d282fa48605bce7479.r2.dev/cards/MYL/PRIMERA%20ERA/0e72b072-4587-4e82-a3ad-be7068fabec6.png
f600a832-7745-4efe-9438-7611b5426745,155 - 236 / PRIMERA EDICION,CICLOPE,3.0,0,,,,LEYENDAS PRIMERA ERA 2.0,0,0,0,https://pub-77824f6d0d4542d282fa48605bce7479.r2.dev/cards/MYL/PRIMERA%20ERA/f600a832-7745-4efe-9438-7611b5426745.png
a84e04b5-8d74-4981-b6dd-0c7cfc64788f,103 - 236 / PRIMERA EDICION,CIENPIES,2.0,2,,,,COLECCION: ESPIRITU DEL DRAGON,0,0,0,https://pub-77824f6d0d4542d282fa48605bce7479.r2.dev/cards/MYL/PRIMERA%20ERA/a84e04b5-8d74-4981-b6dd-0c7cfc64788f.png
20528b05-93bf-4566-8925-6fba83638157,060 - 126 / PRIMERA ERA,CIN TEOTL,2.0,3,,,,COLECCION: LA IRA DEL NAHUAL,0,0,0,https://pub-77824f6d0d4542d282fa48605bce7479.r2.dev/cards/MYL/PRIMERA%20ERA/20528b05-93bf-4566-8925-6fba83638157.png
b9452b45-6b02-43e2-b3b0-dcf0538acfca,288 - 236 / PRIMERA EDICION,CINTURON DE THOR,2.0,0,,,,LEYENDAS PRIMERA ERA 2.0,0,0,0,https://pub-77824f6d0d4542d282fa48605bce7479.r2.dev/cards/MYL/PRIMERA%20ERA/b9452b45-6b02-43e2-b3b0-dcf0538acfca.png
7384bd22-d32b-4441-b3b9-8f6952abb113,96 - 236 / PRIMERA EDICION,CIPACTONAL Y OXMOCO,4.0,3,,,,LEYENDAS PRIMERA ERA 1.0,0,0,0,https://pub-77824f6d0d4542d282fa48605bce7479.r2.dev/cards/MYL/PRIMERA%20ERA/7384bd22-d32b-4441-b3b9-8f6952abb113.png
50930797-807f-49b7-a5ac-d6a1e3018ba2,126 - 126 / PRIMERA ERA,CIUDAD DE LOS CESARES,2.0,0,,,,COLECCION: LA IRA DEL NAHUAL,0,0,0,https://pub-77824f6d0d4542d282fa48605bce7479.r2.dev/cards/MYL/PRIMERA%20ERA/50930797-807f-49b7-a5ac-d6a1e3018ba2.png
91c2301d-08bc-4692-b739-39b19c67be78,28 - 236 / PRIMERA EDICION,CIZIN,5.0,0,,,,LEYENDAS PRIMERA ERA 1.0,0,0,0,https://pub-77824f6d0d4542d282fa48605bce7479.r2.dev/cards/MYL/PRIMERA%20ERA/91c2301d-08bc-4692-b739-39b19c67be78.png
809e2e7d-015d-4bab-8bf4-5bf6574270c9,112 - 126 / PRIMERA EDICION,CODICE,,0,,,,COLECCION: MUNDO GOTICO,0,0,0,https://pub-77824f6d0d4542d282fa48605bce7479.r2.dev/cards/MYL/PRIMERA%20ERA/809e2e7d-015d-4bab-8bf4-5bf6574270c9.png
1906fb7a-9a24-417d-8f2b-fec4b0e676b1,116 - 126 / PRIMERA EDICION,COLLAR BRISING,,0,,,,COLECCION: RAGNAROK,0,0,0,https://pub-77824f6d0d4542d282fa48605bce7479.r2.dev/cards/MYL/PRIMERA%20ERA/1906fb7a-9a24-417d-8f2b-fec4b0e676b1.png
f1135ad4-15f1-4787-a6eb-f8652f8e1ff1,159 - 170 / PRIMERA EDICION,COLLAR DE MANI,,0,,,,COLECCION: COFRADIA,0,0,0,https://pub-77824f6d0d4542d282fa48605bce7479.r2.dev/cards/MYL/PRIMERA%20ERA/f1135ad4-15f1-4787-a6eb-f8652f8e1ff1.png
620ff8c6-9760-4887-a4e6-a794c087cd13,112 - 126 / PRIMERA ERA,COLLAR DE MANI,,0,,,,COLECCION: LA IRA DEL NAHUAL,0,0,0,https://pub-77824f6d0d4542d282fa48605bce7479.r2.dev/cards/MYL/PRIMERA%20ERA/620ff8c6-9760-4887-a4e6-a794c087cd13.png
fee71741-01fa-4a47-bea6-ee356e41e5b7,123 - 126 / PRIMERA ERA,COLUMNAS DE THULAN,1.0,0,,,,COLECCION: LA IRA DEL NAHUAL,0,0,0,https://pub-77824f6d0d4542d282fa48605bce7479.r2.dev/cards/MYL/PRIMERA%20ERA/fee71741-01fa-4a47-bea6-ee356e41e5b7.png
93801d29-cc70-4de2-9cf1-8a8f13f674da,EDICIÓN LIMITADA JO,COMERCIANTES DEL RIO,,0,,,,,0,0,0,https://pub-77824f6d0d4542d282fa48605bce7479.r2.dev/pending-versions/a09cd627-0dac-4af7-96c4-4501b80b8882/1787450289141-0.webp
c83a396f-e570-4500-abf8-4b04be006c47,187 - 236 / PRIMERA EDICION,COMETA,2.0,0,,,,COLECCION: ESPIRITU DEL DRAGON,0,0,0,https://pub-77824f6d0d4542d282fa48605bce7479.r2.dev/cards/MYL/PRIMERA%20ERA/c83a396f-e570-4500-abf8-4b04be006c47.png
c01b118c-e689-42b4-ab98-0dd76a8b0fc3,187 - 236 / PRIMERA EDICION,COMETA,2.0,0,,,,COLECCION: ESPIRITU DEL DRAGON,0,0,0,https://pub-77824f6d0d4542d282fa48605bce7479.r2.dev/cards/MYL/PRIMERA%20ERA/c01b118c-e689-42b4-ab98-0dd76a8b0fc3.png
e7f044b3-92cd-472d-8536-83151190dfd9,41 - 236 / PRIMERA EDICION,CONCILIO DE DIOSES,,0,,,,LEYENDAS PRIMERA ERA 2.0,0,0,0,https://pub-77824f6d0d4542d282fa48605bce7479.r2.dev/cards/MYL/PRIMERA%20ERA/e7f044b3-92cd-472d-8536-83151190dfd9.png
7a5d26d1-6d25-4d09-b521-8ee847eeb20f,73 - 126 / PRIMERA EDICION,CONDE SHATTEN,3.0,2,,,,COLECCION: MUNDO GOTICO,0,0,0,https://pub-77824f6d0d4542d282fa48605bce7479.r2.dev/cards/MYL/PRIMERA%20ERA/7a5d26d1-6d25-4d09-b521-8ee847eeb20f.png
7f040b2f-f6b2-455b-a5c7-db9fda54f1d8,10 - 170 / PRIMERA EDICION,CONDE SHATTEN,3.0,2,,,,COLECCION: COFRADIA,0,0,0,https://pub-77824f6d0d4542d282fa48605bce7479.r2.dev/cards/MYL/PRIMERA%20ERA/7f040b2f-f6b2-455b-a5c7-db9fda54f1d8.png
1ebfe3e8-dcc6-416c-9e42-83ccdef85710,170 - 126 / PRIMERA EDICION,CONEJO ESCRIBA,6.0,0,,,,COLECCION: EL RETO,0,0,0,https://pub-77824f6d0d4542d282fa48605bce7479.r2.dev/cards/MYL/PRIMERA%20ERA/1ebfe3e8-dcc6-416c-9e42-83ccdef85710.png
bf161b40-3e53-4e29-b901-b150ff29c93e,11 - 170 / PRIMERA EDICION,CORAZON DE LEON,2.0,2,,,,COLECCION: COFRADIA,0,0,0,https://pub-77824f6d0d4542d282fa48605bce7479.r2.dev/cards/MYL/PRIMERA%20ERA/bf161b40-3e53-4e29-b901-b150ff29c93e.png
e7b15294-b582-40f6-9338-574c6fe0b175,96 - 126 / PRIMERA EDICION,CORAZON DE LEON,2.0,2,,,,COLECCION: MUNDO GOTICO,0,0,0,https://pub-77824f6d0d4542d282fa48605bce7479.r2.dev/cards/MYL/PRIMERA%20ERA/e7b15294-b582-40f6-9338-574c6fe0b175.png
10c8ff1c-4770-4f8e-b2d7-2d38ce9281d6,119 - 126 / PRIMERA EDICION,CORONA IMPERIAL,,0,,,,COLECCION: MUNDO GOTICO,0,0,0,https://pub-77824f6d0d4542d282fa48605bce7479.r2.dev/cards/MYL/PRIMERA%20ERA/10c8ff1c-4770-4f8e-b2d7-2d38ce9281d6.png
ee4e821a-1ae2-4383-affe-38a2c97fd25e,172 - 126 / PRIMERA EDICION,COROT,2.0,3,,,,COLECCION: MUNDO GOTICO,0,0,0,https://pub-77824f6d0d4542d282fa48605bce7479.r2.dev/cards/MYL/PRIMERA%20ERA/ee4e821a-1ae2-4383-affe-38a2c97fd25e.png
e928e28a-d72a-416d-95ac-f3cf90f5bf29,60 - 170 / PRIMERA EDICION,CREMACION,4.0,0,,,,COLECCION: COFRADIA,0,0,0,https://pub-77824f6d0d4542d282fa48605bce7479.r2.dev/cards/MYL/PRIMERA%20ERA/e928e28a-d72a-416d-95ac-f3cf90f5bf29.png
e2cf1d2d-4ba6-43be-b34c-1fd4393989ee,4 - 126 / PRIMERA EDICION,CREMACION,2.0,0,,,,COLECCION: MUNDO GOTICO,0,0,0,https://pub-77824f6d0d4542d282fa48605bce7479.r2.dev/cards/MYL/PRIMERA%20ERA/e2cf1d2d-4ba6-43be-b34c-1fd4393989ee.png
b00bcd9b-2598-49a9-9d12-e859b612c45f,ANIVERSARIO LPE25 25,CRIATURAS SINIESTRAS,,0,,,,,0,0,0,https://pub-77824f6d0d4542d282fa48605bce7479.r2.dev/cards/MYL/PRIMERA%20ERA/b00bcd9b-2598-49a9-9d12-e859b612c45f.png
b7aa48e2-3888-4ef6-a444-fb1884c81f5b,CRPE2-60-84,CRIATURAS SINIESTRAS,,0,,,,KIT RACIALES PRIMERA ERA: CRIATURAS,0,0,0,https://pub-77824f6d0d4542d282fa48605bce7479.r2.dev/cards/MYL/PRIMERA%20ERA/b7aa48e2-3888-4ef6-a444-fb1884c81f5b.png
a6e88920-b719-4aac-b8a1-decc0c11ba76,116 - 126 / PRIMERA EDICION,CRIPTA,,0,,,,COLECCION: MUNDO GOTICO,0,0,0,https://pub-77824f6d0d4542d282fa48605bce7479.r2.dev/cards/MYL/PRIMERA%20ERA/a6e88920-b719-4aac-b8a1-decc0c11ba76.png
19635e29-7d0d-4632-ad2c-5da02dd825bf,160 - 170 / PRIMERA EDICION,CRIPTA,,0,,,,COLECCION: COFRADIA,0,0,0,https://pub-77824f6d0d4542d282fa48605bce7479.r2.dev/cards/MYL/PRIMERA%20ERA/19635e29-7d0d-4632-ad2c-5da02dd825bf.png
41c1b7dc-e30f-4641-b6eb-b4e700283215,LPE23 203/300,CUAUHTEMOC,2.0,3,,,,LEYENDAS PRIMERA ERA 3.0,0,0,0,https://pub-77824f6d0d4542d282fa48605bce7479.r2.dev/cards/MYL/PRIMERA%20ERA/41c1b7dc-e30f-4641-b6eb-b4e700283215.png
555b80f4-caf3-48fa-83f3-ab3ab77aaea9,LPE4 240/320,CUAUHTEMOC,2.0,3,,,,LEYENDAS PE 4.0,0,0,0,https://pub-77824f6d0d4542d282fa48605bce7479.r2.dev/cards/MYL/PRIMERA%20ERA/555b80f4-caf3-48fa-83f3-ab3ab77aaea9.png
72344770-bc87-4dce-b4cd-664780b8f070,194 - 236 / PRIMERA EDICION,CUAUHTEMOC,2.0,3,,,,LEYENDAS PRIMERA ERA 2.0,0,0,0,https://pub-77824f6d0d4542d282fa48605bce7479.r2.dev/cards/MYL/PRIMERA%20ERA/72344770-bc87-4dce-b4cd-664780b8f070.png
b3fd9c0e-ef47-40a5-96db-2d0244f89cad,107 - 236 / PRIMERA EDICION,CUCHIVILU,2.0,2,,,,LEYENDAS PRIMERA ERA 1.0,0,0,0,https://pub-77824f6d0d4542d282fa48605bce7479.r2.dev/cards/MYL/PRIMERA%20ERA/b3fd9c0e-ef47-40a5-96db-2d0244f89cad.png
b3d49dca-12ff-472f-bda6-d8802537aa83,116 - 236 / PRIMERA EDICION,CUCHIVILU,2.0,2,,,,LEYENDAS PRIMERA ERA 2.0,0,0,0,https://pub-77824f6d0d4542d282fa48605bce7479.r2.dev/cards/MYL/PRIMERA%20ERA/b3d49dca-12ff-472f-bda6-d8802537aa83.png
a467fe1c-b253-4718-8400-6505f4b90c7b,61 - 170 / PRIMERA EDICION,CUCHIVILU,2.0,2,,,,COLECCION: COFRADIA,0,0,0,https://pub-77824f6d0d4542d282fa48605bce7479.r2.dev/cards/MYL/PRIMERA%20ERA/a467fe1c-b253-4718-8400-6505f4b90c7b.png
d2d3b081-9748-440a-beb4-5d3ff414bae1,CRPE2-13-84,CUCHUVILU,2.0,2,,,,KIT RACIALES PRIMERA ERA: BESTIA,0,0,0,https://pub-77824f6d0d4542d282fa48605bce7479.r2.dev/cards/MYL/PRIMERA%20ERA/d2d3b081-9748-440a-beb4-5d3ff414bae1.png
046e4fae-1053-48e5-8f28-57f6af1a43a2,122 - 126 / PRIMERA EDICION,CUERNO DE LA ABUNDANCIA,,0,,,,COLECCION: EL RETO,0,0,0,https://pub-77824f6d0d4542d282fa48605bce7479.r2.dev/cards/MYL/PRIMERA%20ERA/046e4fae-1053-48e5-8f28-57f6af1a43a2.png
b4686fa8-123b-41cc-9358-9a3baa6d655d,153 - 236 / PRIMERA EDICION,CUERNOS DE ADUMLA,2.0,0,,,,LEYENDAS PRIMERA ERA 1.0,0,0,0,https://pub-77824f6d0d4542d282fa48605bce7479.r2.dev/cards/MYL/PRIMERA%20ERA/b4686fa8-123b-41cc-9358-9a3baa6d655d.png
b379c43b-c0f8-4b4e-91f6-90cee4accef6,261 - 236 / PRIMERA EDICION,CUERNOS DE ADUMLA,2.0,0,,,,LEYENDAS PRIMERA ERA 2.0,0,0,0,https://pub-77824f6d0d4542d282fa48605bce7479.r2.dev/cards/MYL/PRIMERA%20ERA/b379c43b-c0f8-4b4e-91f6-90cee4accef6.png
85feca9b-8025-41fb-93f0-fa123091fda6,108 - 236 / PRIMERA EDICION,CUERO,4.0,6,,,,LEYENDAS PRIMERA ERA 1.0,0,0,0,https://pub-77824f6d0d4542d282fa48605bce7479.r2.dev/cards/MYL/PRIMERA%20ERA/85feca9b-8025-41fb-93f0-fa123091fda6.png
7f7c760e-6d28-4ca3-9d23-9018503a67cf,182 - 236 / PRIMERA EDICION,CUERO,4.0,6,,,,LEYENDAS PRIMERA ERA 2.0,0,0,0,https://pub-77824f6d0d4542d282fa48605bce7479.r2.dev/cards/MYL/PRIMERA%20ERA/7f7c760e-6d28-4ca3-9d23-9018503a67cf.png
df96d614-14e0-4dee-b1ab-bf2028bec584,051 - 126 / PRIMERA ERA,CUEVA DE QUICAVI,3.0,0,,,,COLECCION: LA IRA DEL NAHUAL,0,0,0,https://pub-77824f6d0d4542d282fa48605bce7479.r2.dev/cards/MYL/PRIMERA%20ERA/df96d614-14e0-4dee-b1ab-bf2028bec584.png
3887e2ce-b818-451a-b47f-d6cd04ce90f5,129 - 236 / PRIMERA EDICION,CULTO CHAMAN,,0,,,,LEYENDAS PRIMERA ERA 2.0,0,0,0,https://pub-77824f6d0d4542d282fa48605bce7479.r2.dev/cards/MYL/PRIMERA%20ERA/3887e2ce-b818-451a-b47f-d6cd04ce90f5.png
81de6ff3-dfd3-43d4-8143-d7429b9b2b59,97 - 236 / PRIMERA EDICION,CUNAS,1.0,1,,,,LEYENDAS PRIMERA ERA 1.0,0,0,0,https://pub-77824f6d0d4542d282fa48605bce7479.r2.dev/cards/MYL/PRIMERA%20ERA/81de6ff3-dfd3-43d4-8143-d7429b9b2b59.png
e6bb0abd-6563-4447-9c97-13dd07b58208,071 - 126 / PRIMERA ERA,CUNAS,1.0,1,,,,COLECCION: LA IRA DEL NAHUAL,0,0,0,https://pub-77824f6d0d4542d282fa48605bce7479.r2.dev/cards/MYL/PRIMERA%20ERA/e6bb0abd-6563-4447-9c97-13dd07b58208.png
81ece5da-7d0f-4c71-97c3-7b6ce0526868,40 - 236 / PRIMERA EDICION,CURANDERO,3.0,1,,,,LEYENDAS PRIMERA ERA 2.0,0,0,0,https://pub-77824f6d0d4542d282fa48605bce7479.r2.dev/cards/MYL/PRIMERA%20ERA/81ece5da-7d0f-4c71-97c3-7b6ce0526868.png
521fb3ff-5939-4d0b-bc57-953048736f10,15 - 126 / PRIMERA EDICION,CUSTODIO,3.0,0,,,,COLECCION: MUNDO GOTICO,0,0,0,https://pub-77824f6d0d4542d282fa48605bce7479.r2.dev/cards/MYL/PRIMERA%20ERA/521fb3ff-5939-4d0b-bc57-953048736f10.png
9d9c491a-d7e7-47ae-8c26-1578aa715b91,29 - 236 / PRIMERA EDICION,DA YU,1.0,1,,,,COLECCION: ESPIRITU DEL DRAGON,0,0,0,https://pub-77824f6d0d4542d282fa48605bce7479.r2.dev/cards/MYL/PRIMERA%20ERA/9d9c491a-d7e7-47ae-8c26-1578aa715b91.png
3839ee9c-b8e7-4ad9-8cb5-b4c85ce81047,39 - 126 / PRIMERA EDICION,DAGAS KRISH,2.0,0,,,,COLECCION: MUNDO GOTICO,0,0,0,https://pub-77824f6d0d4542d282fa48605bce7479.r2.dev/cards/MYL/PRIMERA%20ERA/3839ee9c-b8e7-4ad9-8cb5-b4c85ce81047.png
309ec771-4b00-426d-a255-8064e87548bc,39 - 126 / PRIMERA EDICION,DAGAS KRISH,2.0,0,,,,COLECCION: MUNDO GOTICO,0,0,0,https://pub-77824f6d0d4542d282fa48605bce7479.r2.dev/cards/MYL/PRIMERA%20ERA/309ec771-4b00-426d-a255-8064e87548bc.png
5c66b42a-c913-4234-bca5-d3585e255eaf,138 - 236 / PRIMERA EDICION,DAGUR,3.0,3,,,,LEYENDAS PRIMERA ERA 1.0,0,0,0,https://pub-77824f6d0d4542d282fa48605bce7479.r2.dev/cards/MYL/PRIMERA%20ERA/5c66b42a-c913-4234-bca5-d3585e255eaf.png
34d2e01b-0fc7-4767-b426-bbcbbcf50b32,215 - 236 / PRIMERA EDICION,DAIKOKU,2.0,1,,,,LEYENDAS PRIMERA ERA 1.0,0,0,0,https://pub-77824f6d0d4542d282fa48605bce7479.r2.dev/cards/MYL/PRIMERA%20ERA/34d2e01b-0fc7-4767-b426-bbcbbcf50b32.png
87659bd9-a4b7-4122-a3d3-aa716fdd25ee,241 - 236 / PRIMERA EDICION,DAIMON,3.0,0,,,,LEYENDAS PRIMERA ERA 2.0,0,0,0,https://pub-77824f6d0d4542d282fa48605bce7479.r2.dev/cards/MYL/PRIMERA%20ERA/87659bd9-a4b7-4122-a3d3-aa716fdd25ee.png
ea90c264-4f8c-4f28-a283-bccbc644dc0d,41 - 236 / PRIMERA EDICION,DAIMON,3.0,0,,,,LEYENDAS PRIMERA ERA 1.0,0,0,0,https://pub-77824f6d0d4542d282fa48605bce7479.r2.dev/cards/MYL/PRIMERA%20ERA/ea90c264-4f8c-4f28-a283-bccbc644dc0d.png
9416a7f6-90fa-46ff-974b-75bfff48ef11,284 - 236 / PRIMERA EDICION,DAMA DE HIERRO,6.0,0,,,,LEYENDAS PRIMERA ERA 2.0,0,0,0,https://pub-77824f6d0d4542d282fa48605bce7479.r2.dev/cards/MYL/PRIMERA%20ERA/9416a7f6-90fa-46ff-974b-75bfff48ef11.png
9d4f2abd-cc14-4d07-83e8-ea968dec646a,112 - 170 / PRIMERA EDICION,DAPHNE Y GREGOR,3.0,2,,,,COLECCION: COFRADIA,0,0,0,https://pub-77824f6d0d4542d282fa48605bce7479.r2.dev/cards/MYL/PRIMERA%20ERA/9d4f2abd-cc14-4d07-83e8-ea968dec646a.png
599336aa-69ea-40db-b6e7-5b1fe0e7a30f,103 - 126 / PRIMERA EDICION,DAPHNE Y GREGOR,2.0,3,,,,COLECCION: MUNDO GOTICO,0,0,0,https://pub-77824f6d0d4542d282fa48605bce7479.r2.dev/cards/MYL/PRIMERA%20ERA/599336aa-69ea-40db-b6e7-5b1fe0e7a30f.png
d6ba895f-712e-4e5b-abf2-9dd60bac0b09,LPE4 04/320,DARMER,3.0,3,,,,LEYENDAS PE 4.0,0,0,0,https://pub-77824f6d0d4542d282fa48605bce7479.r2.dev/cards/MYL/PRIMERA%20ERA/d6ba895f-712e-4e5b-abf2-9dd60bac0b09.png
991f9208-883e-4fd7-ac92-73688c3f643f,162 - 126 / PRIMERA EDICION,DEARG DIULAI,2.0,0,,,,COLECCION: MUNDO GOTICO,0,0,0,https://pub-77824f6d0d4542d282fa48605bce7479.r2.dev/cards/MYL/PRIMERA%20ERA/991f9208-883e-4fd7-ac92-73688c3f643f.png
fd81ace1-1fd5-4655-b14a-d8c9169b1c46,PROMO PE-12,DEIDADES CELESTIALES,,0,,,,LOOTBOX PRIMERA ERA 2024,0,0,0,https://pub-77824f6d0d4542d282fa48605bce7479.r2.dev/cards/MYL/PRIMERA%20ERA/fd81ace1-1fd5-4655-b14a-d8c9169b1c46.png
d89d6e96-57c5-4f14-aa0c-fe32eac42d6e,101 - 236 / PRIMERA EDICION,DEMONIO,,6,,,,LEYENDAS PRIMERA ERA 2.0,0,0,0,https://pub-77824f6d0d4542d282fa48605bce7479.r2.dev/cards/MYL/PRIMERA%20ERA/d89d6e96-57c5-4f14-aa0c-fe32eac42d6e.png
234e63fb-37b1-4add-8dad-103493fb10f2,14 - 236 / PRIMERA EDICION,DEMONIO,,6,,,,LEYENDAS PRIMERA ERA 1.0,0,0,0,https://pub-77824f6d0d4542d282fa48605bce7479.r2.dev/cards/MYL/PRIMERA%20ERA/234e63fb-37b1-4add-8dad-103493fb10f2.png
d0672692-e593-4cba-8469-8781a3ab113d,253 - 236 / PRIMERA EDICION,DESCUBRIR AL ZORRO,,0,,,,LEYENDAS PRIMERA ERA 1.0,0,0,0,https://pub-77824f6d0d4542d282fa48605bce7479.r2.dev/cards/MYL/PRIMERA%20ERA/d0672692-e593-4cba-8469-8781a3ab113d.png
7644dfb6-8450-4a93-96f7-d29d235214bf,95 - 236 / PRIMERA EDICION,DESCUBRIR AL ZORRO,,0,,,,LEYENDAS PRIMERA ERA 2.0,0,0,0,https://pub-77824f6d0d4542d282fa48605bce7479.r2.dev/cards/MYL/PRIMERA%20ERA/7644dfb6-8450-4a93-96f7-d29d235214bf.png
2e2024f7-e4b9-4964-94d5-38a35514cb43,73 - 126 / PRIMERA EDICION,DIAMANTE TURQUESA,,0,,,,COLECCION: EL RETO,0,0,0,https://pub-77824f6d0d4542d282fa48605bce7479.r2.dev/cards/MYL/PRIMERA%20ERA/2e2024f7-e4b9-4964-94d5-38a35514cb43.png
d35cf456-4774-49fc-a8cd-404b0f3a87ff,CRPE3 - 40 - 36,DIAMANTE TURQUESA,,0,,,,KIT RACIALES PRIMERA ERA: DRAGON,0,0,0,https://pub-77824f6d0d4542d282fa48605bce7479.r2.dev/cards/MYL/PRIMERA%20ERA/d35cf456-4774-49fc-a8cd-404b0f3a87ff.png
97da297e-f2cf-42ca-98f4-8acb6cfb8c74,161 - 170 / PRIMERA EDICION,DIAMANTE TURQUESA,,0,,,,COLECCION: COFRADIA,0,0,0,https://pub-77824f6d0d4542d282fa48605bce7479.r2.dev/cards/MYL/PRIMERA%20ERA/97da297e-f2cf-42ca-98f4-8acb6cfb8c74.png
19e115f8-b0f5-4db2-8efd-4d6ec002805a,EDICION LIMITADA,DIAMANTE TURQUEZA,,0,,,,KIT RACIAL,0,0,0,https://pub-77824f6d0d4542d282fa48605bce7479.r2.dev/pending-versions/e9aae507-25f4-474e-8136-595dd5bb56c2/1786647482291-0.webp
95df571c-75d2-47b5-a52f-8f1e1007f778,158 - 126 / PRIMERA EDICION,DINELLA,1.0,1,,,,COLECCION: MUNDO GOTICO,0,0,0,https://pub-77824f6d0d4542d282fa48605bce7479.r2.dev/cards/MYL/PRIMERA%20ERA/95df571c-75d2-47b5-a52f-8f1e1007f778.png
dae06ae3-d82a-4ac2-90eb-4b9213ee6223,177 - 236 / PRIMERA EDICION,DISPOSITIVO ESPINOSO,7.0,0,,,,COLECCION: ESPIRITU DEL DRAGON,0,0,0,https://pub-77824f6d0d4542d282fa48605bce7479.r2.dev/cards/MYL/PRIMERA%20ERA/dae06ae3-d82a-4ac2-90eb-4b9213ee6223.png
d814403f-5633-4a64-8e40-1fe6eef96ab9,249 - 236 / PRIMERA EDICION,DOKUENJUTSU,3.0,0,,,,LEYENDAS PRIMERA ERA 1.0,0,0,0,https://pub-77824f6d0d4542d282fa48605bce7479.r2.dev/cards/MYL/PRIMERA%20ERA/d814403f-5633-4a64-8e40-1fe6eef96ab9.png
2f5cdaae-7ead-4c65-8411-fca924059682,134 - 236 / PRIMERA EDICION,DOKUENJUTSU,3.0,0,,,,COLECCION: ESPIRITU DEL DRAGON,0,0,0,https://pub-77824f6d0d4542d282fa48605bce7479.r2.dev/cards/MYL/PRIMERA%20ERA/2f5cdaae-7ead-4c65-8411-fca924059682.png
141c7648-d187-40c7-920b-391b7f77e2cd,65 - 126 / PRIMERA EDICION,DRACO,2.0,1,,,,COLECCION: MUNDO GOTICO,0,0,0,https://pub-77824f6d0d4542d282fa48605bce7479.r2.dev/cards/MYL/PRIMERA%20ERA/141c7648-d187-40c7-920b-391b7f77e2cd.png
6b959b9e-39e6-47cd-b414-dce6681a98cc,LPE4 02/320,DRACULA,3.0,3,,,,LEYENDAS PE 4.0,0,0,0,https://pub-77824f6d0d4542d282fa48605bce7479.r2.dev/cards/MYL/PRIMERA%20ERA/6b959b9e-39e6-47cd-b414-dce6681a98cc.png
4c052b4e-6184-4e52-90fb-974e9560d5fa,LPE4 01/320,DRAGON BLANCO,2.0,3,,,,LEYENDAS PE 4.0,0,0,0,https://pub-77824f6d0d4542d282fa48605bce7479.r2.dev/cards/MYL/PRIMERA%20ERA/4c052b4e-6184-4e52-90fb-974e9560d5fa.png
d75d6ca2-4e55-4295-8a7b-07b16567c1ce,CRPE3 - 38 - 36,DRAGON DE MAGMA,4.0,4,,,,KIT RACIALES PRIMERA ERA: DRAGON,0,0,0,https://pub-77824f6d0d4542d282fa48605bce7479.r2.dev/cards/MYL/PRIMERA%20ERA/d75d6ca2-4e55-4295-8a7b-07b16567c1ce.png
6a4df611-07a2-45f1-bbce-9bfed4a09734,121 - 126 / PRIMERA EDICION,DRAGON DE RUBI,,0,,,,COLECCION: MUNDO GOTICO,0,0,0,https://pub-77824f6d0d4542d282fa48605bce7479.r2.dev/cards/MYL/PRIMERA%20ERA/6a4df611-07a2-45f1-bbce-9bfed4a09734.png
3a8b756a-f1ec-4c6a-97eb-b0d890c368d8,113 - 170 / PRIMERA EDICION,DRAGON DE SOMBRA,3.0,2,,,,COLECCION: COFRADIA,0,0,0,https://pub-77824f6d0d4542d282fa48605bce7479.r2.dev/cards/MYL/PRIMERA%20ERA/3a8b756a-f1ec-4c6a-97eb-b0d890c368d8.png
fd54fb56-66d3-4a51-8342-51202163f606,52 - 126 / PRIMERA EDICION,DRAGON DE SOMBRA,3.0,2,,,,COLECCION: MUNDO GOTICO,0,0,0,https://pub-77824f6d0d4542d282fa48605bce7479.r2.dev/cards/MYL/PRIMERA%20ERA/fd54fb56-66d3-4a51-8342-51202163f606.png
0a15f1af-5a16-4e5c-b4be-4e8a137b379b,18 - 236 / PRIMERA EDICION,DRAGON MEDIEVAL,8.0,6,,,,LEYENDAS PRIMERA ERA 1.0,0,0,0,https://pub-77824f6d0d4542d282fa48605bce7479.r2.dev/cards/MYL/PRIMERA%20ERA/0a15f1af-5a16-4e5c-b4be-4e8a137b379b.png
ffa71fd6-551d-407f-9e05-7bb714eb16c3,55 - 126 / PRIMERA EDICION,DRAGON MEDIEVAL,8.0,6,,,,COLECCION: EL RETO,0,0,0,https://pub-77824f6d0d4542d282fa48605bce7479.r2.dev/cards/MYL/PRIMERA%20ERA/ffa71fd6-551d-407f-9e05-7bb714eb16c3.png
9c17a118-e99a-4727-8d42-a1dcd88b73ca,ANIVERSARIO LPE25 02,DRAGON ORIENTAL,6.0,6,,,,,0,0,0,https://pub-77824f6d0d4542d282fa48605bce7479.r2.dev/cards/MYL/PRIMERA%20ERA/9c17a118-e99a-4727-8d42-a1dcd88b73ca.png
aab441bd-bc89-4b2f-a32a-e02393993c7f,295 - 236 / PRIMERA EDICION,DRAKKAR,,0,,,,LEYENDAS PRIMERA ERA 2.0,0,0,0,https://pub-77824f6d0d4542d282fa48605bce7479.r2.dev/cards/MYL/PRIMERA%20ERA/aab441bd-bc89-4b2f-a32a-e02393993c7f.png
db00dc5d-7087-409b-ba81-019aebf9e48b,164 - 236 / PRIMERA EDICION,DRAKKAR,,0,,,,LEYENDAS PRIMERA ERA 1.0,0,0,0,https://pub-77824f6d0d4542d282fa48605bce7479.r2.dev/cards/MYL/PRIMERA%20ERA/db00dc5d-7087-409b-ba81-019aebf9e48b.png
40c50ea7-f6a7-4fb3-a573-1224917be3a2,68 - 236 / PRIMERA EDICION,DRAUGAR,4.0,4,,,,LEYENDAS PRIMERA ERA 2.0,0,0,0,https://pub-77824f6d0d4542d282fa48605bce7479.r2.dev/cards/MYL/PRIMERA%20ERA/40c50ea7-f6a7-4fb3-a573-1224917be3a2.png
413fce02-1cd8-43ab-ad15-f113811473c1,126 - 236 / PRIMERA EDICION,DRAUGAR,4.0,4,,,,LEYENDAS PRIMERA ERA 1.0,0,0,0,https://pub-77824f6d0d4542d282fa48605bce7479.r2.dev/cards/MYL/PRIMERA%20ERA/413fce02-1cd8-43ab-ad15-f113811473c1.png
aab26147-85f2-470b-bcc4-75451b951737,LPE23 222/300,DRAUPNIR,4.0,0,,,,LEYENDAS PRIMERA ERA 3.0,0,0,0,https://pub-77824f6d0d4542d282fa48605bce7479.r2.dev/cards/MYL/PRIMERA%20ERA/aab26147-85f2-470b-bcc4-75451b951737.png
b871fca9-702f-4942-9fe5-3d1deab13c2f,183 - 236 / PRIMERA EDICION,DUELO DE ESPADAS,2.0,0,,,,COLECCION: ESPIRITU DEL DRAGON,0,0,0,https://pub-77824f6d0d4542d282fa48605bce7479.r2.dev/cards/MYL/PRIMERA%20ERA/b871fca9-702f-4942-9fe5-3d1deab13c2f.png
0253fc61-268b-4662-ac53-f3b768941ce5,EXPE - 112 - 120,DUELO DE GANRYU,2.0,0,,,,KIT EXTENSION PRIMERA ERA: ESPIRITU DEL DRAGON,0,0,0,https://pub-77824f6d0d4542d282fa48605bce7479.r2.dev/cards/MYL/PRIMERA%20ERA/0253fc61-268b-4662-ac53-f3b768941ce5.png
a90df9df-0666-42c1-bc5a-49251d6dabe7,84 - 126 / PRIMERA EDICION,DUENDE,3.0,2,,,,COLECCION: EL RETO,0,0,0,https://pub-77824f6d0d4542d282fa48605bce7479.r2.dev/cards/MYL/PRIMERA%20ERA/a90df9df-0666-42c1-bc5a-49251d6dabe7.png
adf90db7-2781-4f21-b6de-8cfb817c5387,175 - 236 / PRIMERA EDICION,DUENDE,3.0,2,,,,LEYENDAS PRIMERA ERA 1.0,0,0,0,https://pub-77824f6d0d4542d282fa48605bce7479.r2.dev/cards/MYL/PRIMERA%20ERA/adf90db7-2781-4f21-b6de-8cfb817c5387.png
5a4d6f48-1ac9-4e36-ab2a-aa6d94fc272e,150 - 126 / PRIMERA EDICION,DUX,2.0,2,,,,COLECCION: MUNDO GOTICO,0,0,0,https://pub-77824f6d0d4542d282fa48605bce7479.r2.dev/cards/MYL/PRIMERA%20ERA/5a4d6f48-1ac9-4e36-ab2a-aa6d94fc272e.png
6cd1cf54-bf84-472d-905b-5e6e23f6855b,244 - 236 / PRIMERA EDICION,DYCOM EL RECAUDADOR,,0,,,,LEYENDAS PRIMERA ERA 2.0,0,0,0,https://pub-77824f6d0d4542d282fa48605bce7479.r2.dev/cards/MYL/PRIMERA%20ERA/6cd1cf54-bf84-472d-905b-5e6e23f6855b.png
2c5284be-10f5-4fce-9325-5f446c37f958,216 - 236 / PRIMERA EDICION,EBISU,2.0,0,,,,LEYENDAS PRIMERA ERA 1.0,0,0,0,https://pub-77824f6d0d4542d282fa48605bce7479.r2.dev/cards/MYL/PRIMERA%20ERA/2c5284be-10f5-4fce-9325-5f446c37f958.png
2c30d1bd-cbc8-45a9-a7d8-80d46ab659b0,14 - 170 / PRIMERA EDICION,ECLIPSE DE DRAGON,3.0,0,,,,COLECCION: COFRADIA,0,0,0,https://pub-77824f6d0d4542d282fa48605bce7479.r2.dev/cards/MYL/PRIMERA%20ERA/2c30d1bd-cbc8-45a9-a7d8-80d46ab659b0.png
20bb40d2-d1ef-41a5-85da-bd98375b8a1b,21 - 126 / PRIMERA EDICION,ECLIPSE DE DRAGON,3.0,0,,,,COLECCION: MUNDO GOTICO,0,0,0,https://pub-77824f6d0d4542d282fa48605bce7479.r2.dev/cards/MYL/PRIMERA%20ERA/20bb40d2-d1ef-41a5-85da-bd98375b8a1b.png
169c6373-71f2-42b0-afd4-60657f661cf7,42 - 236 / PRIMERA EDICION,ECLIPSE DE DRAGON,3.0,0,,,,LEYENDAS PRIMERA ERA 1.0,0,0,0,https://pub-77824f6d0d4542d282fa48605bce7479.r2.dev/cards/MYL/PRIMERA%20ERA/169c6373-71f2-42b0-afd4-60657f661cf7.png
a87fe6ea-6acb-4ba3-94fc-7f4a230624ec,MPDI 20/18,EGGERICH,,0,,,,MUNDOS PERDIDOS: ALIENTO DE FUEGO,0,0,0,https://pub-77824f6d0d4542d282fa48605bce7479.r2.dev/pending-versions/a09cd627-0dac-4af7-96c4-4501b80b8882/1786281712800-0.webp
d23ec161-5218-4dfb-be1b-117f11ebd9e6,134 - 236 / PRIMERA EDICION,EGIL SKALLA-GRIMSSON,3.0,4,,,,LEYENDAS PRIMERA ERA 1.0,0,0,0,https://pub-77824f6d0d4542d282fa48605bce7479.r2.dev/cards/MYL/PRIMERA%20ERA/d23ec161-5218-4dfb-be1b-117f11ebd9e6.png
e64b7948-b564-42c4-b593-0dbd2abb0ecc,121 - 236 / PRIMERA EDICION,EGIL SKALLA-GRIMSSON,3.0,4,,,,LEYENDAS PRIMERA ERA 2.0,0,0,0,https://pub-77824f6d0d4542d282fa48605bce7479.r2.dev/cards/MYL/PRIMERA%20ERA/e64b7948-b564-42c4-b593-0dbd2abb0ecc.png
3f9dc3c9-2d23-4d76-8f3c-10ee304c8a3c,102 - 236 / PRIMERA EDICION,EINHERYAR,4.0,4,,,,LEYENDAS PRIMERA ERA 2.0,0,0,0,https://pub-77824f6d0d4542d282fa48605bce7479.r2.dev/cards/MYL/PRIMERA%20ERA/3f9dc3c9-2d23-4d76-8f3c-10ee304c8a3c.png
8d7ddd30-df49-4b10-8693-caaab9c3bcd6,133 - 236 / PRIMERA EDICION,EINHERYAR,4.0,4,,,,LEYENDAS PRIMERA ERA 1.0,0,0,0,https://pub-77824f6d0d4542d282fa48605bce7479.r2.dev/cards/MYL/PRIMERA%20ERA/8d7ddd30-df49-4b10-8693-caaab9c3bcd6.png
68816ffa-bf17-43a2-935a-8cbe0ab9304a,91 - 126 / PRIMERA EDICION,EIR,3.0,3,,,,COLECCION: RAGNAROK,0,0,0,https://pub-77824f6d0d4542d282fa48605bce7479.r2.dev/cards/MYL/PRIMERA%20ERA/68816ffa-bf17-43a2-935a-8cbe0ab9304a.png
9fdce44d-f372-48b8-98d3-bea581c52fd7,22 - 126 / PRIMERA EDICION,EJERCITO ENANO,2.0,3,,,,COLECCION: RAGNAROK,0,0,0,https://pub-77824f6d0d4542d282fa48605bce7479.r2.dev/cards/MYL/PRIMERA%20ERA/9fdce44d-f372-48b8-98d3-bea581c52fd7.png
ab0ed63a-7c04-42b4-bdea-940de2f75234,24 - 126 / PRIMERA EDICION,EK CHUAH,1.0,1,,,,COLECCION: EL RETO,0,0,0,https://pub-77824f6d0d4542d282fa48605bce7479.r2.dev/cards/MYL/PRIMERA%20ERA/ab0ed63a-7c04-42b4-bdea-940de2f75234.png
1356ba86-653d-43e2-9e4e-8882fc1d86ce,74 - 126 / PRIMERA EDICION,EKIMMU,3.0,3,,,,COLECCION: MUNDO GOTICO,0,0,0,https://pub-77824f6d0d4542d282fa48605bce7479.r2.dev/cards/MYL/PRIMERA%20ERA/1356ba86-653d-43e2-9e4e-8882fc1d86ce.png
d04efe85-3ae1-414a-bb45-cbbde04b9a95,63 - 170 / PRIMERA EDICION,EL ALICANTO,3.0,0,,,,COLECCION: COFRADIA,0,0,0,https://pub-77824f6d0d4542d282fa48605bce7479.r2.dev/cards/MYL/PRIMERA%20ERA/d04efe85-3ae1-414a-bb45-cbbde04b9a95.png
3db8a1a0-8fd2-4f3e-a20a-afe20dd186f8,126 - 126 / PRIMERA EDICION,EL ALICANTO,3.0,1,,,,COLECCION: EL RETO,0,0,0,https://pub-77824f6d0d4542d282fa48605bce7479.r2.dev/cards/MYL/PRIMERA%20ERA/3db8a1a0-8fd2-4f3e-a20a-afe20dd186f8.png
c55db6dd-a1e5-46bb-9fec-1a6362cc435c,95 - 126 / PRIMERA EDICION,EL BASAJAUN,2.0,2,,,,COLECCION: EL RETO,0,0,0,https://pub-77824f6d0d4542d282fa48605bce7479.r2.dev/cards/MYL/PRIMERA%20ERA/c55db6dd-a1e5-46bb-9fec-1a6362cc435c.png
b6006978-0fd7-4083-8771-89f3ea7afc37,125 - 126 / PRIMERA ERA,EL DORADO,,0,,,,COLECCION: LA IRA DEL NAHUAL,0,0,0,https://pub-77824f6d0d4542d282fa48605bce7479.r2.dev/cards/MYL/PRIMERA%20ERA/b6006978-0fd7-4083-8771-89f3ea7afc37.png
9379a74b-edb8-4905-b698-f455a2768171,183 - 236 / PRIMERA EDICION,ELFOS ARQUEROS,2.0,2,,,,LEYENDAS PRIMERA ERA 2.0,0,0,0,https://pub-77824f6d0d4542d282fa48605bce7479.r2.dev/cards/MYL/PRIMERA%20ERA/9379a74b-edb8-4905-b698-f455a2768171.png
92e2ba09-e2c8-464e-b5da-3babbcf289f4,140 - 236 / PRIMERA EDICION,ELFOS ARQUEROS,2.0,2,,,,LEYENDAS PRIMERA ERA 1.0,0,0,0,https://pub-77824f6d0d4542d282fa48605bce7479.r2.dev/cards/MYL/PRIMERA%20ERA/92e2ba09-e2c8-464e-b5da-3babbcf289f4.png
487c4879-8428-408e-866a-6c3ab2431aaa,53 - 236 / PRIMERA EDICION,EMBOSCADA,3.0,2,,,,LEYENDAS PRIMERA ERA 1.0,0,0,0,https://pub-77824f6d0d4542d282fa48605bce7479.r2.dev/cards/MYL/PRIMERA%20ERA/487c4879-8428-408e-866a-6c3ab2431aaa.png
e54d52f5-3004-4419-b39e-121c8eca85c5,110 - 126 / PRIMERA EDICION,EMBOSCADA,3.0,2,,,,COLECCION: MUNDO GOTICO,0,0,0,https://pub-77824f6d0d4542d282fa48605bce7479.r2.dev/cards/MYL/PRIMERA%20ERA/e54d52f5-3004-4419-b39e-121c8eca85c5.png
abd77e43-242b-4e25-93ca-bab6cd41b35c,114 - 170 / PRIMERA EDICION,EMBOSCADA,3.0,2,,,,COLECCION: COFRADIA,0,0,0,https://pub-77824f6d0d4542d282fa48605bce7479.r2.dev/cards/MYL/PRIMERA%20ERA/abd77e43-242b-4e25-93ca-bab6cd41b35c.png
9d32bbef-2520-401b-a525-869541296992,176 - 236 / PRIMERA EDICION,ENJAMBRE,2.0,2,,,,LEYENDAS PRIMERA ERA 1.0,0,0,0,https://pub-77824f6d0d4542d282fa48605bce7479.r2.dev/cards/MYL/PRIMERA%20ERA/9d32bbef-2520-401b-a525-869541296992.png
0f820200-80dc-4994-aafe-58a1c0ab0951,77 - 236 / PRIMERA EDICION,ENJAMBRE,2.0,2,,,,LEYENDAS PRIMERA ERA 2.0,0,0,0,https://pub-77824f6d0d4542d282fa48605bce7479.r2.dev/cards/MYL/PRIMERA%20ERA/0f820200-80dc-4994-aafe-58a1c0ab0951.png
93b8a63d-1fd7-4c81-b480-a2927c3e94ea,263 - 236 / PRIMERA EDICION,ENTRENAMIENTO EN PILARES,,0,,,,LEYENDAS PRIMERA ERA 1.0,0,0,0,https://pub-77824f6d0d4542d282fa48605bce7479.r2.dev/cards/MYL/PRIMERA%20ERA/93b8a63d-1fd7-4c81-b480-a2927c3e94ea.png
4f063e69-1d80-453f-bacf-51efb3b5e532,281 - 236 / PRIMERA EDICION,ENTRENAMIENTO EN PILARES,,0,,,,LEYENDAS PRIMERA ERA 2.0,0,0,0,https://pub-77824f6d0d4542d282fa48605bce7479.r2.dev/cards/MYL/PRIMERA%20ERA/4f063e69-1d80-453f-bacf-51efb3b5e532.png
bdecb96e-4dc4-4f55-b66f-a3f7eb2393f1,185 - 236 / PRIMERA EDICION,ENTRENAR MULTITUDES,2.0,0,,,,COLECCION: ESPIRITU DEL DRAGON,0,0,0,https://pub-77824f6d0d4542d282fa48605bce7479.r2.dev/cards/MYL/PRIMERA%20ERA/bdecb96e-4dc4-4f55-b66f-a3f7eb2393f1.png
826364ef-12e7-433d-ae79-89cb07c257f0,185 - 236 / PRIMERA EDICION,ENTRENAR MULTITUDES,2.0,0,,,,COLECCION: ESPIRITU DEL DRAGON,0,0,0,https://pub-77824f6d0d4542d282fa48605bce7479.r2.dev/cards/MYL/PRIMERA%20ERA/826364ef-12e7-433d-ae79-89cb07c257f0.png
5344f461-b69c-4162-afd2-3da1a70ba15f,168 - 236 / PRIMERA EDICION,ERMITAO,3.0,0,,,,LEYENDAS PRIMERA ERA 2.0,0,0,0,https://pub-77824f6d0d4542d282fa48605bce7479.r2.dev/cards/MYL/PRIMERA%20ERA/5344f461-b69c-4162-afd2-3da1a70ba15f.png
b8a8f584-b104-44bb-984e-4a53699d0292,121 - 126 / PRIMERA EDICION,ESCUDO,2.0,0,,,,COLECCION: RAGNAROK,0,0,0,https://pub-77824f6d0d4542d282fa48605bce7479.r2.dev/cards/MYL/PRIMERA%20ERA/b8a8f584-b104-44bb-984e-4a53699d0292.png
e7989069-bb30-4064-93ed-50250abcebc1,124 - 126 / PRIMERA EDICION,ESCUDO DE CAZADOR,,0,,,,COLECCION: MUNDO GOTICO,0,0,0,https://pub-77824f6d0d4542d282fa48605bce7479.r2.dev/cards/MYL/PRIMERA%20ERA/e7989069-bb30-4064-93ed-50250abcebc1.png
2777ddcc-d0e7-4814-ab31-efb190591293,125 - 126 / PRIMERA EDICION,ESCUDO DE VAMPIRO,,0,,,,COLECCION: MUNDO GOTICO,0,0,0,https://pub-77824f6d0d4542d282fa48605bce7479.r2.dev/cards/MYL/PRIMERA%20ERA/2777ddcc-d0e7-4814-ab31-efb190591293.png
a60630e0-84b0-4105-b5c7-1cc33f3e1938,162 - 170 / PRIMERA EDICION,ESCUDO DE VAMPIRO,,0,,,,COLECCION: COFRADIA,0,0,0,https://pub-77824f6d0d4542d282fa48605bce7479.r2.dev/cards/MYL/PRIMERA%20ERA/a60630e0-84b0-4105-b5c7-1cc33f3e1938.png
12b079e5-c488-4b27-80ce-4ebdbf0c74e8,15 - 170 / PRIMERA EDICION,ESCUDO HIPERBOREO,2.0,0,,,,COLECCION: COFRADIA,0,0,0,https://pub-77824f6d0d4542d282fa48605bce7479.r2.dev/cards/MYL/PRIMERA%20ERA/12b079e5-c488-4b27-80ce-4ebdbf0c74e8.png
6258d962-95fa-4d0d-9acd-9b495bdcd1f1,23 - 126 / PRIMERA EDICION,ESCUDO REAL,3.0,0,,,,COLECCION: EL RETO,0,0,0,https://pub-77824f6d0d4542d282fa48605bce7479.r2.dev/cards/MYL/PRIMERA%20ERA/6258d962-95fa-4d0d-9acd-9b495bdcd1f1.png
5fff0a20-3a49-48cb-8238-d1b2aa79ee0d,232 - 236 / PRIMERA EDICION,ESFINGE,2.0,4,,,,LEYENDAS PRIMERA ERA 2.0,0,0,0,https://pub-77824f6d0d4542d282fa48605bce7479.r2.dev/cards/MYL/PRIMERA%20ERA/5fff0a20-3a49-48cb-8238-d1b2aa79ee0d.png
e2c3e0d4-39f8-487f-ac89-00e0c6f87e3b,115 - 170 / PRIMERA EDICION,ESFINGE,2.0,4,,,,COLECCION: COFRADIA,0,0,0,https://pub-77824f6d0d4542d282fa48605bce7479.r2.dev/cards/MYL/PRIMERA%20ERA/e2c3e0d4-39f8-487f-ac89-00e0c6f87e3b.png
48b9779e-d432-4f60-aafc-ccd1c1aae008,125 - 126 / PRIMERA EDICION,ESHU,2.0,1,,,,COLECCION: EL RETO,0,0,0,https://pub-77824f6d0d4542d282fa48605bce7479.r2.dev/cards/MYL/PRIMERA%20ERA/48b9779e-d432-4f60-aafc-ccd1c1aae008.png
fd60d824-8467-4531-903c-2e85309ba701,207 - 236 / PRIMERA EDICION,ESPADA CELESTIAL,2.0,0,,,,COLECCION: ESPIRITU DEL DRAGON,0,0,0,https://pub-77824f6d0d4542d282fa48605bce7479.r2.dev/cards/MYL/PRIMERA%20ERA/fd60d824-8467-4531-903c-2e85309ba701.png
3179b068-ad50-43e1-8b3f-9dd0579b1f18,190 - 236 / PRIMERA EDICION,ESPADA DE FREY,3.0,0,,,,LEYENDAS PRIMERA ERA 2.0,0,0,0,https://pub-77824f6d0d4542d282fa48605bce7479.r2.dev/cards/MYL/PRIMERA%20ERA/3179b068-ad50-43e1-8b3f-9dd0579b1f18.png
7a5c4ab8-59e6-4583-a252-369fd5a7f810,147 - 236 / PRIMERA EDICION,ESPADA DE FREY,3.0,0,,,,LEYENDAS PRIMERA ERA 1.0,0,0,0,https://pub-77824f6d0d4542d282fa48605bce7479.r2.dev/cards/MYL/PRIMERA%20ERA/7a5c4ab8-59e6-4583-a252-369fd5a7f810.png
c25db37b-2745-4aa3-890a-deea7e996328,116 - 170 / PRIMERA EDICION,ESPADA ENVENENADA,2.0,0,,,,COLECCION: COFRADIA,0,0,0,https://pub-77824f6d0d4542d282fa48605bce7479.r2.dev/cards/MYL/PRIMERA%20ERA/c25db37b-2745-4aa3-890a-deea7e996328.png
1cdb9f6f-e495-45be-ab6b-6bf826973268,37 - 126 / PRIMERA EDICION,ESPADA ENVENENADA,2.0,0,,,,COLECCION: MUNDO GOTICO,0,0,0,https://pub-77824f6d0d4542d282fa48605bce7479.r2.dev/cards/MYL/PRIMERA%20ERA/1cdb9f6f-e495-45be-ab6b-6bf826973268.png
9f133ca6-6ef8-4f41-bdfa-5e8f1ddc2882,74 - 236 / PRIMERA EDICION,ESPADA REAL,,0,,,,LEYENDAS PRIMERA ERA 2.0,0,0,0,https://pub-77824f6d0d4542d282fa48605bce7479.r2.dev/cards/MYL/PRIMERA%20ERA/9f133ca6-6ef8-4f41-bdfa-5e8f1ddc2882.png
4ca7b506-da32-48b9-938b-dd361458574c,272 - 236 / PRIMERA EDICION,ESPECTRO,2.0,3,,,,LEYENDAS PRIMERA ERA 2.0,0,0,0,https://pub-77824f6d0d4542d282fa48605bce7479.r2.dev/cards/MYL/PRIMERA%20ERA/4ca7b506-da32-48b9-938b-dd361458574c.png
66c74bdf-fe40-49b9-96a1-64c02c5ba66f,60 - 126 / PRIMERA EDICION,ESPECTRO,3.0,2,,,,COLECCION: MUNDO GOTICO,0,0,0,https://pub-77824f6d0d4542d282fa48605bce7479.r2.dev/cards/MYL/PRIMERA%20ERA/66c74bdf-fe40-49b9-96a1-64c02c5ba66f.png
c9eb46af-b11b-40db-9eb1-9a305adc084a,59 - 236 / PRIMERA EDICION,ESPECTRO DE DRAGON,1.0,0,,,,LEYENDAS PRIMERA ERA 1.0,0,0,0,https://pub-77824f6d0d4542d282fa48605bce7479.r2.dev/cards/MYL/PRIMERA%20ERA/c9eb46af-b11b-40db-9eb1-9a305adc084a.png
8e0cb1e4-70aa-4b57-b2c9-0b3a29ae4b10,63 - 236 / PRIMERA EDICION,ESPINA SOMNOLIENTE,1.0,0,,,,LEYENDAS PRIMERA ERA 2.0,0,0,0,https://pub-77824f6d0d4542d282fa48605bce7479.r2.dev/cards/MYL/PRIMERA%20ERA/8e0cb1e4-70aa-4b57-b2c9-0b3a29ae4b10.png
b883b034-5cc1-4921-ab48-41e217f8ee8e,115 - 236 / PRIMERA EDICION,ESPINA SOMNOLIENTE,1.0,0,,,,LEYENDAS PRIMERA ERA 1.0,0,0,0,https://pub-77824f6d0d4542d282fa48605bce7479.r2.dev/cards/MYL/PRIMERA%20ERA/b883b034-5cc1-4921-ab48-41e217f8ee8e.png
7d15f473-05fc-4cbc-8b63-4b1af6873d0d,50 - 126 / PRIMERA EDICION,ESPIRITUS DE LA NIEBLA,2.0,0,,,,COLECCION: RAGNAROK,0,0,0,https://pub-77824f6d0d4542d282fa48605bce7479.r2.dev/cards/MYL/PRIMERA%20ERA/7d15f473-05fc-4cbc-8b63-4b1af6873d0d.png
b597ed03-2d1b-429c-aaec-8c61c2d3ff43,142 - 236 / PRIMERA EDICION,ESPOSAS DE LOS FURIBUNDOS,2.0,0,,,,LEYENDAS PRIMERA ERA 1.0,0,0,0,https://pub-77824f6d0d4542d282fa48605bce7479.r2.dev/cards/MYL/PRIMERA%20ERA/b597ed03-2d1b-429c-aaec-8c61c2d3ff43.png
fbda7bb0-7bdf-4c7c-a3e4-ba8bba4c9571,185 - 236 / PRIMERA EDICION,ESPOSAS DE LOS FURIBUNDOS,2.0,0,,,,LEYENDAS PRIMERA ERA 2.0,0,0,0,https://pub-77824f6d0d4542d282fa48605bce7479.r2.dev/cards/MYL/PRIMERA%20ERA/fbda7bb0-7bdf-4c7c-a3e4-ba8bba4c9571.png
1e5d06bf-b46a-4109-bd0e-44e6630e7309,79 - 126 / PRIMERA EDICION,ESTATUA DE ORO,,0,,,,COLECCION: EL RETO,0,0,0,https://pub-77824f6d0d4542d282fa48605bce7479.r2.dev/cards/MYL/PRIMERA%20ERA/1e5d06bf-b46a-4109-bd0e-44e6630e7309.png
146fc2bf-08f5-47f7-b12d-5271978de047,16 - 170 / PRIMERA EDICION,ESTIGMA,2.0,0,,,,COLECCION: COFRADIA,0,0,0,https://pub-77824f6d0d4542d282fa48605bce7479.r2.dev/cards/MYL/PRIMERA%20ERA/146fc2bf-08f5-47f7-b12d-5271978de047.png
94cb1882-55a1-4d47-9b05-702b6ede29a3,16 - 126 / PRIMERA EDICION,ESTIGMA,2.0,0,,,,COLECCION: MUNDO GOTICO,0,0,0,https://pub-77824f6d0d4542d282fa48605bce7479.r2.dev/cards/MYL/PRIMERA%20ERA/94cb1882-55a1-4d47-9b05-702b6ede29a3.png
235e7624-a27e-475a-b588-3e1f321c46be,084 - 126 / PRIMERA ERA,ETSA,2.0,2,,,,COLECCION: LA IRA DEL NAHUAL,0,0,0,https://pub-77824f6d0d4542d282fa48605bce7479.r2.dev/cards/MYL/PRIMERA%20ERA/235e7624-a27e-475a-b588-3e1f321c46be.png
f1f9ee8f-cc91-42f3-ad56-6cc0dbef1107,137 - 126 / PRIMERA EDICION,EVOCACION,4.0,0,,,,COLECCION: MUNDO GOTICO,0,0,0,https://pub-77824f6d0d4542d282fa48605bce7479.r2.dev/cards/MYL/PRIMERA%20ERA/f1f9ee8f-cc91-42f3-ad56-6cc0dbef1107.png
3d36ea2d-e45e-4575-b3c7-83649ed46113,248 - 236 / PRIMERA EDICION,EVOCACION,4.0,0,,,,LEYENDAS PRIMERA ERA 2.0,0,0,0,https://pub-77824f6d0d4542d282fa48605bce7479.r2.dev/cards/MYL/PRIMERA%20ERA/3d36ea2d-e45e-4575-b3c7-83649ed46113.png
19278b75-0f21-471f-8a1b-0bd72ea91307,58 - 236 / PRIMERA EDICION,EVOCACION,4.0,0,,,,LEYENDAS PRIMERA ERA 1.0,0,0,0,https://pub-77824f6d0d4542d282fa48605bce7479.r2.dev/cards/MYL/PRIMERA%20ERA/19278b75-0f21-471f-8a1b-0bd72ea91307.png
60c0b793-91f0-4a80-b77b-ddf042612951,152 - 236 / PRIMERA EDICION,EXCALIBUR,3.0,0,,,,LEYENDAS PRIMERA ERA 2.0,0,0,0,https://pub-77824f6d0d4542d282fa48605bce7479.r2.dev/cards/MYL/PRIMERA%20ERA/60c0b793-91f0-4a80-b77b-ddf042612951.png
64ad33e7-1ae5-4109-8874-42ce61985627,270 - 236 / PRIMERA EDICION,EXORCISTA,2.0,1,,,,LEYENDAS PRIMERA ERA 2.0,0,0,0,https://pub-77824f6d0d4542d282fa48605bce7479.r2.dev/cards/MYL/PRIMERA%20ERA/64ad33e7-1ae5-4109-8874-42ce61985627.png
b5226d2c-1f13-4169-a408-f0a4d4ae6f4a,192 - 236 / PRIMERA EDICION,EXORCISTA,2.0,1,,,,LEYENDAS PRIMERA ERA 1.0,0,0,0,https://pub-77824f6d0d4542d282fa48605bce7479.r2.dev/cards/MYL/PRIMERA%20ERA/b5226d2c-1f13-4169-a408-f0a4d4ae6f4a.png
b1a733ef-96a5-440c-a919-e356ed99cb51,78 - 126 / PRIMERA EDICION,FALSA CAUTIVA,,2,,,,COLECCION: MUNDO GOTICO,0,0,0,https://pub-77824f6d0d4542d282fa48605bce7479.r2.dev/cards/MYL/PRIMERA%20ERA/b1a733ef-96a5-440c-a919-e356ed99cb51.png
32b2a16e-c9f0-49cc-bd29-02578c2b7e7f,49 - 236 / PRIMERA EDICION,FALSA CAUTIVA,,2,,,,LEYENDAS PRIMERA ERA 1.0,0,0,0,https://pub-77824f6d0d4542d282fa48605bce7479.r2.dev/cards/MYL/PRIMERA%20ERA/32b2a16e-c9f0-49cc-bd29-02578c2b7e7f.png
f91a86c7-f4a3-4f51-a2f5-b23574cb6fbf,245 - 236 / PRIMERA EDICION,FALSA CAUTIVA,,2,,,,LEYENDAS PRIMERA ERA 2.0,0,0,0,https://pub-77824f6d0d4542d282fa48605bce7479.r2.dev/cards/MYL/PRIMERA%20ERA/f91a86c7-f4a3-4f51-a2f5-b23574cb6fbf.png
c4c79076-37d4-4110-8112-bb25980756f9,CRPE-63-72,FALSA CAUTIVA,,2,,,,KIT RACIALES PRIMERA ERA: VAMPIRO,0,0,0,https://pub-77824f6d0d4542d282fa48605bce7479.r2.dev/cards/MYL/PRIMERA%20ERA/c4c79076-37d4-4110-8112-bb25980756f9.png
d9a53b77-7c3b-42bc-98a6-c1eb8bf9aae3,50 - 236 / PRIMERA EDICION,FAN KUI,5.0,5,,,,COLECCION: ESPIRITU DEL DRAGON,0,0,0,https://pub-77824f6d0d4542d282fa48605bce7479.r2.dev/cards/MYL/PRIMERA%20ERA/d9a53b77-7c3b-42bc-98a6-c1eb8bf9aae3.png
488d2e64-baf8-45cc-b79c-5eac7e97e843,248 - 236 / PRIMERA EDICION,FENG SHUI,3.0,0,,,,LEYENDAS PRIMERA ERA 1.0,0,0,0,https://pub-77824f6d0d4542d282fa48605bce7479.r2.dev/cards/MYL/PRIMERA%20ERA/488d2e64-baf8-45cc-b79c-5eac7e97e843.png
8f227279-b5ff-4fd2-89ad-8f9bbbf38d0a,133 - 236 / PRIMERA EDICION,FENG SHUI,3.0,0,,,,,0,0,0,https://pub-77824f6d0d4542d282fa48605bce7479.r2.dev/pending-versions/a09cd627-0dac-4af7-96c4-4501b80b8882/1783275763380-0.webp
825a1ab0-0e1b-4467-ab9a-b1dd9eb78dff,160 - 236 / PRIMERA EDICION,FENG SHUI,3.0,0,,,,LEYENDAS PRIMERA ERA 2.0,0,0,0,https://pub-77824f6d0d4542d282fa48605bce7479.r2.dev/cards/MYL/PRIMERA%20ERA/825a1ab0-0e1b-4467-ab9a-b1dd9eb78dff.png
0822c714-9f03-4aae-bf15-f4a2a75f9837,114 - 236 / PRIMERA EDICION,FENG-HUANG,4.0,4,,,,COLECCION: ESPIRITU DEL DRAGON,0,0,0,https://pub-77824f6d0d4542d282fa48605bce7479.r2.dev/cards/MYL/PRIMERA%20ERA/0822c714-9f03-4aae-bf15-f4a2a75f9837.png
d340bc3a-4b5d-415e-96fb-df764395dba2,50 - 236 / PRIMERA EDICION,FETICHE,5.0,0,,,,LEYENDAS PRIMERA ERA 1.0,0,0,0,https://pub-77824f6d0d4542d282fa48605bce7479.r2.dev/cards/MYL/PRIMERA%20ERA/d340bc3a-4b5d-415e-96fb-df764395dba2.png
20db3bb6-a92b-448b-b4b8-c6c0535cb5b3,LPE23 221/300,FIMBULTYR,5.0,0,,,,LEYENDAS PRIMERA ERA 3.0,0,0,0,https://pub-77824f6d0d4542d282fa48605bce7479.r2.dev/cards/MYL/PRIMERA%20ERA/20db3bb6-a92b-448b-b4b8-c6c0535cb5b3.png
f3bd5878-b275-4198-b509-f83a0cd876f5,51 - 126 / PRIMERA EDICION,FIMBULTYR,5.0,0,,,,COLECCION: RAGNAROK,0,0,0,https://pub-77824f6d0d4542d282fa48605bce7479.r2.dev/cards/MYL/PRIMERA%20ERA/f3bd5878-b275-4198-b509-f83a0cd876f5.png
0c6dfeb5-b469-4782-a566-3e4936c7cbd3,39 - 126 / PRIMERA EDICION,FINAL DEL ARCOIRIS,,0,,,,COLECCION: EL RETO,0,0,0,https://pub-77824f6d0d4542d282fa48605bce7479.r2.dev/cards/MYL/PRIMERA%20ERA/0c6dfeb5-b469-4782-a566-3e4936c7cbd3.png
db445a04-bb4e-486c-a468-90aa739d1074,173 - 236 / PRIMERA EDICION,FLECHERO,1.0,0,,,,LEYENDAS PRIMERA ERA 2.0,0,0,0,https://pub-77824f6d0d4542d282fa48605bce7479.r2.dev/cards/MYL/PRIMERA%20ERA/db445a04-bb4e-486c-a468-90aa739d1074.png
00edfc9d-2268-4f43-bb97-bc8001569f11,67 - 236 / PRIMERA EDICION,FLECHERO,1.0,0,,,,LEYENDAS PRIMERA ERA 1.0,0,0,0,https://pub-77824f6d0d4542d282fa48605bce7479.r2.dev/cards/MYL/PRIMERA%20ERA/00edfc9d-2268-4f43-bb97-bc8001569f11.png
954dab43-9bb3-41e9-b512-8ad992b022c3,8 - 236 / PRIMERA EDICION,FLECHERO,1.0,0,,,,LEYENDAS PRIMERA ERA 1.0,0,0,0,https://pub-77824f6d0d4542d282fa48605bce7479.r2.dev/cards/MYL/PRIMERA%20ERA/954dab43-9bb3-41e9-b512-8ad992b022c3.png
791224bf-056a-4ede-82f2-e6b33e21614e,226 - 236 / PRIMERA EDICION,FORJA DE ENANOS,3.0,0,,,,LEYENDAS PRIMERA ERA 2.0,0,0,0,https://pub-77824f6d0d4542d282fa48605bce7479.r2.dev/cards/MYL/PRIMERA%20ERA/791224bf-056a-4ede-82f2-e6b33e21614e.png
ccc17852-4b09-4c87-acbb-4a988d4daa40,145 - 126 / PRIMERA EDICION,FRAGUA,1.0,0,,,,COLECCION: MUNDO GOTICO,0,0,0,https://pub-77824f6d0d4542d282fa48605bce7479.r2.dev/cards/MYL/PRIMERA%20ERA/ccc17852-4b09-4c87-acbb-4a988d4daa40.png
5167408f-67bb-4b1e-8c1c-e90fc1b22046,61 - 236 / PRIMERA EDICION,FRAGUA,1.0,0,,,,LEYENDAS PRIMERA ERA 1.0,0,0,0,https://pub-77824f6d0d4542d282fa48605bce7479.r2.dev/cards/MYL/PRIMERA%20ERA/5167408f-67bb-4b1e-8c1c-e90fc1b22046.png
8af3b769-fa92-443d-a329-a695845c45bd,249 - 236 / PRIMERA EDICION,FRAGUA,1.0,0,,,,LEYENDAS PRIMERA ERA 2.0,0,0,0,https://pub-77824f6d0d4542d282fa48605bce7479.r2.dev/cards/MYL/PRIMERA%20ERA/8af3b769-fa92-443d-a329-a695845c45bd.png
012b90d7-a24d-4793-ae18-0ccb82020a46,98 - 126 / PRIMERA EDICION,FREY,2.0,1,,,,COLECCION: RAGNAROK,0,0,0,https://pub-77824f6d0d4542d282fa48605bce7479.r2.dev/cards/MYL/PRIMERA%20ERA/012b90d7-a24d-4793-ae18-0ccb82020a46.png
550f9cfa-8e6d-4352-a1bf-b5b2f079f9de,94 - 126 / PRIMERA EDICION,FREYA,1.0,2,,,,COLECCION: RAGNAROK,0,0,0,https://pub-77824f6d0d4542d282fa48605bce7479.r2.dev/cards/MYL/PRIMERA%20ERA/550f9cfa-8e6d-4352-a1bf-b5b2f079f9de.png
b4eafeab-489e-47d3-b981-07e0ff69116c,173 - 126 / PRIMERA EDICION,FRIBERT,3.0,3,,,,COLECCION: MUNDO GOTICO,0,0,0,https://pub-77824f6d0d4542d282fa48605bce7479.r2.dev/cards/MYL/PRIMERA%20ERA/b4eafeab-489e-47d3-b981-07e0ff69116c.png
b7c4d4c5-f372-4d4c-bc60-45ad97ff2137,21 - 126 / PRIMERA EDICION,FRUTO SAGRADO,,0,,,,COLECCION: EL RETO,0,0,0,https://pub-77824f6d0d4542d282fa48605bce7479.r2.dev/cards/MYL/PRIMERA%20ERA/b7c4d4c5-f372-4d4c-bc60-45ad97ff2137.png
88e1ddf5-e3e7-4c5e-bd79-d2ec4746e489,240 - 236 / PRIMERA EDICION,FU,4.0,6,,,,LEYENDAS PRIMERA ERA 1.0,0,0,0,https://pub-77824f6d0d4542d282fa48605bce7479.r2.dev/cards/MYL/PRIMERA%20ERA/88e1ddf5-e3e7-4c5e-bd79-d2ec4746e489.png
26eed5d2-cbd8-498c-802f-12cb017cc8d1,142 - 236 / PRIMERA EDICION,FU,4.0,6,,,,LEYENDAS PRIMERA ERA 2.0,0,0,0,https://pub-77824f6d0d4542d282fa48605bce7479.r2.dev/cards/MYL/PRIMERA%20ERA/26eed5d2-cbd8-498c-802f-12cb017cc8d1.png
24b91fcf-aa8a-4768-a989-202bbbe2779f,161 - 236 / PRIMERA EDICION,FU CHUAN-FA,3.0,0,,,,COLECCION: ESPIRITU DEL DRAGON,0,0,0,https://pub-77824f6d0d4542d282fa48605bce7479.r2.dev/cards/MYL/PRIMERA%20ERA/24b91fcf-aa8a-4768-a989-202bbbe2779f.png
5a53061e-08a4-4b91-9af1-3a6b9af437cf,206 - 236 / PRIMERA EDICION,FU TAO,3.0,0,,,,COLECCION: ESPIRITU DEL DRAGON,0,0,0,https://pub-77824f6d0d4542d282fa48605bce7479.r2.dev/cards/MYL/PRIMERA%20ERA/5a53061e-08a4-4b91-9af1-3a6b9af437cf.png
7bfeb3d0-83a5-468c-8ce5-c2d9e60d8aa8,217 - 236 / PRIMERA EDICION,FU XI,3.0,3,,,,LEYENDAS PRIMERA ERA 1.0,0,0,0,https://pub-77824f6d0d4542d282fa48605bce7479.r2.dev/cards/MYL/PRIMERA%20ERA/7bfeb3d0-83a5-468c-8ce5-c2d9e60d8aa8.png
d754a3ed-ce8e-431c-8610-721ed04e64dc,136 - 236 / PRIMERA EDICION,FU XI,3.0,3,,,,LEYENDAS PRIMERA ERA 2.0,0,0,0,https://pub-77824f6d0d4542d282fa48605bce7479.r2.dev/cards/MYL/PRIMERA%20ERA/d754a3ed-ce8e-431c-8610-721ed04e64dc.png
c535c649-8038-45ac-8bdc-666388d10765,158 - 236 / PRIMERA EDICION,FUENTE DE HVERGELMIR,,0,,,,LEYENDAS PRIMERA ERA 1.0,0,0,0,https://pub-77824f6d0d4542d282fa48605bce7479.r2.dev/cards/MYL/PRIMERA%20ERA/c535c649-8038-45ac-8bdc-666388d10765.png
92b17e8c-2855-47d4-805b-219c76d77025,266 - 236 / PRIMERA EDICION,FUENTE DE HVERGELMIR,,0,,,,LEYENDAS PRIMERA ERA 2.0,0,0,0,https://pub-77824f6d0d4542d282fa48605bce7479.r2.dev/cards/MYL/PRIMERA%20ERA/92b17e8c-2855-47d4-805b-219c76d77025.png
9a48f264-4966-4a08-a1cc-be02ce6431d7,263 - 236 / PRIMERA EDICION,FUENTE DE MIMIR,4.0,0,,,,LEYENDAS PRIMERA ERA 2.0,0,0,0,https://pub-77824f6d0d4542d282fa48605bce7479.r2.dev/cards/MYL/PRIMERA%20ERA/9a48f264-4966-4a08-a1cc-be02ce6431d7.png
1d9468c6-128f-4dd7-aa9d-b0798df89a31,155 - 236 / PRIMERA EDICION,FUENTE DE MIMIR,4.0,0,,,,LEYENDAS PRIMERA ERA 1.0,0,0,0,https://pub-77824f6d0d4542d282fa48605bce7479.r2.dev/cards/MYL/PRIMERA%20ERA/1d9468c6-128f-4dd7-aa9d-b0798df89a31.png
437fd8e3-189b-4c23-94df-bd17ae3be5f1,157 - 236 / PRIMERA EDICION,FUENTE DE URD,3.0,0,,,,LEYENDAS PRIMERA ERA 1.0,0,0,0,https://pub-77824f6d0d4542d282fa48605bce7479.r2.dev/cards/MYL/PRIMERA%20ERA/437fd8e3-189b-4c23-94df-bd17ae3be5f1.png
7ca2d31d-5cfc-4470-b70d-1baacbd8663c,290 - 236 / PRIMERA EDICION,FUJIN,2.0,1,,,,LEYENDAS PRIMERA ERA 2.0,0,0,0,https://pub-77824f6d0d4542d282fa48605bce7479.r2.dev/cards/MYL/PRIMERA%20ERA/7ca2d31d-5cfc-4470-b70d-1baacbd8663c.png
6ec22e97-bccc-434c-a670-96788e57ff43,203 - 236 / PRIMERA EDICION,FUKURUKUJO,3.0,3,,,,LEYENDAS PRIMERA ERA 1.0,0,0,0,https://pub-77824f6d0d4542d282fa48605bce7479.r2.dev/cards/MYL/PRIMERA%20ERA/6ec22e97-bccc-434c-a670-96788e57ff43.png
1f57da6e-d3c8-4e6c-89ca-a98f2b31814f,203 - 236 / PRIMERA EDICION,FUKURUKUJO,3.0,3,,,,LEYENDAS PRIMERA ERA 2.0,0,0,0,https://pub-77824f6d0d4542d282fa48605bce7479.r2.dev/cards/MYL/PRIMERA%20ERA/1f57da6e-d3c8-4e6c-89ca-a98f2b31814f.png
fe2f49d9-6bf0-45c9-92d0-3d1a8ae8b550,113 - 236 / PRIMERA EDICION,GALDAR,4.0,0,,,,LEYENDAS PRIMERA ERA 1.0,0,0,0,https://pub-77824f6d0d4542d282fa48605bce7479.r2.dev/cards/MYL/PRIMERA%20ERA/fe2f49d9-6bf0-45c9-92d0-3d1a8ae8b550.png
d100b4dd-c98b-4c60-a480-75bcb21adce8,17 - 236 / PRIMERA EDICION,GALDAR,4.0,0,,,,LEYENDAS PRIMERA ERA 2.0,0,0,0,https://pub-77824f6d0d4542d282fa48605bce7479.r2.dev/cards/MYL/PRIMERA%20ERA/d100b4dd-c98b-4c60-a480-75bcb21adce8.png
35ec4ec2-54c8-455f-b846-93a0c93ea36e,100 - 236 / PRIMERA EDICION,GALLO CELESTIAL,3.0,2,,,,COLECCION: ESPIRITU DEL DRAGON,0,0,0,https://pub-77824f6d0d4542d282fa48605bce7479.r2.dev/cards/MYL/PRIMERA%20ERA/35ec4ec2-54c8-455f-b846-93a0c93ea36e.png
57cc1179-24bf-462c-aae2-1a55214b8109,073 - 126 / PRIMERA ERA,GALVARINO,4.0,3,,,,COLECCION: LA IRA DEL NAHUAL,0,0,0,https://pub-77824f6d0d4542d282fa48605bce7479.r2.dev/cards/MYL/PRIMERA%20ERA/57cc1179-24bf-462c-aae2-1a55214b8109.png
ea276fa8-be6e-41f7-8919-02df5614c56c,130 - 236 / PRIMERA EDICION,GANDALF,3.0,4,,,,LEYENDAS PRIMERA ERA 1.0,0,0,0,https://pub-77824f6d0d4542d282fa48605bce7479.r2.dev/cards/MYL/PRIMERA%20ERA/ea276fa8-be6e-41f7-8919-02df5614c56c.png
9c830635-0b87-4dba-9c99-b061ae0eaf12,120 - 236 / PRIMERA EDICION,GANDALF,3.0,4,,,,LEYENDAS PRIMERA ERA 2.0,0,0,0,https://pub-77824f6d0d4542d282fa48605bce7479.r2.dev/cards/MYL/PRIMERA%20ERA/9c830635-0b87-4dba-9c99-b061ae0eaf12.png
78fd38c4-7330-4977-9f8b-d909516bd21c,215 - 236 / PRIMERA EDICION,GAO JIE BIEN,2.0,0,,,,COLECCION: ESPIRITU DEL DRAGON,0,0,0,https://pub-77824f6d0d4542d282fa48605bce7479.r2.dev/cards/MYL/PRIMERA%20ERA/78fd38c4-7330-4977-9f8b-d909516bd21c.png
ebb17f92-8c5f-4b4f-aec1-57df3d45eb81,32 - 126 / PRIMERA EDICION,GARGOLA,2.0,1,,,,COLECCION: EL RETO,0,0,0,https://pub-77824f6d0d4542d282fa48605bce7479.r2.dev/cards/MYL/PRIMERA%20ERA/ebb17f92-8c5f-4b4f-aec1-57df3d45eb81.png
05224075-67bd-49cd-8a7f-d49f0cb79de7,127 - 236 / PRIMERA EDICION,GARM,3.0,2,,,,LEYENDAS PRIMERA ERA 1.0,0,0,0,https://pub-77824f6d0d4542d282fa48605bce7479.r2.dev/cards/MYL/PRIMERA%20ERA/05224075-67bd-49cd-8a7f-d49f0cb79de7.png
ff28a25a-ab6e-4ba8-8388-662985f4cb3a,69 - 236 / PRIMERA EDICION,GARM,3.0,2,,,,LEYENDAS PRIMERA ERA 2.0,0,0,0,https://pub-77824f6d0d4542d282fa48605bce7479.r2.dev/cards/MYL/PRIMERA%20ERA/ff28a25a-ab6e-4ba8-8388-662985f4cb3a.png
a53a6aa6-f0bf-483a-af0e-1921fc1c9ac0,167 - 236 / PRIMERA EDICION,GE XIANG WENG,3.0,0,,,,COLECCION: ESPIRITU DEL DRAGON,0,0,0,https://pub-77824f6d0d4542d282fa48605bce7479.r2.dev/cards/MYL/PRIMERA%20ERA/a53a6aa6-f0bf-483a-af0e-1921fc1c9ac0.png
2e67f16f-f4e1-4ea4-89db-62a94dc87dc5,73 - 236 / PRIMERA EDICION,GEISHA,3.0,1,,,,COLECCION: ESPIRITU DEL DRAGON,0,0,0,https://pub-77824f6d0d4542d282fa48605bce7479.r2.dev/cards/MYL/PRIMERA%20ERA/2e67f16f-f4e1-4ea4-89db-62a94dc87dc5.png
a93b5fe5-e964-41e3-9028-3dae5b84f428,26 - 236 / PRIMERA EDICION,GENTE LUNAR,2.0,2,,,,LEYENDAS PRIMERA ERA 2.0,0,0,0,https://pub-77824f6d0d4542d282fa48605bce7479.r2.dev/cards/MYL/PRIMERA%20ERA/a93b5fe5-e964-41e3-9028-3dae5b84f428.png
fcc3d37d-cc88-4883-bb8b-6f591b295743,210 - 236 / PRIMERA EDICION,GEON SI,2.0,3,,,,LEYENDAS PRIMERA ERA 2.0,0,0,0,https://pub-77824f6d0d4542d282fa48605bce7479.r2.dev/cards/MYL/PRIMERA%20ERA/fcc3d37d-cc88-4883-bb8b-6f591b295743.png
9d4df1ec-c616-47d3-a49b-84cc339ea21a,236 - 236 / PRIMERA EDICION,GEON SI,2.0,3,,,,LEYENDAS PRIMERA ERA 1.0,0,0,0,https://pub-77824f6d0d4542d282fa48605bce7479.r2.dev/cards/MYL/PRIMERA%20ERA/9d4df1ec-c616-47d3-a49b-84cc339ea21a.png
f935a8ec-eb52-4986-b198-770049f4d63d,LPE23 237/300,GEON SI,2.0,3,,,,LEYENDAS PRIMERA ERA 3.0,0,0,0,https://pub-77824f6d0d4542d282fa48605bce7479.r2.dev/cards/MYL/PRIMERA%20ERA/f935a8ec-eb52-4986-b198-770049f4d63d.png
e4dcae12-1c32-4144-911e-f7627caed204,128 - 236 / PRIMERA EDICION,GERI Y FREKI,2.0,6,,,,LEYENDAS PRIMERA ERA 1.0,0,0,0,https://pub-77824f6d0d4542d282fa48605bce7479.r2.dev/cards/MYL/PRIMERA%20ERA/e4dcae12-1c32-4144-911e-f7627caed204.png
e970ea29-662f-4626-b099-50bc5158f5b3,61 - 236 / PRIMERA EDICION,GERI Y FREKI,2.0,6,,,,LEYENDAS PRIMERA ERA 2.0,0,0,0,https://pub-77824f6d0d4542d282fa48605bce7479.r2.dev/cards/MYL/PRIMERA%20ERA/e970ea29-662f-4626-b099-50bc5158f5b3.png
88839dd1-9274-4898-b287-666a291d75b5,57 - 126 / PRIMERA EDICION,GIGANTE ANDINO,4.0,3,,,,COLECCION: EL RETO,0,0,0,https://pub-77824f6d0d4542d282fa48605bce7479.r2.dev/cards/MYL/PRIMERA%20ERA/88839dd1-9274-4898-b287-666a291d75b5.png
c79a8af3-f244-4344-9db3-f65d5a6dd3b1,57 - 126 / PRIMERA EDICION,GIGANTE ANDINO,4.0,3,,,,COLECCION: EL RETO,0,0,0,https://pub-77824f6d0d4542d282fa48605bce7479.r2.dev/cards/MYL/PRIMERA%20ERA/c79a8af3-f244-4344-9db3-f65d5a6dd3b1.png
8db74bd2-2cfe-43c4-8d6d-89694d8ba6f9,122 - 236 / PRIMERA EDICION,GIGANTES DE FUEGO,3.0,5,,,,LEYENDAS PRIMERA ERA 1.0,0,0,0,https://pub-77824f6d0d4542d282fa48605bce7479.r2.dev/cards/MYL/PRIMERA%20ERA/8db74bd2-2cfe-43c4-8d6d-89694d8ba6f9.png
a5d95df0-fb55-4ace-b511-dc132064a76e,124 - 236 / PRIMERA EDICION,GIGANTES DE HIELO,4.0,4,,,,LEYENDAS PRIMERA ERA 1.0,0,0,0,https://pub-77824f6d0d4542d282fa48605bce7479.r2.dev/cards/MYL/PRIMERA%20ERA/a5d95df0-fb55-4ace-b511-dc132064a76e.png
9e9d5482-be31-4d46-927d-cd145b29b56e,56 - 126 / PRIMERA EDICION,GILGAMESH,2.0,3,,,,COLECCION: EL RETO,0,0,0,https://pub-77824f6d0d4542d282fa48605bce7479.r2.dev/cards/MYL/PRIMERA%20ERA/9e9d5482-be31-4d46-927d-cd145b29b56e.png
c813396b-5f38-49a4-b1f2-22567af9e7e9,280 - 236 / PRIMERA EDICION,GO,,0,,,,LEYENDAS PRIMERA ERA 1.0,0,0,0,https://pub-77824f6d0d4542d282fa48605bce7479.r2.dev/cards/MYL/PRIMERA%20ERA/c813396b-5f38-49a4-b1f2-22567af9e7e9.png
56ff88ad-0abe-45ea-b66a-57f598152fe1,300 - 236 / PRIMERA EDICION,GO,,0,,,,LEYENDAS PRIMERA ERA 2.0,0,0,0,https://pub-77824f6d0d4542d282fa48605bce7479.r2.dev/cards/MYL/PRIMERA%20ERA/56ff88ad-0abe-45ea-b66a-57f598152fe1.png
ac083ef5-efd2-403a-a09b-304003bb4c4c,171 - 126 / PRIMERA EDICION,GOBLINS,2.0,3,,,,COLECCION: EL RETO,0,0,0,https://pub-77824f6d0d4542d282fa48605bce7479.r2.dev/cards/MYL/PRIMERA%20ERA/ac083ef5-efd2-403a-a09b-304003bb4c4c.png
854be439-9c46-445b-be4b-05b4f8c4320e,3 - 126 / PRIMERA EDICION,GOLDAR,,0,,,,,0,0,0,https://pub-77824f6d0d4542d282fa48605bce7479.r2.dev/pending-versions/a09cd627-0dac-4af7-96c4-4501b80b8882/1783277027705-0.webp
14339dab-4dda-430d-b999-06b81a0cdc5a,58 - 126 / PRIMERA EDICION,GOLEM,2.0,1,,,,COLECCION: MUNDO GOTICO,0,0,0,https://pub-77824f6d0d4542d282fa48605bce7479.r2.dev/cards/MYL/PRIMERA%20ERA/14339dab-4dda-430d-b999-06b81a0cdc5a.png
4c746342-03f9-4b86-b774-a5b9ce202cf4,59 - 126 / PRIMERA EDICION,GOLEM SOMBRIO,4.0,3,,,,COLECCION: MUNDO GOTICO,0,0,0,https://pub-77824f6d0d4542d282fa48605bce7479.r2.dev/cards/MYL/PRIMERA%20ERA/4c746342-03f9-4b86-b774-a5b9ce202cf4.png
dda3a740-be53-4309-9b13-3e6133cfea92,67 - 170 / PRIMERA EDICION,GOLEM SOMBRIO,4.0,3,,,,COLECCION: COFRADIA,0,0,0,https://pub-77824f6d0d4542d282fa48605bce7479.r2.dev/cards/MYL/PRIMERA%20ERA/dda3a740-be53-4309-9b13-3e6133cfea92.png
fc4121fd-9beb-445f-8b61-87cc5057a2ac,67 - 170 / PRIMERA EDICION,GOLEM SOMBRIO,4.0,3,,,,COLECCION: COFRADIA,0,0,0,https://pub-77824f6d0d4542d282fa48605bce7479.r2.dev/cards/MYL/PRIMERA%20ERA/fc4121fd-9beb-445f-8b61-87cc5057a2ac.png
bcb0dbdf-77bf-4d7a-955e-7cc496f27f9c,120 - 170 / PRIMERA EDICION,GORGONAS,2.0,0,,,,COLECCION: COFRADIA,0,0,0,https://pub-77824f6d0d4542d282fa48605bce7479.r2.dev/cards/MYL/PRIMERA%20ERA/bcb0dbdf-77bf-4d7a-955e-7cc496f27f9c.png
85485838-2a15-43a7-a792-96df96b5b1bf,11 - 236 / PRIMERA EDICION,GORGONAS,2.0,0,,,,LEYENDAS PRIMERA ERA 1.0,0,0,0,https://pub-77824f6d0d4542d282fa48605bce7479.r2.dev/cards/MYL/PRIMERA%20ERA/85485838-2a15-43a7-a792-96df96b5b1bf.png
a5f9e351-1702-4e14-bf84-2d372a623c65,231 - 236 / PRIMERA EDICION,GORGONAS,2.0,0,,,,LEYENDAS PRIMERA ERA 2.0,0,0,0,https://pub-77824f6d0d4542d282fa48605bce7479.r2.dev/cards/MYL/PRIMERA%20ERA/a5f9e351-1702-4e14-bf84-2d372a623c65.png
3da969a6-9048-4d00-9946-36e4e65b7506,6 - 126 / PRIMERA EDICION,GORGONAS,2.0,0,,,,COLECCION: EL RETO,0,0,0,https://pub-77824f6d0d4542d282fa48605bce7479.r2.dev/cards/MYL/PRIMERA%20ERA/3da969a6-9048-4d00-9946-36e4e65b7506.png
71913011-dda7-4f81-ba4d-f9e1bca3f7c2,221 - 236 / PRIMERA EDICION,GRAN MURALLA,,0,,,,COLECCION: ESPIRITU DEL DRAGON,0,0,0,https://pub-77824f6d0d4542d282fa48605bce7479.r2.dev/cards/MYL/PRIMERA%20ERA/71913011-dda7-4f81-ba4d-f9e1bca3f7c2.png
7d254ec9-6c51-4548-bc68-878a9331b343,10 - 126 / PRIMERA EDICION,GRIFO,5.0,2,,,,COLECCION: EL RETO,0,0,0,https://pub-77824f6d0d4542d282fa48605bce7479.r2.dev/cards/MYL/PRIMERA%20ERA/7d254ec9-6c51-4548-bc68-878a9331b343.png
80d05b24-9b68-4588-b009-db883a33fb2d,166 - 236 / PRIMERA EDICION,GRIFO,5.0,2,,,,LEYENDAS PRIMERA ERA 1.0,0,0,0,https://pub-77824f6d0d4542d282fa48605bce7479.r2.dev/cards/MYL/PRIMERA%20ERA/80d05b24-9b68-4588-b009-db883a33fb2d.png
37907d52-fc2b-4bd3-95da-84f4f546aa26,18 - 170 / PRIMERA EDICION,GRIFO,,3,,,,COLECCION: COFRADIA,0,0,0,https://pub-77824f6d0d4542d282fa48605bce7479.r2.dev/cards/MYL/PRIMERA%20ERA/37907d52-fc2b-4bd3-95da-84f4f546aa26.png
c337f1ce-8fec-41fe-8db3-3305ce6d804c,5 - 126 / PRIMERA EDICION,GROOTSLANG,2.0,1,,,,COLECCION: EL RETO,0,0,0,https://pub-77824f6d0d4542d282fa48605bce7479.r2.dev/cards/MYL/PRIMERA%20ERA/c337f1ce-8fec-41fe-8db3-3305ce6d804c.png
b414a5ba-fa47-49c8-b94b-0e48768e540f,10 - 236 / PRIMERA EDICION,GROOTSLANG,2.0,1,,,,LEYENDAS PRIMERA ERA 1.0,0,0,0,https://pub-77824f6d0d4542d282fa48605bce7479.r2.dev/cards/MYL/PRIMERA%20ERA/b414a5ba-fa47-49c8-b94b-0e48768e540f.png
9114012e-6446-40fe-9c08-e7440725fe67,126 - 236 / PRIMERA EDICION,GRULLA,2.0,1,,,,COLECCION: ESPIRITU DEL DRAGON,0,0,0,https://pub-77824f6d0d4542d282fa48605bce7479.r2.dev/cards/MYL/PRIMERA%20ERA/9114012e-6446-40fe-9c08-e7440725fe67.png
d5324b35-2c69-4d11-973f-68183ad137af,238 - 236 / PRIMERA EDICION,GUADAA,2.0,0,,,,LEYENDAS PRIMERA ERA 2.0,0,0,0,https://pub-77824f6d0d4542d282fa48605bce7479.r2.dev/cards/MYL/PRIMERA%20ERA/d5324b35-2c69-4d11-973f-68183ad137af.png
8f5c27d9-34d1-406f-8810-17a90190f67e,080 - 126 / PRIMERA ERA,GUAJIRO,2.0,2,,,,COLECCION: LA IRA DEL NAHUAL,0,0,0,https://pub-77824f6d0d4542d282fa48605bce7479.r2.dev/cards/MYL/PRIMERA%20ERA/8f5c27d9-34d1-406f-8810-17a90190f67e.png
2f9ed5c7-6ea6-41b4-8814-7766bfe93be0,89 - 236 / PRIMERA EDICION,GUAN TI,5.0,5,,,,LEYENDAS PRIMERA ERA 2.0,0,0,0,https://pub-77824f6d0d4542d282fa48605bce7479.r2.dev/cards/MYL/PRIMERA%20ERA/2f9ed5c7-6ea6-41b4-8814-7766bfe93be0.png
c5add1a3-75f5-4109-892d-1cc85552804c,219 - 236 / PRIMERA EDICION,GUAN TI,5.0,5,,,,LEYENDAS PRIMERA ERA 1.0,0,0,0,https://pub-77824f6d0d4542d282fa48605bce7479.r2.dev/cards/MYL/PRIMERA%20ERA/c5add1a3-75f5-4109-892d-1cc85552804c.png
b5af22bb-e2dc-42d3-8a4d-799e2f0e61ab,228 - 236 / PRIMERA EDICION,GUAN YU,3.0,2,,,,LEYENDAS PRIMERA ERA 1.0,0,0,0,https://pub-77824f6d0d4542d282fa48605bce7479.r2.dev/cards/MYL/PRIMERA%20ERA/b5af22bb-e2dc-42d3-8a4d-799e2f0e61ab.png
ed00baa0-b6b2-4f06-b53c-663e1b7e756e,90 - 236 / PRIMERA EDICION,GUAN YU,3.0,2,,,,LEYENDAS PRIMERA ERA 2.0,0,0,0,https://pub-77824f6d0d4542d282fa48605bce7479.r2.dev/cards/MYL/PRIMERA%20ERA/ed00baa0-b6b2-4f06-b53c-663e1b7e756e.png
50eacb71-c8e1-43f6-a470-01755fe9b2bb,35 - 126 / PRIMERA EDICION,GUANTELETE,2.0,0,,,,COLECCION: MUNDO GOTICO,0,0,0,https://pub-77824f6d0d4542d282fa48605bce7479.r2.dev/cards/MYL/PRIMERA%20ERA/50eacb71-c8e1-43f6-a470-01755fe9b2bb.png
952ef02c-40c6-4cd2-a9d2-1784fb5fe3e2,19 - 170 / PRIMERA EDICION,GUANTELETE,2.0,0,,,,COLECCION: COFRADIA,0,0,0,https://pub-77824f6d0d4542d282fa48605bce7479.r2.dev/cards/MYL/PRIMERA%20ERA/952ef02c-40c6-4cd2-a9d2-1784fb5fe3e2.png
b83da297-4e3c-412e-b74a-1f0c7697b60f,10 - 126 / PRIMERA EDICION,GUANTES DE HIERRO,3.0,0,,,,COLECCION: RAGNAROK,0,0,0,https://pub-77824f6d0d4542d282fa48605bce7479.r2.dev/cards/MYL/PRIMERA%20ERA/b83da297-4e3c-412e-b74a-1f0c7697b60f.png
8a27c0a1-f731-470b-8b41-e8fb58bfc47a,170 - 126 / PRIMERA EDICION,GUARDIA DEL ESCUDO,1.0,3,,,,COLECCION: MUNDO GOTICO,0,0,0,https://pub-77824f6d0d4542d282fa48605bce7479.r2.dev/cards/MYL/PRIMERA%20ERA/8a27c0a1-f731-470b-8b41-e8fb58bfc47a.png
da353864-7fb4-4a00-8a98-ef07127072af,121 - 170 / PRIMERA EDICION,GUERRERO AGUILA,4.0,2,,,,COLECCION: COFRADIA,0,0,0,https://pub-77824f6d0d4542d282fa48605bce7479.r2.dev/cards/MYL/PRIMERA%20ERA/da353864-7fb4-4a00-8a98-ef07127072af.png
682f78d5-c47b-4c75-897f-bcc3292ecb78,121 - 170 / PRIMERA EDICION,GUERRERO AGUILA,4.0,2,,,,COLECCION: COFRADIA,0,0,0,https://pub-77824f6d0d4542d282fa48605bce7479.r2.dev/cards/MYL/PRIMERA%20ERA/682f78d5-c47b-4c75-897f-bcc3292ecb78.png
cb26032e-15fc-4d48-a9a5-32694a4a00db,082 - 126 / PRIMERA ERA,GUERRERO AGUILA,4.0,2,,,,COLECCION: LA IRA DEL NAHUAL,0,0,0,https://pub-77824f6d0d4542d282fa48605bce7479.r2.dev/cards/MYL/PRIMERA%20ERA/cb26032e-15fc-4d48-a9a5-32694a4a00db.png
a88958bc-a4bc-491b-ac22-29cc66ac4f6d,7 - 126 / PRIMERA EDICION,GUERRERO JAGUAR,3.0,1,,,,COLECCION: EL RETO,0,0,0,https://pub-77824f6d0d4542d282fa48605bce7479.r2.dev/cards/MYL/PRIMERA%20ERA/a88958bc-a4bc-491b-ac22-29cc66ac4f6d.png
e553c9b1-76f0-4bec-8b1b-86b69f8b5eb1,223 - 236 / PRIMERA EDICION,GUEVADAN,4.0,3,,,,LEYENDAS PRIMERA ERA 2.0,0,0,0,https://pub-77824f6d0d4542d282fa48605bce7479.r2.dev/cards/MYL/PRIMERA%20ERA/e553c9b1-76f0-4bec-8b1b-86b69f8b5eb1.png
5c11af49-9dc0-40c2-9e27-ed863362a6e2,108 - 236 / PRIMERA EDICION,GUI,3.0,2,,,,COLECCION: ESPIRITU DEL DRAGON,0,0,0,https://pub-77824f6d0d4542d282fa48605bce7479.r2.dev/cards/MYL/PRIMERA%20ERA/5c11af49-9dc0-40c2-9e27-ed863362a6e2.png
8448788a-587e-492d-a3c3-5a7628d21483,239 - 236 / PRIMERA EDICION,GUI XIAN,3.0,0,,,,LEYENDAS PRIMERA ERA 1.0,0,0,0,https://pub-77824f6d0d4542d282fa48605bce7479.r2.dev/cards/MYL/PRIMERA%20ERA/8448788a-587e-492d-a3c3-5a7628d21483.png
747f24de-3dab-494e-bb1a-d5f07f1a31c2,XINNIAN 2 06/30,GUI XIAN,3.0,0,,,,XINNIAN 2: ANO DE LA SERPIENTE,0,0,0,https://pub-77824f6d0d4542d282fa48605bce7479.r2.dev/cards/MYL/PRIMERA%20ERA/747f24de-3dab-494e-bb1a-d5f07f1a31c2.png
887eafdb-7afb-48dd-aff8-8b02399c2904,111 - 236 / PRIMERA EDICION,GUI XIAN,3.0,0,,,,COLECCION: ESPIRITU DEL DRAGON,0,0,0,https://pub-77824f6d0d4542d282fa48605bce7479.r2.dev/cards/MYL/PRIMERA%20ERA/887eafdb-7afb-48dd-aff8-8b02399c2904.png
ff59b0dd-f7bb-44f2-a60d-85967a911bc1,293 - 236 / PRIMERA EDICION,GYALLARHORN,,0,,,,LEYENDAS PRIMERA ERA 2.0,0,0,0,https://pub-77824f6d0d4542d282fa48605bce7479.r2.dev/cards/MYL/PRIMERA%20ERA/ff59b0dd-f7bb-44f2-a60d-85967a911bc1.png
cf0ce608-b3c5-42b0-9565-b36882bde993,162 - 236 / PRIMERA EDICION,GYALLARHORN,,0,,,,LEYENDAS PRIMERA ERA 1.0,0,0,0,https://pub-77824f6d0d4542d282fa48605bce7479.r2.dev/cards/MYL/PRIMERA%20ERA/cf0ce608-b3c5-42b0-9565-b36882bde993.png
ef7de317-d39b-411b-833c-760dd894064d,88 - 126 / PRIMERA EDICION,HACHA DANESA,2.0,0,,,,COLECCION: RAGNAROK,0,0,0,https://pub-77824f6d0d4542d282fa48605bce7479.r2.dev/cards/MYL/PRIMERA%20ERA/ef7de317-d39b-411b-833c-760dd894064d.png
12546e42-a1cb-4256-8cc6-a7e5424ce170,34 - 126 / PRIMERA EDICION,HACHA DE ENOCH,2.0,0,,,,COLECCION: MUNDO GOTICO,0,0,0,https://pub-77824f6d0d4542d282fa48605bce7479.r2.dev/cards/MYL/PRIMERA%20ERA/12546e42-a1cb-4256-8cc6-a7e5424ce170.png
469a0bbb-a150-439e-9fea-9ef7428a41d7,202 - 236 / PRIMERA EDICION,HACHIMAN,4.0,3,,,,LEYENDAS PRIMERA ERA 2.0,0,0,0,https://pub-77824f6d0d4542d282fa48605bce7479.r2.dev/cards/MYL/PRIMERA%20ERA/469a0bbb-a150-439e-9fea-9ef7428a41d7.png
09f022b1-5f28-4df2-9adb-267d2f7fb713,202 - 236 / PRIMERA EDICION,HACHIMAN,4.0,3,,,,LEYENDAS PRIMERA ERA 1.0,0,0,0,https://pub-77824f6d0d4542d282fa48605bce7479.r2.dev/cards/MYL/PRIMERA%20ERA/09f022b1-5f28-4df2-9adb-267d2f7fb713.png
a5e00ba2-1d15-4d69-804e-2fe0517b2678,159 - 126 / PRIMERA EDICION,HADA VIVIANA,3.0,2,,,,COLECCION: EL RETO,0,0,0,https://pub-77824f6d0d4542d282fa48605bce7479.r2.dev/cards/MYL/PRIMERA%20ERA/a5e00ba2-1d15-4d69-804e-2fe0517b2678.png
e28faee3-f90f-40de-b7f5-0cdc76d852d9,167 - 236 / PRIMERA EDICION,HADAS,1.0,1,,,,LEYENDAS PRIMERA ERA 1.0,0,0,0,https://pub-77824f6d0d4542d282fa48605bce7479.r2.dev/cards/MYL/PRIMERA%20ERA/e28faee3-f90f-40de-b7f5-0cdc76d852d9.png
39e31db5-10aa-46b1-a6a4-4729d8ef255c,21 - 170 / PRIMERA EDICION,HADAS,1.0,1,,,,COLECCION: COFRADIA,0,0,0,https://pub-77824f6d0d4542d282fa48605bce7479.r2.dev/cards/MYL/PRIMERA%20ERA/39e31db5-10aa-46b1-a6a4-4729d8ef255c.png
df67b385-97df-400b-9d0f-8ea3b918361b,64 - 126 / PRIMERA EDICION,HADAS,1.0,1,,,,COLECCION: EL RETO,0,0,0,https://pub-77824f6d0d4542d282fa48605bce7479.r2.dev/cards/MYL/PRIMERA%20ERA/df67b385-97df-400b-9d0f-8ea3b918361b.png
5ab2e638-3c6b-42a8-b4d2-30828da3d3f1,271 - 236 / PRIMERA EDICION,HADAS GUERRERAS,3.0,2,,,,LEYENDAS PRIMERA ERA 2.0,0,0,0,https://pub-77824f6d0d4542d282fa48605bce7479.r2.dev/cards/MYL/PRIMERA%20ERA/5ab2e638-3c6b-42a8-b4d2-30828da3d3f1.png
3c3566f9-1146-481a-8350-443c36e0f6c3,193 - 236 / PRIMERA EDICION,HADAS GUERRERAS,3.0,2,,,,LEYENDAS PRIMERA ERA 1.0,0,0,0,https://pub-77824f6d0d4542d282fa48605bce7479.r2.dev/cards/MYL/PRIMERA%20ERA/3c3566f9-1146-481a-8350-443c36e0f6c3.png
67365919-a1b4-4d85-a1d4-d9b9deda42ce,81 - 126 / PRIMERA EDICION,HADAS GUERRERAS,3.0,2,,,,COLECCION: EL RETO,0,0,0,https://pub-77824f6d0d4542d282fa48605bce7479.r2.dev/cards/MYL/PRIMERA%20ERA/67365919-a1b4-4d85-a1d4-d9b9deda42ce.png
84e64398-ff24-42d9-88f8-9bec76c3af35,165 - 236 / PRIMERA EDICION,HADES,2.0,0,,,,LEYENDAS PRIMERA ERA 2.0,0,0,0,https://pub-77824f6d0d4542d282fa48605bce7479.r2.dev/cards/MYL/PRIMERA%20ERA/84e64398-ff24-42d9-88f8-9bec76c3af35.png
a21d76a0-8296-41c7-96fc-43ce2eb195a8,22 - 170 / PRIMERA EDICION,HADES,2.0,0,,,,COLECCION: COFRADIA,0,0,0,https://pub-77824f6d0d4542d282fa48605bce7479.r2.dev/cards/MYL/PRIMERA%20ERA/a21d76a0-8296-41c7-96fc-43ce2eb195a8.png
f82891e6-298a-4040-9c31-f0a1169a5cfe,30 - 236 / PRIMERA EDICION,HADES,2.0,0,,,,LEYENDAS PRIMERA ERA 1.0,0,0,0,https://pub-77824f6d0d4542d282fa48605bce7479.r2.dev/cards/MYL/PRIMERA%20ERA/f82891e6-298a-4040-9c31-f0a1169a5cfe.png
f8f8cd51-e620-4e75-8b2e-c6a923af96c5,239 - 236 / PRIMERA EDICION,HAIIT,1.0,0,,,,LEYENDAS PRIMERA ERA 2.0,0,0,0,https://pub-77824f6d0d4542d282fa48605bce7479.r2.dev/cards/MYL/PRIMERA%20ERA/f8f8cd51-e620-4e75-8b2e-c6a923af96c5.png
9dcf735c-58d4-4964-9f68-f178bbba7b6a,34 - 236 / PRIMERA EDICION,HAIIT,1.0,0,,,,LEYENDAS PRIMERA ERA 1.0,0,0,0,https://pub-77824f6d0d4542d282fa48605bce7479.r2.dev/cards/MYL/PRIMERA%20ERA/9dcf735c-58d4-4964-9f68-f178bbba7b6a.png
0decb19d-db50-4fb4-a905-8b03c94fd0f6,23 - 170 / PRIMERA EDICION,HAIIT,1.0,0,,,,COLECCION: COFRADIA,0,0,0,https://pub-77824f6d0d4542d282fa48605bce7479.r2.dev/cards/MYL/PRIMERA%20ERA/0decb19d-db50-4fb4-a905-8b03c94fd0f6.png
8609762e-a658-45c0-a85d-cffcaf193887,123 - 170 / PRIMERA EDICION,HAIWATHA,2.0,0,,,,COLECCION: COFRADIA,0,0,0,https://pub-77824f6d0d4542d282fa48605bce7479.r2.dev/cards/MYL/PRIMERA%20ERA/8609762e-a658-45c0-a85d-cffcaf193887.png
3dcbf061-73d5-4873-8f7c-7688bf5f53cf,123 - 170 / PRIMERA EDICION,HAIWATHA,2.0,0,,,,COLECCION: COFRADIA,0,0,0,https://pub-77824f6d0d4542d282fa48605bce7479.r2.dev/cards/MYL/PRIMERA%20ERA/3dcbf061-73d5-4873-8f7c-7688bf5f53cf.png
e65795a4-2b15-4c04-8213-14c72aea74a1,26 - 236 / PRIMERA EDICION,HAIWATHA,2.0,0,,,,LEYENDAS PRIMERA ERA 1.0,0,0,0,https://pub-77824f6d0d4542d282fa48605bce7479.r2.dev/cards/MYL/PRIMERA%20ERA/e65795a4-2b15-4c04-8213-14c72aea74a1.png
e17710f0-dc14-4cb6-aae2-25eab36c28ad,2 - 236 / PRIMERA EDICION,HAIWATHA,2.0,0,,,,LEYENDAS PRIMERA ERA 2.0,0,0,0,https://pub-77824f6d0d4542d282fa48605bce7479.r2.dev/cards/MYL/PRIMERA%20ERA/e17710f0-dc14-4cb6-aae2-25eab36c28ad.png
bc5fdf18-f7e4-4ec2-91d0-53e215478544,163 - 236 / PRIMERA EDICION,HALATAFL,,0,,,,LEYENDAS PRIMERA ERA 1.0,0,0,0,https://pub-77824f6d0d4542d282fa48605bce7479.r2.dev/cards/MYL/PRIMERA%20ERA/bc5fdf18-f7e4-4ec2-91d0-53e215478544.png
4ad8fab2-241a-4118-ad2d-d8061e69d059,SCLPE4 - 64/80,HALATAFL,,0,,,,LEYENDAS PE 4.0,0,0,0,https://pub-77824f6d0d4542d282fa48605bce7479.r2.dev/pending-versions/b457c3e0-41ed-4a6b-8d6b-438846ff4e1d/1783535062102-0.webp
675094cf-a621-4f40-b43c-d828694424a3,294 - 236 / PRIMERA EDICION,HALATAFL,,0,,,,LEYENDAS PRIMERA ERA 2.0,0,0,0,https://pub-77824f6d0d4542d282fa48605bce7479.r2.dev/cards/MYL/PRIMERA%20ERA/675094cf-a621-4f40-b43c-d828694424a3.png
bf0a6235-76b9-48b7-863f-b73421cda263,205 - 236 / PRIMERA EDICION,HAN XIANG ZI,2.0,2,,,,LEYENDAS PRIMERA ERA 2.0,0,0,0,https://pub-77824f6d0d4542d282fa48605bce7479.r2.dev/cards/MYL/PRIMERA%20ERA/bf0a6235-76b9-48b7-863f-b73421cda263.png
c4e6d6ee-ea5d-4b06-b26d-b6ee72dcaec3,224 - 236 / PRIMERA EDICION,HAN XIANG ZI,2.0,2,,,,LEYENDAS PRIMERA ERA 1.0,0,0,0,https://pub-77824f6d0d4542d282fa48605bce7479.r2.dev/cards/MYL/PRIMERA%20ERA/c4e6d6ee-ea5d-4b06-b26d-b6ee72dcaec3.png
67eb9d90-6959-435f-8ff5-22ee4d900d68,37 - 236 / PRIMERA EDICION,HATTORI HANZO,2.0,2,,,,LEYENDAS PRIMERA ERA 2.0,0,0,0,https://pub-77824f6d0d4542d282fa48605bce7479.r2.dev/cards/MYL/PRIMERA%20ERA/67eb9d90-6959-435f-8ff5-22ee4d900d68.png
d40832c6-4e72-4d82-ab35-67da87909eeb,230 - 236 / PRIMERA EDICION,HATTORI HANZO,2.0,2,,,,LEYENDAS PRIMERA ERA 1.0,0,0,0,https://pub-77824f6d0d4542d282fa48605bce7479.r2.dev/cards/MYL/PRIMERA%20ERA/d40832c6-4e72-4d82-ab35-67da87909eeb.png
174cdde4-e6e5-47fb-b43b-16b59b1c370a,49 - 236 / PRIMERA EDICION,HE XIAN GU,4.0,4,,,,COLECCION: ESPIRITU DEL DRAGON,0,0,0,https://pub-77824f6d0d4542d282fa48605bce7479.r2.dev/cards/MYL/PRIMERA%20ERA/174cdde4-e6e5-47fb-b43b-16b59b1c370a.png
0acc3f50-17cf-4642-b717-09cd5ca71f29,68 - 170 / PRIMERA EDICION,HECHICERA,3.0,2,,,,COLECCION: COFRADIA,0,0,0,https://pub-77824f6d0d4542d282fa48605bce7479.r2.dev/cards/MYL/PRIMERA%20ERA/0acc3f50-17cf-4642-b717-09cd5ca71f29.png
656ca87d-3e0e-40eb-bbdd-1a4fb0aea618,62 - 126 / PRIMERA EDICION,HECHICERA,3.0,2,,,,COLECCION: MUNDO GOTICO,0,0,0,https://pub-77824f6d0d4542d282fa48605bce7479.r2.dev/cards/MYL/PRIMERA%20ERA/656ca87d-3e0e-40eb-bbdd-1a4fb0aea618.png
e2987864-0f3b-42fb-a13f-34b418edea18,93 - 126 / PRIMERA EDICION,HEIMDAL,3.0,2,,,,COLECCION: RAGNAROK,0,0,0,https://pub-77824f6d0d4542d282fa48605bce7479.r2.dev/cards/MYL/PRIMERA%20ERA/e2987864-0f3b-42fb-a13f-34b418edea18.png
56410e21-52f2-4ace-bae4-1d1b9201239d,LPE23 226/300,HELHEIM,3.0,0,,,,LEYENDAS PRIMERA ERA 3.0,0,0,0,https://pub-77824f6d0d4542d282fa48605bce7479.r2.dev/cards/MYL/PRIMERA%20ERA/56410e21-52f2-4ace-bae4-1d1b9201239d.png
f7896040-a001-4b1b-9032-a0376c16bf88,57 - 126 / PRIMERA EDICION,HELHEIM,3.0,0,,,,COLECCION: RAGNAROK,0,0,0,https://pub-77824f6d0d4542d282fa48605bce7479.r2.dev/cards/MYL/PRIMERA%20ERA/f7896040-a001-4b1b-9032-a0376c16bf88.png
dbc22ea9-1703-4bbc-b276-2c12d5630812,47 - 236 / PRIMERA EDICION,HENG-O,3.0,4,,,,COLECCION: ESPIRITU DEL DRAGON,0,0,0,https://pub-77824f6d0d4542d282fa48605bce7479.r2.dev/cards/MYL/PRIMERA%20ERA/dbc22ea9-1703-4bbc-b276-2c12d5630812.png
c6bc340d-62b9-416a-9a6d-5054ecea7428,220 - 236 / PRIMERA EDICION,HENG-O,3.0,4,,,,LEYENDAS PRIMERA ERA 1.0,0,0,0,https://pub-77824f6d0d4542d282fa48605bce7479.r2.dev/cards/MYL/PRIMERA%20ERA/c6bc340d-62b9-416a-9a6d-5054ecea7428.png
b9878b2b-1733-4101-8c7f-7ba16179ff66,CRPE5 80 - 84,HENG-O,3.0,4,,,,KIT RACIALES PRIMERA ERA 2025: XIAN,0,0,0,https://pub-77824f6d0d4542d282fa48605bce7479.r2.dev/cards/MYL/PRIMERA%20ERA/b9878b2b-1733-4101-8c7f-7ba16179ff66.png
7ffbc35d-1ab3-489a-8fe0-7ca82f050846,106 - 126 / PRIMERA EDICION,HERCULES,5.0,0,,,,COLECCION: EL RETO,0,0,0,https://pub-77824f6d0d4542d282fa48605bce7479.r2.dev/cards/MYL/PRIMERA%20ERA/7ffbc35d-1ab3-489a-8fe0-7ca82f050846.png
8bd1a05c-55a2-4e0e-b2c9-f4acb3680ae6,42 - 126 / PRIMERA EDICION,HERFYOTURR,2.0,0,,,,COLECCION: RAGNAROK,0,0,0,https://pub-77824f6d0d4542d282fa48605bce7479.r2.dev/cards/MYL/PRIMERA%20ERA/8bd1a05c-55a2-4e0e-b2c9-f4acb3680ae6.png
de6df148-aafe-41a2-92e2-61e2e656ffce,130 - 126 / PRIMERA EDICION,HERMES,3.0,2,,,,COLECCION: EL RETO,0,0,0,https://pub-77824f6d0d4542d282fa48605bce7479.r2.dev/cards/MYL/PRIMERA%20ERA/de6df148-aafe-41a2-92e2-61e2e656ffce.png
523892be-ba3a-4a9f-9e1c-0f29042efb35,139 - 236 / PRIMERA EDICION,HIDROMIEL,2.0,0,,,,LEYENDAS PRIMERA ERA 1.0,0,0,0,https://pub-77824f6d0d4542d282fa48605bce7479.r2.dev/cards/MYL/PRIMERA%20ERA/523892be-ba3a-4a9f-9e1c-0f29042efb35.png
048c78c3-ce44-4d3f-b00e-5e0d2a0f3f85,76 - 126 / PRIMERA EDICION,HIEDRA ESPINO,3.0,1,,,,COLECCION: MUNDO GOTICO,0,0,0,https://pub-77824f6d0d4542d282fa48605bce7479.r2.dev/cards/MYL/PRIMERA%20ERA/048c78c3-ce44-4d3f-b00e-5e0d2a0f3f85.png
05960194-fb52-40ce-94b0-bc9b13cb3db7,24 - 236 / PRIMERA EDICION,HODERI,2.0,2,,,,COLECCION: ESPIRITU DEL DRAGON,0,0,0,https://pub-77824f6d0d4542d282fa48605bce7479.r2.dev/cards/MYL/PRIMERA%20ERA/05960194-fb52-40ce-94b0-bc9b13cb3db7.png
bb77ac7d-94da-4de4-9bca-1eaf0b35f6e7,35 - 236 / PRIMERA EDICION,HODUR,4.0,0,,,,LEYENDAS PRIMERA ERA 2.0,0,0,0,https://pub-77824f6d0d4542d282fa48605bce7479.r2.dev/cards/MYL/PRIMERA%20ERA/bb77ac7d-94da-4de4-9bca-1eaf0b35f6e7.png
0f574f3f-7b16-4db9-8965-e44695d8fcd9,7 - 236 / PRIMERA EDICION,HODUR,4.0,0,,,,LEYENDAS PRIMERA ERA 2.0,0,0,0,https://pub-77824f6d0d4542d282fa48605bce7479.r2.dev/cards/MYL/PRIMERA%20ERA/0f574f3f-7b16-4db9-8965-e44695d8fcd9.png
3789548d-956f-4e44-ba1c-5f9e2fb798df,118 - 236 / PRIMERA EDICION,HODUR,4.0,0,,,,LEYENDAS PRIMERA ERA 1.0,0,0,0,https://pub-77824f6d0d4542d282fa48605bce7479.r2.dev/cards/MYL/PRIMERA%20ERA/3789548d-956f-4e44-ba1c-5f9e2fb798df.png
dd66644e-4c55-4078-a98c-4b1d28691724,LPE4 254/320,HOFUD,2.0,0,,,,LEYENDAS PE 4.0,0,0,0,https://pub-77824f6d0d4542d282fa48605bce7479.r2.dev/cards/MYL/PRIMERA%20ERA/dd66644e-4c55-4078-a98c-4b1d28691724.png
f54b3a3f-09ad-4a13-a3e8-2254dba1c5da,80 - 126 / PRIMERA EDICION,HOLMGANG,3.0,0,,,,COLECCION: RAGNAROK,0,0,0,https://pub-77824f6d0d4542d282fa48605bce7479.r2.dev/cards/MYL/PRIMERA%20ERA/f54b3a3f-09ad-4a13-a3e8-2254dba1c5da.png
0bb0cbb5-9693-46f5-8152-ac721733ae89,52 - 126 / PRIMERA EDICION,HOMBRE DE PIEDRA,3.0,1,,,,COLECCION: EL RETO,0,0,0,https://pub-77824f6d0d4542d282fa48605bce7479.r2.dev/cards/MYL/PRIMERA%20ERA/0bb0cbb5-9693-46f5-8152-ac721733ae89.png
054aa2cd-14a6-4549-8c6c-52833f412630,2 - 126 / PRIMERA EDICION,HOMBRE DE POCA FE,3.0,0,,,,COLECCION: MUNDO GOTICO,0,0,0,https://pub-77824f6d0d4542d282fa48605bce7479.r2.dev/cards/MYL/PRIMERA%20ERA/054aa2cd-14a6-4549-8c6c-52833f412630.png
751699c7-ee5a-4584-b77e-6b7eb779f769,24 - 170 / PRIMERA EDICION,HOMBRE DE POCA FE,3.0,0,,,,COLECCION: COFRADIA,0,0,0,https://pub-77824f6d0d4542d282fa48605bce7479.r2.dev/cards/MYL/PRIMERA%20ERA/751699c7-ee5a-4584-b77e-6b7eb779f769.png
2ce4d07a-f2ab-47a3-95cf-779b98f67a07,LPE23 194/300,HOMBRE DE POCA FE,3.0,0,,,,LEYENDAS PRIMERA ERA 3.0,0,0,0,https://pub-77824f6d0d4542d282fa48605bce7479.r2.dev/cards/MYL/PRIMERA%20ERA/2ce4d07a-f2ab-47a3-95cf-779b98f67a07.png
c1adf1fb-fd75-4de9-a9bb-fdb223fcbcc3,CRPE-49-72,HOMBRE LOBO,3.0,1,,,,KIT RACIALES PRIMERA ERA: LICANTROPO,0,0,0,https://pub-77824f6d0d4542d282fa48605bce7479.r2.dev/cards/MYL/PRIMERA%20ERA/c1adf1fb-fd75-4de9-a9bb-fdb223fcbcc3.png
c8c79841-0230-4d0d-b90d-1638812b07d1,53 - 236 / PRIMERA EDICION,HOMBRE LOBO,3.0,1,,,,LEYENDAS PRIMERA ERA 2.0,0,0,0,https://pub-77824f6d0d4542d282fa48605bce7479.r2.dev/cards/MYL/PRIMERA%20ERA/c8c79841-0230-4d0d-b90d-1638812b07d1.png
60ca04be-be50-4269-a3c5-541e05b1a831,153 - 126 / PRIMERA EDICION,HOMBRE PAJARO,3.0,1,,,,COLECCION: EL RETO,0,0,0,https://pub-77824f6d0d4542d282fa48605bce7479.r2.dev/cards/MYL/PRIMERA%20ERA/60ca04be-be50-4269-a3c5-541e05b1a831.png
dbde17b8-f02a-4ca7-b74a-78043feef833,180 - 236 / PRIMERA EDICION,HOMBRES DE MADERA,,0,,,,COLECCION: ESPIRITU DEL DRAGON,0,0,0,https://pub-77824f6d0d4542d282fa48605bce7479.r2.dev/cards/MYL/PRIMERA%20ERA/dbde17b8-f02a-4ca7-b74a-78043feef833.png
0e5d1f97-8d8f-4457-8453-c6019cd78438,254 - 236 / PRIMERA EDICION,HONDA,2.0,0,,,,LEYENDAS PRIMERA ERA 2.0,0,0,0,https://pub-77824f6d0d4542d282fa48605bce7479.r2.dev/cards/MYL/PRIMERA%20ERA/0e5d1f97-8d8f-4457-8453-c6019cd78438.png
4d4ea80f-9418-4bf5-849c-d2afe6808825,125 - 170 / PRIMERA EDICION,HONDA,2.0,0,,,,COLECCION: COFRADIA,0,0,0,https://pub-77824f6d0d4542d282fa48605bce7479.r2.dev/cards/MYL/PRIMERA%20ERA/4d4ea80f-9418-4bf5-849c-d2afe6808825.png
a7a431fc-9f64-41bb-b9b8-0bfaf8230982,201 - 236 / PRIMERA EDICION,HOORI,3.0,2,,,,LEYENDAS PRIMERA ERA 1.0,0,0,0,https://pub-77824f6d0d4542d282fa48605bce7479.r2.dev/cards/MYL/PRIMERA%20ERA/a7a431fc-9f64-41bb-b9b8-0bfaf8230982.png
ef892e29-1da1-4a77-a4d4-d122360ec939,201 - 236 / PRIMERA EDICION,HOORI,3.0,2,,,,LEYENDAS PRIMERA ERA 2.0,0,0,0,https://pub-77824f6d0d4542d282fa48605bce7479.r2.dev/cards/MYL/PRIMERA%20ERA/ef892e29-1da1-4a77-a4d4-d122360ec939.png
a234adb5-56ad-4ce4-ba01-82121efe42f8,36 - 236 / PRIMERA EDICION,HORUS,3.0,0,,,,LEYENDAS PRIMERA ERA 1.0,0,0,0,https://pub-77824f6d0d4542d282fa48605bce7479.r2.dev/cards/MYL/PRIMERA%20ERA/a234adb5-56ad-4ce4-ba01-82121efe42f8.png
eab33cfc-e675-4cfa-bfd4-210da90b9d7b,1 - 236 / PRIMERA EDICION,HOTEI,3.0,2,,,,COLECCION: ESPIRITU DEL DRAGON,0,0,0,https://pub-77824f6d0d4542d282fa48605bce7479.r2.dev/cards/MYL/PRIMERA%20ERA/eab33cfc-e675-4cfa-bfd4-210da90b9d7b.png
cfb64564-8ca1-4e79-a4f6-5275bc3a858f,188 - 236 / PRIMERA EDICION,HOU CHUAN FA,1.0,0,,,,COLECCION: ESPIRITU DEL DRAGON,0,0,0,https://pub-77824f6d0d4542d282fa48605bce7479.r2.dev/cards/MYL/PRIMERA%20ERA/cfb64564-8ca1-4e79-a4f6-5275bc3a858f.png
08bb7228-ce0c-4570-a411-e75aa4e72bef,109 - 126 / PRIMERA EDICION,HRAESVELG,3.0,3,,,,COLECCION: RAGNAROK,0,0,0,https://pub-77824f6d0d4542d282fa48605bce7479.r2.dev/cards/MYL/PRIMERA%20ERA/08bb7228-ce0c-4570-a411-e75aa4e72bef.png
43c9b14d-68f2-48b4-8f5e-3d9e865ba18a,141 - 236 / PRIMERA EDICION,HUA MU LAN,3.0,3,,,,LEYENDAS PRIMERA ERA 2.0,0,0,0,https://pub-77824f6d0d4542d282fa48605bce7479.r2.dev/cards/MYL/PRIMERA%20ERA/43c9b14d-68f2-48b4-8f5e-3d9e865ba18a.png
c63c2d14-3181-47f7-a431-9e96d7fa3b68,233 - 236 / PRIMERA EDICION,HUA MU LAN,3.0,3,,,,LEYENDAS PRIMERA ERA 1.0,0,0,0,https://pub-77824f6d0d4542d282fa48605bce7479.r2.dev/cards/MYL/PRIMERA%20ERA/c63c2d14-3181-47f7-a431-9e96d7fa3b68.png
a0426821-3c18-440d-83e2-d71c275fec46,35 - 236 / PRIMERA EDICION,HUANG FEI HU,2.0,2,,,,COLECCION: ESPIRITU DEL DRAGON,0,0,0,https://pub-77824f6d0d4542d282fa48605bce7479.r2.dev/cards/MYL/PRIMERA%20ERA/a0426821-3c18-440d-83e2-d71c275fec46.png
8478471e-3fd9-4149-b05a-f0d487d212c4,206 - 236 / PRIMERA EDICION,HUANG ZHONG,2.0,3,,,,LEYENDAS PRIMERA ERA 2.0,0,0,0,https://pub-77824f6d0d4542d282fa48605bce7479.r2.dev/cards/MYL/PRIMERA%20ERA/8478471e-3fd9-4149-b05a-f0d487d212c4.png
8ce82931-5515-475c-a2a9-56774097b2e8,225 - 236 / PRIMERA EDICION,HUANG ZHONG,2.0,3,,,,LEYENDAS PRIMERA ERA 1.0,0,0,0,https://pub-77824f6d0d4542d282fa48605bce7479.r2.dev/cards/MYL/PRIMERA%20ERA/8ce82931-5515-475c-a2a9-56774097b2e8.png
8f15fde1-0dc3-48c7-9310-79fcfbf0be8e,155 - 126 / PRIMERA EDICION,HUBAHPU Y XBALANQUE,2.0,1,,,,COLECCION: EL RETO,0,0,0,https://pub-77824f6d0d4542d282fa48605bce7479.r2.dev/cards/MYL/PRIMERA%20ERA/8f15fde1-0dc3-48c7-9310-79fcfbf0be8e.png
f7ab58f0-8b66-4353-942c-54c54eb3ede3,062 - 126 / PRIMERA ERA,HUEHUE TEOTL,3.0,2,,,,COLECCION: LA IRA DEL NAHUAL,0,0,0,https://pub-77824f6d0d4542d282fa48605bce7479.r2.dev/cards/MYL/PRIMERA%20ERA/f7ab58f0-8b66-4353-942c-54c54eb3ede3.png
6b274776-5d3d-4f76-bfda-09f0ac2d76f0,168 - 236 / PRIMERA EDICION,HUEHUETEOTL,3.0,3,,,,LEYENDAS PRIMERA ERA 1.0,0,0,0,https://pub-77824f6d0d4542d282fa48605bce7479.r2.dev/cards/MYL/PRIMERA%20ERA/6b274776-5d3d-4f76-bfda-09f0ac2d76f0.png
8be0651f-e8f1-4546-a46a-ae48b93d5e03,196 - 236 / PRIMERA EDICION,HUEHUETEOTL,3.0,3,,,,LEYENDAS PRIMERA ERA 2.0,0,0,0,https://pub-77824f6d0d4542d282fa48605bce7479.r2.dev/cards/MYL/PRIMERA%20ERA/8be0651f-e8f1-4546-a46a-ae48b93d5e03.png
77f25e04-6d70-43ee-9fa9-4599fc549d48,66 - 126 / PRIMERA EDICION,HUGIN Y MUNIN,4.0,4,,,,COLECCION: RAGNAROK,0,0,0,https://pub-77824f6d0d4542d282fa48605bce7479.r2.dev/cards/MYL/PRIMERA%20ERA/77f25e04-6d70-43ee-9fa9-4599fc549d48.png
23a52144-3141-48b6-9483-4eee9a07e176,88 - 236 / PRIMERA EDICION,HUITZIL,3.0,2,,,,LEYENDAS PRIMERA ERA 1.0,0,0,0,https://pub-77824f6d0d4542d282fa48605bce7479.r2.dev/cards/MYL/PRIMERA%20ERA/23a52144-3141-48b6-9483-4eee9a07e176.png
2fce7664-f950-42a5-8adf-860b585d717f,179 - 236 / PRIMERA EDICION,HUITZIL,3.0,2,,,,LEYENDAS PRIMERA ERA 2.0,0,0,0,https://pub-77824f6d0d4542d282fa48605bce7479.r2.dev/cards/MYL/PRIMERA%20ERA/2fce7664-f950-42a5-8adf-860b585d717f.png
f47832ca-dc34-4407-8ee8-72103da764a1,161 - 236 / PRIMERA EDICION,HUITZILOPOCHTLI,1.0,0,,,,LEYENDAS PRIMERA ERA 2.0,0,0,0,https://pub-77824f6d0d4542d282fa48605bce7479.r2.dev/cards/MYL/PRIMERA%20ERA/f47832ca-dc34-4407-8ee8-72103da764a1.png
d4499535-ab33-4507-b4ec-a109a5bedba7,31 - 126 / PRIMERA EDICION,HUITZILOPOCHTLI,1.0,0,,,,COLECCION: EL RETO,0,0,0,https://pub-77824f6d0d4542d282fa48605bce7479.r2.dev/cards/MYL/PRIMERA%20ERA/d4499535-ab33-4507-b4ec-a109a5bedba7.png
38c846b7-c5a9-48ba-a008-3a312c9264de,16 - 236 / PRIMERA EDICION,HUITZILOPOCHTLI,1.0,0,,,,LEYENDAS PRIMERA ERA 1.0,0,0,0,https://pub-77824f6d0d4542d282fa48605bce7479.r2.dev/cards/MYL/PRIMERA%20ERA/38c846b7-c5a9-48ba-a008-3a312c9264de.png
6daf5537-046a-4f42-879b-b6486f09aa34,148 - 126 / PRIMERA EDICION,HUMBABA,2.0,3,,,,COLECCION: EL RETO,0,0,0,https://pub-77824f6d0d4542d282fa48605bce7479.r2.dev/cards/MYL/PRIMERA%20ERA/6daf5537-046a-4f42-879b-b6486f09aa34.png
0095eb76-b879-460f-9f2f-719c7f041de9,81 - 236 / PRIMERA EDICION,HURACAN,,3,,,,LEYENDAS PRIMERA ERA 2.0,0,0,0,https://pub-77824f6d0d4542d282fa48605bce7479.r2.dev/cards/MYL/PRIMERA%20ERA/0095eb76-b879-460f-9f2f-719c7f041de9.png
ec759104-07a7-4c67-9ee6-5a94c6b9a7a4,076 - 126 / PRIMERA ERA,HURACAN,,3,,,,COLECCION: LA IRA DEL NAHUAL,0,0,0,https://pub-77824f6d0d4542d282fa48605bce7479.r2.dev/cards/MYL/PRIMERA%20ERA/ec759104-07a7-4c67-9ee6-5a94c6b9a7a4.png
fc514e54-2f0a-4d0a-bb3b-f6ae917651ae,99 - 236 / PRIMERA EDICION,HURACAN,,3,,,,LEYENDAS PRIMERA ERA 1.0,0,0,0,https://pub-77824f6d0d4542d282fa48605bce7479.r2.dev/cards/MYL/PRIMERA%20ERA/fc514e54-2f0a-4d0a-bb3b-f6ae917651ae.png
f20cbefa-9357-4738-a0a1-fd59efa93820,129 - 236 / PRIMERA EDICION,HYMIR,8.0,10,,,,LEYENDAS PRIMERA ERA 1.0,0,0,0,https://pub-77824f6d0d4542d282fa48605bce7479.r2.dev/cards/MYL/PRIMERA%20ERA/f20cbefa-9357-4738-a0a1-fd59efa93820.png
00de52b6-fce8-496d-afc6-8f416ba5181a,70 - 236 / PRIMERA EDICION,HYMIR,8.0,10,,,,LEYENDAS PRIMERA ERA 2.0,0,0,0,https://pub-77824f6d0d4542d282fa48605bce7479.r2.dev/cards/MYL/PRIMERA%20ERA/00de52b6-fce8-496d-afc6-8f416ba5181a.png
dde6e688-f132-42d7-a8bd-c8bc24e8a8da,141 - 236 / PRIMERA EDICION,HYRRONKKIN,2.0,3,,,,LEYENDAS PRIMERA ERA 1.0,0,0,0,https://pub-77824f6d0d4542d282fa48605bce7479.r2.dev/cards/MYL/PRIMERA%20ERA/dde6e688-f132-42d7-a8bd-c8bc24e8a8da.png
30647fbc-7b6a-41be-9ea4-6963c02e4a2e,184 - 236 / PRIMERA EDICION,HYRRONKKIN,2.0,3,,,,LEYENDAS PRIMERA ERA 2.0,0,0,0,https://pub-77824f6d0d4542d282fa48605bce7479.r2.dev/cards/MYL/PRIMERA%20ERA/30647fbc-7b6a-41be-9ea4-6963c02e4a2e.png
83abb301-0b63-4dad-88f7-256c02209ac9,147 - 236 / PRIMERA EDICION,I CHING,1.0,0,,,,LEYENDAS PRIMERA ERA 2.0,0,0,0,https://pub-77824f6d0d4542d282fa48605bce7479.r2.dev/cards/MYL/PRIMERA%20ERA/83abb301-0b63-4dad-88f7-256c02209ac9.png
ec9ababf-ddef-407a-b390-98357de1e984,254 - 236 / PRIMERA EDICION,I CHING,1.0,0,,,,LEYENDAS PRIMERA ERA 1.0,0,0,0,https://pub-77824f6d0d4542d282fa48605bce7479.r2.dev/cards/MYL/PRIMERA%20ERA/ec9ababf-ddef-407a-b390-98357de1e984.png
4edce622-32f1-4ba0-9ce3-c4191dfc4af3,146 - 236 / PRIMERA EDICION,IAIDO,3.0,0,,,,COLECCION: ESPIRITU DEL DRAGON,0,0,0,https://pub-77824f6d0d4542d282fa48605bce7479.r2.dev/cards/MYL/PRIMERA%20ERA/4edce622-32f1-4ba0-9ce3-c4191dfc4af3.png
a8aecfb6-240e-41fb-9c42-d0c8d4a88c9a,21 - 236 / PRIMERA EDICION,ICARO,,0,,,,LEYENDAS PRIMERA ERA 1.0,0,0,0,https://pub-77824f6d0d4542d282fa48605bce7479.r2.dev/cards/MYL/PRIMERA%20ERA/a8aecfb6-240e-41fb-9c42-d0c8d4a88c9a.png
bd7d6fa2-426b-4e41-b181-7f3ef51d8615,126 - 170 / PRIMERA EDICION,ICARO,,0,,,,COLECCION: COFRADIA,0,0,0,https://pub-77824f6d0d4542d282fa48605bce7479.r2.dev/cards/MYL/PRIMERA%20ERA/bd7d6fa2-426b-4e41-b181-7f3ef51d8615.png
c4915de8-c352-471b-9487-7fcd0c0888c3,265 - 236 / PRIMERA EDICION,IDUNN,3.0,1,,,,LEYENDAS PRIMERA ERA 2.0,0,0,0,https://pub-77824f6d0d4542d282fa48605bce7479.r2.dev/cards/MYL/PRIMERA%20ERA/c4915de8-c352-471b-9487-7fcd0c0888c3.png
3d0710b1-d222-4400-87d4-99d53d24cc59,70 - 126 / PRIMERA EDICION,IGOR,3.0,2,,,,COLECCION: MUNDO GOTICO,0,0,0,https://pub-77824f6d0d4542d282fa48605bce7479.r2.dev/cards/MYL/PRIMERA%20ERA/3d0710b1-d222-4400-87d4-99d53d24cc59.png
830ecaa2-6cdf-4f9c-a913-609c8ec74ee3,70 - 170 / PRIMERA EDICION,IGOR,3.0,3,,,,COLECCION: COFRADIA,0,0,0,https://pub-77824f6d0d4542d282fa48605bce7479.r2.dev/cards/MYL/PRIMERA%20ERA/830ecaa2-6cdf-4f9c-a913-609c8ec74ee3.png
821c87bd-592f-4063-b65d-437e0f8a01e3,4 - 236 / PRIMERA EDICION,IHA NAGA,3.0,3,,,,COLECCION: ESPIRITU DEL DRAGON,0,0,0,https://pub-77824f6d0d4542d282fa48605bce7479.r2.dev/cards/MYL/PRIMERA%20ERA/821c87bd-592f-4063-b65d-437e0f8a01e3.png
2086dfa2-6e43-42f1-a644-227ac3397078,130 - 236 / PRIMERA EDICION,INARI,3.0,3,,,,LEYENDAS PRIMERA ERA 2.0,0,0,0,https://pub-77824f6d0d4542d282fa48605bce7479.r2.dev/cards/MYL/PRIMERA%20ERA/2086dfa2-6e43-42f1-a644-227ac3397078.png
f4b42bde-89b1-4441-ab05-faf254931b45,206 - 236 / PRIMERA EDICION,INARI,3.0,3,,,,LEYENDAS PRIMERA ERA 1.0,0,0,0,https://pub-77824f6d0d4542d282fa48605bce7479.r2.dev/cards/MYL/PRIMERA%20ERA/f4b42bde-89b1-4441-ab05-faf254931b45.png
3faa4a5d-52c4-477d-af8a-538981032126,90 - 236 / PRIMERA EDICION,INCA YUPANQUI,1.0,1,,,,LEYENDAS PRIMERA ERA 1.0,0,0,0,https://pub-77824f6d0d4542d282fa48605bce7479.r2.dev/cards/MYL/PRIMERA%20ERA/3faa4a5d-52c4-477d-af8a-538981032126.png
e5dca6b7-c041-445d-b65a-221aef2cce84,111 - 236 / PRIMERA EDICION,INCA YUPANQUI,1.0,1,,,,LEYENDAS PRIMERA ERA 2.0,0,0,0,https://pub-77824f6d0d4542d282fa48605bce7479.r2.dev/cards/MYL/PRIMERA%20ERA/e5dca6b7-c041-445d-b65a-221aef2cce84.png
4559400f-90a9-4c04-92a2-c3d2642e6c1c,43 - 236 / PRIMERA EDICION,INCUBO,2.0,0,,,,LEYENDAS PRIMERA ERA 1.0,0,0,0,https://pub-77824f6d0d4542d282fa48605bce7479.r2.dev/cards/MYL/PRIMERA%20ERA/4559400f-90a9-4c04-92a2-c3d2642e6c1c.png
6d28f4a4-efa3-4571-8aa0-35343af5724d,242 - 236 / PRIMERA EDICION,INCUBO,2.0,0,,,,LEYENDAS PRIMERA ERA 2.0,0,0,0,https://pub-77824f6d0d4542d282fa48605bce7479.r2.dev/cards/MYL/PRIMERA%20ERA/6d28f4a4-efa3-4571-8aa0-35343af5724d.png
0f254f88-c960-46f5-8de1-510ec9633e8b,127 - 170 / PRIMERA EDICION,INCUBO,2.0,0,,,,COLECCION: COFRADIA,0,0,0,https://pub-77824f6d0d4542d282fa48605bce7479.r2.dev/cards/MYL/PRIMERA%20ERA/0f254f88-c960-46f5-8de1-510ec9633e8b.png
ebee3af4-a92d-4090-8d19-d9c1036b1f97,131 - 126 / PRIMERA EDICION,INDRA,2.0,0,,,,COLECCION: EL RETO,0,0,0,https://pub-77824f6d0d4542d282fa48605bce7479.r2.dev/cards/MYL/PRIMERA%20ERA/ebee3af4-a92d-4090-8d19-d9c1036b1f97.png
db5ae476-9591-4070-bae0-284b1c466bc8,32 - 236 / PRIMERA EDICION,INDRA,2.0,0,,,,LEYENDAS PRIMERA ERA 1.0,0,0,0,https://pub-77824f6d0d4542d282fa48605bce7479.r2.dev/cards/MYL/PRIMERA%20ERA/db5ae476-9591-4070-bae0-284b1c466bc8.png
9b6822b6-76b5-40be-b6ae-3a4e867121ff,023 - 126 / PRIMERA ERA,INICIACION GUERRERA,2.0,0,,,,COLECCION: LA IRA DEL NAHUAL,0,0,0,https://pub-77824f6d0d4542d282fa48605bce7479.r2.dev/cards/MYL/PRIMERA%20ERA/9b6822b6-76b5-40be-b6ae-3a4e867121ff.png
b425c8e4-1104-472a-b8bc-ad8bf426acb3,71 - 170 / PRIMERA EDICION,INTI,3.0,3,,,,COLECCION: COFRADIA,0,0,0,https://pub-77824f6d0d4542d282fa48605bce7479.r2.dev/cards/MYL/PRIMERA%20ERA/b425c8e4-1104-472a-b8bc-ad8bf426acb3.png
bd729300-c6f9-48f7-a3ce-9c3952712f2b,LPE23 306/300,INTI,3.0,3,,,,LEYENDAS PRIMERA ERA 3.0,0,0,0,https://pub-77824f6d0d4542d282fa48605bce7479.r2.dev/cards/MYL/PRIMERA%20ERA/bd729300-c6f9-48f7-a3ce-9c3952712f2b.png
f1084571-a630-4d08-9a7f-574792ece0b7,95 - 236 / PRIMERA EDICION,INTI,3.0,3,,,,LEYENDAS PRIMERA ERA 1.0,0,0,0,https://pub-77824f6d0d4542d282fa48605bce7479.r2.dev/cards/MYL/PRIMERA%20ERA/f1084571-a630-4d08-9a7f-574792ece0b7.png
b795bf5e-3e25-4106-953d-5935004b1513,68 - 236 / PRIMERA EDICION,IRA DEL NAHUAL,4.0,0,,,,LEYENDAS PRIMERA ERA 1.0,0,0,0,https://pub-77824f6d0d4542d282fa48605bce7479.r2.dev/cards/MYL/PRIMERA%20ERA/b795bf5e-3e25-4106-953d-5935004b1513.png
5e83eeeb-a475-4cd8-990b-a00ea470e451,88 - 126 / PRIMERA EDICION,ISIS,1.0,1,,,,COLECCION: EL RETO,0,0,0,https://pub-77824f6d0d4542d282fa48605bce7479.r2.dev/cards/MYL/PRIMERA%20ERA/5e83eeeb-a475-4cd8-990b-a00ea470e451.png
098f6c52-1e72-48ab-9b67-ab56f6780ab5,85 - 126 / PRIMERA EDICION,ISSLER,3.0,1,,,,COLECCION: MUNDO GOTICO,0,0,0,https://pub-77824f6d0d4542d282fa48605bce7479.r2.dev/cards/MYL/PRIMERA%20ERA/098f6c52-1e72-48ab-9b67-ab56f6780ab5.png
94a4cec4-8078-438d-af40-d36537d28898,132 - 126 / PRIMERA EDICION,ISTHAR,3.0,4,,,,COLECCION: EL RETO,0,0,0,https://pub-77824f6d0d4542d282fa48605bce7479.r2.dev/cards/MYL/PRIMERA%20ERA/94a4cec4-8078-438d-af40-d36537d28898.png
c854f3f0-fd28-4bab-ba32-414891fba7a4,127 - 236 / PRIMERA EDICION,ISUN BOSHI,2.0,1,,,,COLECCION: ESPIRITU DEL DRAGON,0,0,0,https://pub-77824f6d0d4542d282fa48605bce7479.r2.dev/cards/MYL/PRIMERA%20ERA/c854f3f0-fd28-4bab-ba32-414891fba7a4.png
bc9b3ac1-4d92-4a1d-b9d5-886a11954b7d,64 - 236 / PRIMERA EDICION,ITAZZY,2.0,0,,,,LEYENDAS PRIMERA ERA 1.0,0,0,0,https://pub-77824f6d0d4542d282fa48605bce7479.r2.dev/cards/MYL/PRIMERA%20ERA/bc9b3ac1-4d92-4a1d-b9d5-886a11954b7d.png
1a72971a-b8e8-4ab2-be2e-6196eba4607a,171 - 236 / PRIMERA EDICION,ITAZZY,2.0,0,,,,LEYENDAS PRIMERA ERA 2.0,0,0,0,https://pub-77824f6d0d4542d282fa48605bce7479.r2.dev/cards/MYL/PRIMERA%20ERA/1a72971a-b8e8-4ab2-be2e-6196eba4607a.png
9d209a80-e1ff-4723-89cf-5bd00403c2f4,154 - 126 / PRIMERA EDICION,ITAZZY,2.0,0,,,,COLECCION: MUNDO GOTICO,0,0,0,https://pub-77824f6d0d4542d282fa48605bce7479.r2.dev/cards/MYL/PRIMERA%20ERA/9d209a80-e1ff-4723-89cf-5bd00403c2f4.png
cd5af52d-5972-4b2d-b30d-bbd4d19ff2e1,057 - 126 / PRIMERA ERA,ITZAM NA,3.0,2,,,,COLECCION: LA IRA DEL NAHUAL,0,0,0,https://pub-77824f6d0d4542d282fa48605bce7479.r2.dev/cards/MYL/PRIMERA%20ERA/cd5af52d-5972-4b2d-b30d-bbd4d19ff2e1.png
70a7a23b-b2f3-4010-9135-aa847eea6d91,174 - 236 / PRIMERA EDICION,IX CHEBEL YAX,2.0,0,,,,LEYENDAS PRIMERA ERA 2.0,0,0,0,https://pub-77824f6d0d4542d282fa48605bce7479.r2.dev/cards/MYL/PRIMERA%20ERA/70a7a23b-b2f3-4010-9135-aa847eea6d91.png
7fd96ed3-9b40-4308-ab45-8410db0ddaf1,69 - 236 / PRIMERA EDICION,IX CHEBEL YAX,2.0,0,,,,LEYENDAS PRIMERA ERA 1.0,0,0,0,https://pub-77824f6d0d4542d282fa48605bce7479.r2.dev/cards/MYL/PRIMERA%20ERA/7fd96ed3-9b40-4308-ab45-8410db0ddaf1.png
bc3d2797-9dcd-48c9-b9c8-a7db0d196b93,014 - 126 / PRIMERA ERA,IX CHEL,3.0,0,,,,COLECCION: LA IRA DEL NAHUAL,0,0,0,https://pub-77824f6d0d4542d282fa48605bce7479.r2.dev/cards/MYL/PRIMERA%20ERA/bc3d2797-9dcd-48c9-b9c8-a7db0d196b93.png
66ed8de3-eb4c-4ce5-a428-3e097efc3d65,278 - 236 / PRIMERA EDICION,IZANAGI,2.0,2,,,,LEYENDAS PRIMERA ERA 2.0,0,0,0,https://pub-77824f6d0d4542d282fa48605bce7479.r2.dev/cards/MYL/PRIMERA%20ERA/66ed8de3-eb4c-4ce5-a428-3e097efc3d65.png
ffa040ad-fc2d-48ba-8a51-f4fdb327f097,86 - 236 / PRIMERA EDICION,IZANAMI,3.0,4,,,,LEYENDAS PRIMERA ERA 2.0,0,0,0,https://pub-77824f6d0d4542d282fa48605bce7479.r2.dev/cards/MYL/PRIMERA%20ERA/ffa040ad-fc2d-48ba-8a51-f4fdb327f097.png
992df16d-a4ff-459a-a057-d65b0b2239de,LPE4 241/320,JANAQUEO,3.0,3,,,,LEYENDAS PE 4.0,0,0,0,https://pub-77824f6d0d4542d282fa48605bce7479.r2.dev/cards/MYL/PRIMERA%20ERA/992df16d-a4ff-459a-a057-d65b0b2239de.png
f3183ae0-8ee2-4ed3-bac3-eedcbb718187,222 - 236 / PRIMERA EDICION,JAURIA,4.0,3,,,,LEYENDAS PRIMERA ERA 2.0,0,0,0,https://pub-77824f6d0d4542d282fa48605bce7479.r2.dev/cards/MYL/PRIMERA%20ERA/f3183ae0-8ee2-4ed3-bac3-eedcbb718187.png
074e6c51-ebcf-47be-9226-24e44257127c,91 - 236 / PRIMERA EDICION,JIMMU TENNO,1.0,1,,,,COLECCION: ESPIRITU DEL DRAGON,0,0,0,https://pub-77824f6d0d4542d282fa48605bce7479.r2.dev/cards/MYL/PRIMERA%20ERA/074e6c51-ebcf-47be-9226-24e44257127c.png
7b6d7e02-e265-441b-bc38-9b9247554ba5,155 - 126 / PRIMERA EDICION,JINETE DE DRAGON,5.0,5,,,,COLECCION: MUNDO GOTICO,0,0,0,https://pub-77824f6d0d4542d282fa48605bce7479.r2.dev/cards/MYL/PRIMERA%20ERA/7b6d7e02-e265-441b-bc38-9b9247554ba5.png
86df6600-90db-4c13-8938-ac9eb3a5368c,155 - 126 / PRIMERA EDICION,JINETE DE DRAGON,5.0,5,,,,COLECCION: MUNDO GOTICO,0,0,0,https://pub-77824f6d0d4542d282fa48605bce7479.r2.dev/cards/MYL/PRIMERA%20ERA/86df6600-90db-4c13-8938-ac9eb3a5368c.png
cf994e2e-e4f0-49e6-9ae9-5ca985d2f5f9,069 - 126 / PRIMERA ERA,JOON,3.0,2,,,,COLECCION: LA IRA DEL NAHUAL,0,0,0,https://pub-77824f6d0d4542d282fa48605bce7479.r2.dev/cards/MYL/PRIMERA%20ERA/cf994e2e-e4f0-49e6-9ae9-5ca985d2f5f9.png
6c1bd4c4-deab-43ae-b530-fce195b81c64,33 - 126 / PRIMERA EDICION,JOYAS DE LA CORONA,,0,,,,COLECCION: EL RETO,0,0,0,https://pub-77824f6d0d4542d282fa48605bce7479.r2.dev/cards/MYL/PRIMERA%20ERA/6c1bd4c4-deab-43ae-b530-fce195b81c64.png
8e14e5e9-6b5b-451c-865e-7a8e1a252dcf,153 - 126 / PRIMERA EDICION,JUDY,1.0,2,,,,COLECCION: MUNDO GOTICO,0,0,0,https://pub-77824f6d0d4542d282fa48605bce7479.r2.dev/cards/MYL/PRIMERA%20ERA/8e14e5e9-6b5b-451c-865e-7a8e1a252dcf.png
09c20890-03f3-4d78-978c-8627e4a2192e,246 - 236 / PRIMERA EDICION,JUEGO ETERNO,2.0,0,,,,LEYENDAS PRIMERA ERA 2.0,0,0,0,https://pub-77824f6d0d4542d282fa48605bce7479.r2.dev/cards/MYL/PRIMERA%20ERA/09c20890-03f3-4d78-978c-8627e4a2192e.png
6790af93-d105-42e2-8407-185e2dc9c0d4,130 - 236 / PRIMERA EDICION,JUJITSU,2.0,0,,,,COLECCION: ESPIRITU DEL DRAGON,0,0,0,https://pub-77824f6d0d4542d282fa48605bce7479.r2.dev/cards/MYL/PRIMERA%20ERA/6790af93-d105-42e2-8407-185e2dc9c0d4.png
93e31f1d-e2e0-4fe7-ba34-87cf747d6ddb,6 - 236 / PRIMERA EDICION,JUROJIN,3.0,2,,,,COLECCION: ESPIRITU DEL DRAGON,0,0,0,https://pub-77824f6d0d4542d282fa48605bce7479.r2.dev/cards/MYL/PRIMERA%20ERA/93e31f1d-e2e0-4fe7-ba34-87cf747d6ddb.png
ff4741a6-4733-46bf-a8b0-00bbb87e8cf1,23 - 126 / PRIMERA EDICION,JUSTOS POR PECADORES,2.0,0,,,,COLECCION: MUNDO GOTICO,0,0,0,https://pub-77824f6d0d4542d282fa48605bce7479.r2.dev/cards/MYL/PRIMERA%20ERA/ff4741a6-4733-46bf-a8b0-00bbb87e8cf1.png
6926b874-bd34-466e-9ff9-858fa87c5293,27 - 170 / PRIMERA EDICION,JUSTOS POR PECADORES,4.0,0,,,,COLECCION: COFRADIA,0,0,0,https://pub-77824f6d0d4542d282fa48605bce7479.r2.dev/cards/MYL/PRIMERA%20ERA/6926b874-bd34-466e-9ff9-858fa87c5293.png
47627dfd-e320-4d9a-85cc-027198fb38aa,202 - 236 / PRIMERA EDICION,KABUTO,3.0,0,,,,COLECCION: ESPIRITU DEL DRAGON,0,0,0,https://pub-77824f6d0d4542d282fa48605bce7479.r2.dev/cards/MYL/PRIMERA%20ERA/47627dfd-e320-4d9a-85cc-027198fb38aa.png
14fd6643-cd1b-4505-af51-abc0e674c64a,143 - 236 / PRIMERA EDICION,KAGE ARUKI JUTSU,3.0,0,,,,COLECCION: ESPIRITU DEL DRAGON,0,0,0,https://pub-77824f6d0d4542d282fa48605bce7479.r2.dev/cards/MYL/PRIMERA%20ERA/14fd6643-cd1b-4505-af51-abc0e674c64a.png
a517dd57-11d8-465d-8cea-67f7ae004880,143 - 236 / PRIMERA EDICION,KAGE ARUKI JUTSU,3.0,0,,,,COLECCION: ESPIRITU DEL DRAGON,0,0,0,https://pub-77824f6d0d4542d282fa48605bce7479.r2.dev/cards/MYL/PRIMERA%20ERA/a517dd57-11d8-465d-8cea-67f7ae004880.png
950d7c1f-f91d-473a-9c01-3e68b97e3006,97 - 236 / PRIMERA EDICION,KAGE BUN SHIN NO JUTSU,2.0,0,,,,LEYENDAS PRIMERA ERA 2.0,0,0,0,https://pub-77824f6d0d4542d282fa48605bce7479.r2.dev/cards/MYL/PRIMERA%20ERA/950d7c1f-f91d-473a-9c01-3e68b97e3006.png
17cca5ce-2e75-4659-8836-e3724472a284,256 - 236 / PRIMERA EDICION,KAGE BUN SHIN NO JUTSU,2.0,0,,,,LEYENDAS PRIMERA ERA 1.0,0,0,0,https://pub-77824f6d0d4542d282fa48605bce7479.r2.dev/cards/MYL/PRIMERA%20ERA/17cca5ce-2e75-4659-8836-e3724472a284.png
1ee59065-4520-4f64-94cc-b1deb07451e0,169 - 236 / PRIMERA EDICION,KAGE GAKURE JUTSU,4.0,0,,,,COLECCION: ESPIRITU DEL DRAGON,0,0,0,https://pub-77824f6d0d4542d282fa48605bce7479.r2.dev/cards/MYL/PRIMERA%20ERA/1ee59065-4520-4f64-94cc-b1deb07451e0.png
ebc82fa0-4a78-426f-a21d-da42f6db4d10,150 - 236 / PRIMERA EDICION,KAGE GAKURE JUTSU,4.0,0,,,,LEYENDAS PRIMERA ERA 2.0,0,0,0,https://pub-77824f6d0d4542d282fa48605bce7479.r2.dev/cards/MYL/PRIMERA%20ERA/ebc82fa0-4a78-426f-a21d-da42f6db4d10.png
518a4129-c892-49ad-8c56-835dcbea96fc,262 - 236 / PRIMERA EDICION,KAGE GAKURE JUTSU,4.0,0,,,,LEYENDAS PRIMERA ERA 1.0,0,0,0,https://pub-77824f6d0d4542d282fa48605bce7479.r2.dev/cards/MYL/PRIMERA%20ERA/518a4129-c892-49ad-8c56-835dcbea96fc.png
67c08c62-57bd-45d7-a5b5-3dd095b1e8b3,210 - 236 / PRIMERA EDICION,KAGUTSUCHI,2.0,4,,,,LEYENDAS PRIMERA ERA 1.0,0,0,0,https://pub-77824f6d0d4542d282fa48605bce7479.r2.dev/cards/MYL/PRIMERA%20ERA/67c08c62-57bd-45d7-a5b5-3dd095b1e8b3.png
a72e8459-be90-4561-8f1b-93be02957399,87 - 236 / PRIMERA EDICION,KAGUTSUCHI,2.0,4,,,,LEYENDAS PRIMERA ERA 2.0,0,0,0,https://pub-77824f6d0d4542d282fa48605bce7479.r2.dev/cards/MYL/PRIMERA%20ERA/a72e8459-be90-4561-8f1b-93be02957399.png
0a80bb84-5817-41a5-98fa-8ef358fb255a,48 - 236 / PRIMERA EDICION,KAIN,4.0,4,,,,LEYENDAS PRIMERA ERA 2.0,0,0,0,https://pub-77824f6d0d4542d282fa48605bce7479.r2.dev/cards/MYL/PRIMERA%20ERA/0a80bb84-5817-41a5-98fa-8ef358fb255a.png
43e04a2c-52f4-4292-ab7d-a7af70a235f8,48 - 236 / PRIMERA EDICION,KAIN,4.0,4,,,,LEYENDAS PRIMERA ERA 1.0,0,0,0,https://pub-77824f6d0d4542d282fa48605bce7479.r2.dev/cards/MYL/PRIMERA%20ERA/43e04a2c-52f4-4292-ab7d-a7af70a235f8.png
43e33713-c985-45a3-a2ab-32483f44dac4,72 - 170 / PRIMERA EDICION,KAK NA,4.0,0,,,,COLECCION: COFRADIA,0,0,0,https://pub-77824f6d0d4542d282fa48605bce7479.r2.dev/cards/MYL/PRIMERA%20ERA/43e33713-c985-45a3-a2ab-32483f44dac4.png
5ada4acc-419f-4c2a-8f55-689964c1b5e8,72 - 170 / PRIMERA EDICION,KAK NA,4.0,0,,,,COLECCION: COFRADIA,0,0,0,https://pub-77824f6d0d4542d282fa48605bce7479.r2.dev/cards/MYL/PRIMERA%20ERA/5ada4acc-419f-4c2a-8f55-689964c1b5e8.png
df43cac2-9ed8-4dd5-bb82-e170df3dee9d,70 - 126 / PRIMERA EDICION,KALI,3.0,1,,,,COLECCION: EL RETO,0,0,0,https://pub-77824f6d0d4542d282fa48605bce7479.r2.dev/cards/MYL/PRIMERA%20ERA/df43cac2-9ed8-4dd5-bb82-e170df3dee9d.png
ee989eae-c0e9-4ce0-97be-c17d8866cd83,184 - 236 / PRIMERA EDICION,KAMASAMA NO JUTSU,4.0,0,,,,COLECCION: ESPIRITU DEL DRAGON,0,0,0,https://pub-77824f6d0d4542d282fa48605bce7479.r2.dev/cards/MYL/PRIMERA%20ERA/ee989eae-c0e9-4ce0-97be-c17d8866cd83.png
8196b618-7c98-4174-9426-83d0cd68f4b9,195 - 236 / PRIMERA EDICION,KAN,4.0,0,,,,COLECCION: ESPIRITU DEL DRAGON,0,0,0,https://pub-77824f6d0d4542d282fa48605bce7479.r2.dev/cards/MYL/PRIMERA%20ERA/8196b618-7c98-4174-9426-83d0cd68f4b9.png
eb3a137d-3069-4700-ae18-343f71f36177,LPE4 259/320,KAPPA,2.0,2,,,,LEYENDAS PE 4.0,0,0,0,https://pub-77824f6d0d4542d282fa48605bce7479.r2.dev/cards/MYL/PRIMERA%20ERA/eb3a137d-3069-4700-ae18-343f71f36177.png
68cd3e28-846f-455b-a0d2-7024b347d0b9,085 - 126 / PRIMERA ERA,KARIB,3.0,3,,,,COLECCION: LA IRA DEL NAHUAL,0,0,0,https://pub-77824f6d0d4542d282fa48605bce7479.r2.dev/cards/MYL/PRIMERA%20ERA/68cd3e28-846f-455b-a0d2-7024b347d0b9.png
637355d1-7353-49da-b4e1-5ad0c9b7ac32,128 - 170 / PRIMERA EDICION,KARIB,4.0,3,,,,COLECCION: COFRADIA,0,0,0,https://pub-77824f6d0d4542d282fa48605bce7479.r2.dev/cards/MYL/PRIMERA%20ERA/637355d1-7353-49da-b4e1-5ad0c9b7ac32.png
d1b24f2b-5d14-4356-a747-a9df89ef355d,108 - 126 / PRIMERA EDICION,KARL,3.0,2,,,,COLECCION: MUNDO GOTICO,0,0,0,https://pub-77824f6d0d4542d282fa48605bce7479.r2.dev/cards/MYL/PRIMERA%20ERA/d1b24f2b-5d14-4356-a747-a9df89ef355d.png
dbcc8629-3cb0-4c0b-8d5d-7d6440a2043f,129 - 170 / PRIMERA EDICION,KARL,3.0,2,,,,COLECCION: COFRADIA,0,0,0,https://pub-77824f6d0d4542d282fa48605bce7479.r2.dev/cards/MYL/PRIMERA%20ERA/dbcc8629-3cb0-4c0b-8d5d-7d6440a2043f.png
87b9239e-fc88-4dc3-9e17-029262979124,138 - 126 / PRIMERA EDICION,KASEWATS,2.0,2,,,,COLECCION: EL RETO,0,0,0,https://pub-77824f6d0d4542d282fa48605bce7479.r2.dev/cards/MYL/PRIMERA%20ERA/87b9239e-fc88-4dc3-9e17-029262979124.png
9bb69529-e891-4380-bee0-55f1fe2367aa,72 - 126 / PRIMERA EDICION,KASIM,2.0,1,,,,COLECCION: MUNDO GOTICO,0,0,0,https://pub-77824f6d0d4542d282fa48605bce7479.r2.dev/cards/MYL/PRIMERA%20ERA/9bb69529-e891-4380-bee0-55f1fe2367aa.png
ceba9ba3-54d0-41e4-9404-237830ae4035,28 - 170 / PRIMERA EDICION,KASIM,2.0,1,,,,COLECCION: COFRADIA,0,0,0,https://pub-77824f6d0d4542d282fa48605bce7479.r2.dev/cards/MYL/PRIMERA%20ERA/ceba9ba3-54d0-41e4-9404-237830ae4035.png
5474c084-7bb0-458a-ad03-40d7c6fb1518,100 - 236 / PRIMERA EDICION,KATANA,3.0,0,,,,LEYENDAS PRIMERA ERA 2.0,0,0,0,https://pub-77824f6d0d4542d282fa48605bce7479.r2.dev/cards/MYL/PRIMERA%20ERA/5474c084-7bb0-458a-ad03-40d7c6fb1518.png
342a09aa-773d-4fe1-9372-052baa0826da,275 - 236 / PRIMERA EDICION,KATANA,3.0,0,,,,LEYENDAS PRIMERA ERA 1.0,0,0,0,https://pub-77824f6d0d4542d282fa48605bce7479.r2.dev/cards/MYL/PRIMERA%20ERA/342a09aa-773d-4fe1-9372-052baa0826da.png
727c6436-415a-4be5-82ae-ebaafe46dde7,135 - 236 / PRIMERA EDICION,KAWARIMI,3.0,0,,,,COLECCION: ESPIRITU DEL DRAGON,0,0,0,https://pub-77824f6d0d4542d282fa48605bce7479.r2.dev/cards/MYL/PRIMERA%20ERA/727c6436-415a-4be5-82ae-ebaafe46dde7.png
c3f0e808-1089-4e64-8ea5-391c4848c952,213 - 236 / PRIMERA EDICION,KAYAKUJUTSU,3.0,0,,,,LEYENDAS PRIMERA ERA 2.0,0,0,0,https://pub-77824f6d0d4542d282fa48605bce7479.r2.dev/cards/MYL/PRIMERA%20ERA/c3f0e808-1089-4e64-8ea5-391c4848c952.png
ffdd43fe-7fbb-4abf-a674-d203307b7690,247 - 236 / PRIMERA EDICION,KAYAKUJUTSU,3.0,0,,,,LEYENDAS PRIMERA ERA 1.0,0,0,0,https://pub-77824f6d0d4542d282fa48605bce7479.r2.dev/cards/MYL/PRIMERA%20ERA/ffdd43fe-7fbb-4abf-a674-d203307b7690.png
f582f941-16b0-4a96-aa1d-ef441072d7ab,29 - 170 / PRIMERA EDICION,KEL-ESSUF,2.0,2,,,,COLECCION: COFRADIA,0,0,0,https://pub-77824f6d0d4542d282fa48605bce7479.r2.dev/cards/MYL/PRIMERA%20ERA/f582f941-16b0-4a96-aa1d-ef441072d7ab.png
02c32988-88e2-43ea-9ac2-598159d6ce46,227 - 236 / PRIMERA EDICION,KEL-ESSUF,2.0,2,,,,LEYENDAS PRIMERA ERA 2.0,0,0,0,https://pub-77824f6d0d4542d282fa48605bce7479.r2.dev/cards/MYL/PRIMERA%20ERA/02c32988-88e2-43ea-9ac2-598159d6ce46.png
1ca275a5-1330-4356-8171-1b4652117106,149 - 126 / PRIMERA EDICION,KELPIE,1.0,0,,,,COLECCION: EL RETO,0,0,0,https://pub-77824f6d0d4542d282fa48605bce7479.r2.dev/cards/MYL/PRIMERA%20ERA/1ca275a5-1330-4356-8171-1b4652117106.png
696a9448-05de-43f6-b407-4c5a28495ccc,125 - 236 / PRIMERA EDICION,KEMSA,2.0,1,,,,LEYENDAS PRIMERA ERA 2.0,0,0,0,https://pub-77824f6d0d4542d282fa48605bce7479.r2.dev/cards/MYL/PRIMERA%20ERA/696a9448-05de-43f6-b407-4c5a28495ccc.png
e14086b4-0af1-4ea1-9ddd-8712e43840c7,107 - 126 / PRIMERA EDICION,KEMSA,2.0,1,,,,COLECCION: MUNDO GOTICO,0,0,0,https://pub-77824f6d0d4542d282fa48605bce7479.r2.dev/cards/MYL/PRIMERA%20ERA/e14086b4-0af1-4ea1-9ddd-8712e43840c7.png
a5d9b91c-837f-4654-a8b6-c4a0a2085119,178 - 236 / PRIMERA EDICION,KEMSA,2.0,1,,,,LEYENDAS PRIMERA ERA 1.0,0,0,0,https://pub-77824f6d0d4542d282fa48605bce7479.r2.dev/cards/MYL/PRIMERA%20ERA/a5d9b91c-837f-4654-a8b6-c4a0a2085119.png
6e3101a9-5ae2-4d31-b39f-1e5a3aba8454,198 - 236 / PRIMERA EDICION,KEN,3.0,0,,,,COLECCION: ESPIRITU DEL DRAGON,0,0,0,https://pub-77824f6d0d4542d282fa48605bce7479.r2.dev/cards/MYL/PRIMERA%20ERA/6e3101a9-5ae2-4d31-b39f-1e5a3aba8454.png
f52eb21d-f26b-4b00-ae67-c8e2d15a91a9,268 - 236 / PRIMERA EDICION,KEN,3.0,0,,,,LEYENDAS PRIMERA ERA 1.0,0,0,0,https://pub-77824f6d0d4542d282fa48605bce7479.r2.dev/cards/MYL/PRIMERA%20ERA/f52eb21d-f26b-4b00-ae67-c8e2d15a91a9.png
c3fcb536-6422-49d7-9417-4932d514f026,24 - 236 / PRIMERA EDICION,KEN NAGE,6.0,0,,,,LEYENDAS PRIMERA ERA 2.0,0,0,0,https://pub-77824f6d0d4542d282fa48605bce7479.r2.dev/cards/MYL/PRIMERA%20ERA/c3fcb536-6422-49d7-9417-4932d514f026.png
715242ea-b9dd-42fa-b957-39ccdf19a780,258 - 236 / PRIMERA EDICION,KEN NAGE,6.0,0,,,,LEYENDAS PRIMERA ERA 1.0,0,0,0,https://pub-77824f6d0d4542d282fa48605bce7479.r2.dev/cards/MYL/PRIMERA%20ERA/715242ea-b9dd-42fa-b957-39ccdf19a780.png
551402c7-e3bf-47f5-b9fa-3b71c0a41dbf,148 - 236 / PRIMERA EDICION,KENDO,2.0,0,,,,COLECCION: ESPIRITU DEL DRAGON,0,0,0,https://pub-77824f6d0d4542d282fa48605bce7479.r2.dev/cards/MYL/PRIMERA%20ERA/551402c7-e3bf-47f5-b9fa-3b71c0a41dbf.png
eb07e1e5-3dbb-45a8-9302-e37c94a90939,93 - 236 / PRIMERA EDICION,KENOS,1.0,1,,,,LEYENDAS PRIMERA ERA 1.0,0,0,0,https://pub-77824f6d0d4542d282fa48605bce7479.r2.dev/cards/MYL/PRIMERA%20ERA/eb07e1e5-3dbb-45a8-9302-e37c94a90939.png
55fef3a9-2906-4c04-81b4-58e1a6adf8f2,255 - 236 / PRIMERA EDICION,KENOS,1.0,1,,,,LEYENDAS PRIMERA ERA 2.0,0,0,0,https://pub-77824f6d0d4542d282fa48605bce7479.r2.dev/cards/MYL/PRIMERA%20ERA/55fef3a9-2906-4c04-81b4-58e1a6adf8f2.png
3bae3f40-2bed-4162-ad77-07e08a8a1ad5,49 - 236 / PRIMERA EDICION,KHAN,2.0,1,,,,LEYENDAS PRIMERA ERA 2.0,0,0,0,https://pub-77824f6d0d4542d282fa48605bce7479.r2.dev/cards/MYL/PRIMERA%20ERA/3bae3f40-2bed-4162-ad77-07e08a8a1ad5.png
02238d5a-620a-46b5-b57e-6729b0becd95,51 - 236 / PRIMERA EDICION,KHAN,2.0,1,,,,LEYENDAS PRIMERA ERA 1.0,0,0,0,https://pub-77824f6d0d4542d282fa48605bce7479.r2.dev/cards/MYL/PRIMERA%20ERA/02238d5a-620a-46b5-b57e-6729b0becd95.png
227fae28-df59-4f72-b62a-661b469b1ada,130 - 170 / PRIMERA EDICION,KHNUM,3.0,3,,,,COLECCION: COFRADIA,0,0,0,https://pub-77824f6d0d4542d282fa48605bce7479.r2.dev/cards/MYL/PRIMERA%20ERA/227fae28-df59-4f72-b62a-661b469b1ada.png
cd033911-a62e-4124-84cc-d71f70e8ee2c,194 - 236 / PRIMERA EDICION,KHNUM,3.0,2,,,,LEYENDAS PRIMERA ERA 1.0,0,0,0,https://pub-77824f6d0d4542d282fa48605bce7479.r2.dev/cards/MYL/PRIMERA%20ERA/cd033911-a62e-4124-84cc-d71f70e8ee2c.png
083dc7f9-6be4-47db-918b-3223d7e8f7ca,44 - 126 / PRIMERA EDICION,KHNUM,3.0,2,,,,COLECCION: EL RETO,0,0,0,https://pub-77824f6d0d4542d282fa48605bce7479.r2.dev/cards/MYL/PRIMERA%20ERA/083dc7f9-6be4-47db-918b-3223d7e8f7ca.png
d44dd702-c4ec-4cf7-812b-af2c116d7f2f,145 - 236 / PRIMERA EDICION,KIBIDANGO,3.0,0,,,,COLECCION: ESPIRITU DEL DRAGON,0,0,0,https://pub-77824f6d0d4542d282fa48605bce7479.r2.dev/cards/MYL/PRIMERA%20ERA/d44dd702-c4ec-4cf7-812b-af2c116d7f2f.png
651490ab-aa39-4694-931e-db426d205a2f,229 - 236 / PRIMERA EDICION,KIKU,,0,,,,COLECCION: ESPIRITU DEL DRAGON,0,0,0,https://pub-77824f6d0d4542d282fa48605bce7479.r2.dev/cards/MYL/PRIMERA%20ERA/651490ab-aa39-4694-931e-db426d205a2f.png
8232f342-1b62-4148-856f-7e506449deae,121 - 236 / PRIMERA EDICION,KILIN,2.0,1,,,,COLECCION: ESPIRITU DEL DRAGON,0,0,0,https://pub-77824f6d0d4542d282fa48605bce7479.r2.dev/cards/MYL/PRIMERA%20ERA/8232f342-1b62-4148-856f-7e506449deae.png
acee1ac2-73e2-4f1f-a7b3-61dec347807c,179 - 236 / PRIMERA EDICION,KILLA,4.0,4,,,,LEYENDAS PRIMERA ERA 1.0,0,0,0,https://pub-77824f6d0d4542d282fa48605bce7479.r2.dev/cards/MYL/PRIMERA%20ERA/acee1ac2-73e2-4f1f-a7b3-61dec347807c.png
bbdae3ab-60e6-419a-97fd-2891aae6e8c3,110 - 236 / PRIMERA EDICION,KILLA,4.0,4,,,,LEYENDAS PRIMERA ERA 2.0,0,0,0,https://pub-77824f6d0d4542d282fa48605bce7479.r2.dev/cards/MYL/PRIMERA%20ERA/bbdae3ab-60e6-419a-97fd-2891aae6e8c3.png
d931c864-a373-427d-bc11-8aea7cb1c883,098 - 126 / PRIMERA ERA,KILLA,4.0,4,,,,COLECCION: LA IRA DEL NAHUAL,0,0,0,https://pub-77824f6d0d4542d282fa48605bce7479.r2.dev/cards/MYL/PRIMERA%20ERA/d931c864-a373-427d-bc11-8aea7cb1c883.png
278751f8-092b-442c-ac66-f09d697b7f79,243 - 236 / PRIMERA EDICION,KITSUNE,3.0,4,,,,LEYENDAS PRIMERA ERA 1.0,0,0,0,https://pub-77824f6d0d4542d282fa48605bce7479.r2.dev/cards/MYL/PRIMERA%20ERA/278751f8-092b-442c-ac66-f09d697b7f79.png
98637c72-5e93-4a91-a947-6c27f6880f13,144 - 236 / PRIMERA EDICION,KITSUNE,3.0,4,,,,LEYENDAS PRIMERA ERA 2.0,0,0,0,https://pub-77824f6d0d4542d282fa48605bce7479.r2.dev/cards/MYL/PRIMERA%20ERA/98637c72-5e93-4a91-a947-6c27f6880f13.png
6d146d28-d2d9-4897-9846-712f52984eb2,257 - 236 / PRIMERA EDICION,KITSUNE-TSUKI,5.0,0,,,,LEYENDAS PRIMERA ERA 1.0,0,0,0,https://pub-77824f6d0d4542d282fa48605bce7479.r2.dev/cards/MYL/PRIMERA%20ERA/6d146d28-d2d9-4897-9846-712f52984eb2.png
4702f23b-c47c-4f95-bd19-329f8f8b2ad8,51 - 126 / PRIMERA EDICION,KNOCHEN,5.0,5,,,,COLECCION: MUNDO GOTICO,0,0,0,https://pub-77824f6d0d4542d282fa48605bce7479.r2.dev/cards/MYL/PRIMERA%20ERA/4702f23b-c47c-4f95-bd19-329f8f8b2ad8.png
ae3c393c-ff5c-4d03-accd-35e8196d6e2e,211 - 236 / PRIMERA EDICION,KONAKI JIJI,1.0,2,,,,LEYENDAS PRIMERA ERA 2.0,0,0,0,https://pub-77824f6d0d4542d282fa48605bce7479.r2.dev/cards/MYL/PRIMERA%20ERA/ae3c393c-ff5c-4d03-accd-35e8196d6e2e.png
0fd3a96d-6906-4586-b109-c190d1c9b265,238 - 236 / PRIMERA EDICION,KONAKI JIJI,1.0,2,,,,LEYENDAS PRIMERA ERA 1.0,0,0,0,https://pub-77824f6d0d4542d282fa48605bce7479.r2.dev/cards/MYL/PRIMERA%20ERA/0fd3a96d-6906-4586-b109-c190d1c9b265.png
07d3eaf5-cd0f-479b-9a36-e600677543f3,123 - 236 / PRIMERA EDICION,KONG KONG,2.0,1,,,,COLECCION: ESPIRITU DEL DRAGON,0,0,0,https://pub-77824f6d0d4542d282fa48605bce7479.r2.dev/cards/MYL/PRIMERA%20ERA/07d3eaf5-cd0f-479b-9a36-e600677543f3.png
e4abd0b0-c469-40e9-b1ef-108067c31b17,123 - 236 / PRIMERA EDICION,KONG KONG,2.0,1,,,,COLECCION: ESPIRITU DEL DRAGON,0,0,0,https://pub-77824f6d0d4542d282fa48605bce7479.r2.dev/cards/MYL/PRIMERA%20ERA/e4abd0b0-c469-40e9-b1ef-108067c31b17.png
460ce262-96fb-4710-9686-e71a674d03e3,49 - 126 / PRIMERA EDICION,KORNOS,3.0,1,,,,COLECCION: EL RETO,0,0,0,https://pub-77824f6d0d4542d282fa48605bce7479.r2.dev/cards/MYL/PRIMERA%20ERA/460ce262-96fb-4710-9686-e71a674d03e3.png
19f6b8ab-147b-4493-a6ee-e620a1e1ed4a,151 - 126 / PRIMERA EDICION,KRAKEN,5.0,4,,,,COLECCION: EL RETO,0,0,0,https://pub-77824f6d0d4542d282fa48605bce7479.r2.dev/cards/MYL/PRIMERA%20ERA/19f6b8ab-147b-4493-a6ee-e620a1e1ed4a.png
0e96a03a-b9e3-492f-adc1-eae3ff49d907,95 - 126 / PRIMERA EDICION,KRANA,3.0,2,,,,COLECCION: MUNDO GOTICO,0,0,0,https://pub-77824f6d0d4542d282fa48605bce7479.r2.dev/cards/MYL/PRIMERA%20ERA/0e96a03a-b9e3-492f-adc1-eae3ff49d907.png
492fb9b1-e017-484d-8a39-670bf5955a04,136 - 126 / PRIMERA EDICION,KRISHNA,2.0,3,,,,COLECCION: EL RETO,0,0,0,https://pub-77824f6d0d4542d282fa48605bce7479.r2.dev/cards/MYL/PRIMERA%20ERA/492fb9b1-e017-484d-8a39-670bf5955a04.png
1b55dbe2-54ba-44de-9dd5-e60626e6cd3e,214 - 236 / PRIMERA EDICION,KUEI XING,3.0,3,,,,LEYENDAS PRIMERA ERA 2.0,0,0,0,https://pub-77824f6d0d4542d282fa48605bce7479.r2.dev/cards/MYL/PRIMERA%20ERA/1b55dbe2-54ba-44de-9dd5-e60626e6cd3e.png
fc7835f4-9ce8-4df2-94af-7029de391277,066 - 126 / PRIMERA ERA,KUKULCAN,2.0,2,,,,COLECCION: LA IRA DEL NAHUAL,0,0,0,https://pub-77824f6d0d4542d282fa48605bce7479.r2.dev/cards/MYL/PRIMERA%20ERA/fc7835f4-9ce8-4df2-94af-7029de391277.png
9f8360ff-cbda-46f2-b766-f04c438c727f,264 - 236 / PRIMERA EDICION,KUN,3.0,0,,,,LEYENDAS PRIMERA ERA 1.0,0,0,0,https://pub-77824f6d0d4542d282fa48605bce7479.r2.dev/cards/MYL/PRIMERA%20ERA/9f8360ff-cbda-46f2-b766-f04c438c727f.png
bcff0928-8aa2-4c6f-afc7-71610f958eea,282 - 236 / PRIMERA EDICION,KUN,3.0,0,,,,LEYENDAS PRIMERA ERA 2.0,0,0,0,https://pub-77824f6d0d4542d282fa48605bce7479.r2.dev/cards/MYL/PRIMERA%20ERA/bcff0928-8aa2-4c6f-afc7-71610f958eea.png
80e5097d-e906-4d13-a8f1-cb57abac05a0,218 - 236 / PRIMERA EDICION,KUNAI,2.0,0,,,,COLECCION: ESPIRITU DEL DRAGON,0,0,0,https://pub-77824f6d0d4542d282fa48605bce7479.r2.dev/cards/MYL/PRIMERA%20ERA/80e5097d-e906-4d13-a8f1-cb57abac05a0.png
a5f1bc2b-ba67-45dd-b72f-8407f902820e,77 - 236 / PRIMERA EDICION,KUNOICHI,3.0,3,,,,COLECCION: ESPIRITU DEL DRAGON,0,0,0,https://pub-77824f6d0d4542d282fa48605bce7479.r2.dev/cards/MYL/PRIMERA%20ERA/a5f1bc2b-ba67-45dd-b72f-8407f902820e.png
3e248eba-a9fe-4fde-81e3-5c7c46c2198e,273 - 236 / PRIMERA EDICION,KUSARI GAMA,2.0,0,,,,LEYENDAS PRIMERA ERA 1.0,0,0,0,https://pub-77824f6d0d4542d282fa48605bce7479.r2.dev/cards/MYL/PRIMERA%20ERA/3e248eba-a9fe-4fde-81e3-5c7c46c2198e.png
b2dcb576-fc93-49d0-af18-98484d507898,208 - 236 / PRIMERA EDICION,KUSARI GAMA,2.0,0,,,,COLECCION: ESPIRITU DEL DRAGON,0,0,0,https://pub-77824f6d0d4542d282fa48605bce7479.r2.dev/cards/MYL/PRIMERA%20ERA/b2dcb576-fc93-49d0-af18-98484d507898.png
f40253fb-832f-46ff-b148-35e02362876a,104 - 126 / PRIMERA EDICION,KVASIR,1.0,2,,,,COLECCION: RAGNAROK,0,0,0,https://pub-77824f6d0d4542d282fa48605bce7479.r2.dev/cards/MYL/PRIMERA%20ERA/f40253fb-832f-46ff-b148-35e02362876a.png
c74148e7-82ff-4fed-84b1-c6dc5b68386f,LPE4 265/320,KYUDO,2.0,0,,,,LEYENDAS PE 4.0,0,0,0,https://pub-77824f6d0d4542d282fa48605bce7479.r2.dev/cards/MYL/PRIMERA%20ERA/c74148e7-82ff-4fed-84b1-c6dc5b68386f.png
f24bb85b-7b14-42be-90c9-fdd2961f5ea9,291 - 236 / PRIMERA EDICION,KYUSHO,3.0,0,,,,LEYENDAS PRIMERA ERA 2.0,0,0,0,https://pub-77824f6d0d4542d282fa48605bce7479.r2.dev/cards/MYL/PRIMERA%20ERA/f24bb85b-7b14-42be-90c9-fdd2961f5ea9.png
64c2f48d-4070-4b17-9aa1-b6e06aa518f3,131 - 170 / PRIMERA EDICION,LA QUIMERA,1.0,1,,,,COLECCION: COFRADIA,0,0,0,https://pub-77824f6d0d4542d282fa48605bce7479.r2.dev/cards/MYL/PRIMERA%20ERA/64c2f48d-4070-4b17-9aa1-b6e06aa518f3.png
bb7ece08-eb8e-4429-889f-05ac4568ba3d,89 - 126 / PRIMERA EDICION,LA QUIMERA,1.0,1,,,,COLECCION: EL RETO,0,0,0,https://pub-77824f6d0d4542d282fa48605bce7479.r2.dev/cards/MYL/PRIMERA%20ERA/bb7ece08-eb8e-4429-889f-05ac4568ba3d.png
e5190b28-971c-4305-ad79-30e174443297,CRPE5 21 - 84,LA QUIMERA,1.0,1,,,,KIT RACIALES PRIMERA ERA 2025: DRAGON,0,0,0,https://pub-77824f6d0d4542d282fa48605bce7479.r2.dev/cards/MYL/PRIMERA%20ERA/e5190b28-971c-4305-ad79-30e174443297.png
62a37185-6c29-455e-ad69-05c769eb3a17,163 - 170 / PRIMERA EDICION,LAMPARA MAGICA,,0,,,,COLECCION: COFRADIA,0,0,0,https://pub-77824f6d0d4542d282fa48605bce7479.r2.dev/cards/MYL/PRIMERA%20ERA/62a37185-6c29-455e-ad69-05c769eb3a17.png
b4b11c71-34a0-422d-b5fa-f9a90ab51dd5,8 - 126 / PRIMERA EDICION,LAMPARA MAGICA,,0,,,,COLECCION: EL RETO,0,0,0,https://pub-77824f6d0d4542d282fa48605bce7479.r2.dev/cards/MYL/PRIMERA%20ERA/b4b11c71-34a0-422d-b5fa-f9a90ab51dd5.png
12a1c113-14a7-4f89-94fa-d7168ab34efd,39 - 236 / PRIMERA EDICION,LAN CAI HE,2.0,1,,,,COLECCION: ESPIRITU DEL DRAGON,0,0,0,https://pub-77824f6d0d4542d282fa48605bce7479.r2.dev/cards/MYL/PRIMERA%20ERA/12a1c113-14a7-4f89-94fa-d7168ab34efd.png
b6909152-db40-47a4-99aa-a6bfa8fb9473,LPE4 06/320,LANCELOT,2.0,2,,,,LEYENDAS PE 4.0,0,0,0,https://pub-77824f6d0d4542d282fa48605bce7479.r2.dev/cards/MYL/PRIMERA%20ERA/b6909152-db40-47a4-99aa-a6bfa8fb9473.png
f0ee3307-91df-4382-b0ca-d5f0a1c99220,151 - 236 / PRIMERA EDICION,LANZA DE ODIN,3.0,0,,,,LEYENDAS PRIMERA ERA 2.0,0,0,0,https://pub-77824f6d0d4542d282fa48605bce7479.r2.dev/cards/MYL/PRIMERA%20ERA/f0ee3307-91df-4382-b0ca-d5f0a1c99220.png
78dbe151-0a1d-4d4e-874e-fa9967c9f800,66 - 236 / PRIMERA EDICION,LEI KUNG,4.0,0,,,,LEYENDAS PRIMERA ERA 2.0,0,0,0,https://pub-77824f6d0d4542d282fa48605bce7479.r2.dev/cards/MYL/PRIMERA%20ERA/78dbe151-0a1d-4d4e-874e-fa9967c9f800.png
64d68cdd-51d7-46f3-aac8-f7ba20b8ad88,81 - 126 / PRIMERA EDICION,LESTHER,,2,,,,COLECCION: MUNDO GOTICO,0,0,0,https://pub-77824f6d0d4542d282fa48605bce7479.r2.dev/cards/MYL/PRIMERA%20ERA/64d68cdd-51d7-46f3-aac8-f7ba20b8ad88.png
77d02b3a-c181-4081-950d-7920b4787a9f,132 - 170 / PRIMERA EDICION,LESTHER,,3,,,,COLECCION: COFRADIA,0,0,0,https://pub-77824f6d0d4542d282fa48605bce7479.r2.dev/cards/MYL/PRIMERA%20ERA/77d02b3a-c181-4081-950d-7920b4787a9f.png
a6c33820-f1d0-40ff-960b-802ad21dd7c2,267 - 236 / PRIMERA EDICION,LI,4.0,0,,,,LEYENDAS PRIMERA ERA 1.0,0,0,0,https://pub-77824f6d0d4542d282fa48605bce7479.r2.dev/cards/MYL/PRIMERA%20ERA/a6c33820-f1d0-40ff-960b-802ad21dd7c2.png
62f952b1-6746-4aca-9ffe-f78f13d90505,103 - 236 / PRIMERA EDICION,LI,4.0,0,,,,LEYENDAS PRIMERA ERA 2.0,0,0,0,https://pub-77824f6d0d4542d282fa48605bce7479.r2.dev/cards/MYL/PRIMERA%20ERA/62f952b1-6746-4aca-9ffe-f78f13d90505.png
8a0f5acc-d400-49da-8ee6-4de3e9372262,197 - 236 / PRIMERA EDICION,LI,4.0,0,,,,COLECCION: ESPIRITU DEL DRAGON,0,0,0,https://pub-77824f6d0d4542d282fa48605bce7479.r2.dev/cards/MYL/PRIMERA%20ERA/8a0f5acc-d400-49da-8ee6-4de3e9372262.png
1ca55db8-2c9e-4217-a543-e98e51fde605,LPE23 232/300,LI TI HUAI,2.0,2,,,,LEYENDAS PRIMERA ERA 3.0,0,0,0,https://pub-77824f6d0d4542d282fa48605bce7479.r2.dev/cards/MYL/PRIMERA%20ERA/1ca55db8-2c9e-4217-a543-e98e51fde605.png
4ea60a2c-5d8c-496e-be47-3788170cb642,292 - 236 / PRIMERA EDICION,LI TIEN,2.0,1,,,,LEYENDAS PRIMERA ERA 2.0,0,0,0,https://pub-77824f6d0d4542d282fa48605bce7479.r2.dev/cards/MYL/PRIMERA%20ERA/4ea60a2c-5d8c-496e-be47-3788170cb642.png
4a30bde1-3d93-4b05-be1c-3a40f6134c23,55 - 126 / PRIMERA EDICION,LICANTROPO,3.0,2,,,,COLECCION: MUNDO GOTICO,0,0,0,https://pub-77824f6d0d4542d282fa48605bce7479.r2.dev/cards/MYL/PRIMERA%20ERA/4a30bde1-3d93-4b05-be1c-3a40f6134c23.png
1604c956-ed3d-4d5a-8fdc-26b5072479dd,169 - 126 / PRIMERA EDICION,LICANTROPOS SALVAJES,1.0,2,,,,COLECCION: MUNDO GOTICO,0,0,0,https://pub-77824f6d0d4542d282fa48605bce7479.r2.dev/cards/MYL/PRIMERA%20ERA/1604c956-ed3d-4d5a-8fdc-26b5072479dd.png
148bed16-afca-4408-91da-364acd2371fb,142 - 126 / PRIMERA EDICION,LIDER DE LA JAURIA,3.0,0,,,,COLECCION: MUNDO GOTICO,0,0,0,https://pub-77824f6d0d4542d282fa48605bce7479.r2.dev/cards/MYL/PRIMERA%20ERA/148bed16-afca-4408-91da-364acd2371fb.png
e1ea63b4-9fd6-425a-a505-bef3bbb0e591,273 - 236 / PRIMERA EDICION,LILITH,2.0,2,,,,LEYENDAS PRIMERA ERA 2.0,0,0,0,https://pub-77824f6d0d4542d282fa48605bce7479.r2.dev/cards/MYL/PRIMERA%20ERA/e1ea63b4-9fd6-425a-a505-bef3bbb0e591.png
5c76bcf1-6e6b-4dfb-80a9-eb9e993ebe17,196 - 236 / PRIMERA EDICION,LILITH,2.0,2,,,,LEYENDAS PRIMERA ERA 1.0,0,0,0,https://pub-77824f6d0d4542d282fa48605bce7479.r2.dev/cards/MYL/PRIMERA%20ERA/5c76bcf1-6e6b-4dfb-80a9-eb9e993ebe17.png
4443bd0a-ec7b-4760-8674-7e48b28b949d,226 - 236 / PRIMERA EDICION,LIN KUEI,3.0,2,,,,LEYENDAS PRIMERA ERA 1.0,0,0,0,https://pub-77824f6d0d4542d282fa48605bce7479.r2.dev/cards/MYL/PRIMERA%20ERA/4443bd0a-ec7b-4760-8674-7e48b28b949d.png
4e25072d-f1ba-4a2a-90be-0b928615fa97,207 - 236 / PRIMERA EDICION,LIN KUEI,3.0,2,,,,LEYENDAS PRIMERA ERA 2.0,0,0,0,https://pub-77824f6d0d4542d282fa48605bce7479.r2.dev/cards/MYL/PRIMERA%20ERA/4e25072d-f1ba-4a2a-90be-0b928615fa97.png
bee45153-af6f-433b-b117-b499aa408fe9,197 - 236 / PRIMERA EDICION,LINNA,1.0,2,,,,LEYENDAS PRIMERA ERA 1.0,0,0,0,https://pub-77824f6d0d4542d282fa48605bce7479.r2.dev/cards/MYL/PRIMERA%20ERA/bee45153-af6f-433b-b117-b499aa408fe9.png
a0cc9236-8273-442d-9681-23cf6e2304aa,274 - 236 / PRIMERA EDICION,LINNA,1.0,2,,,,LEYENDAS PRIMERA ERA 2.0,0,0,0,https://pub-77824f6d0d4542d282fa48605bce7479.r2.dev/cards/MYL/PRIMERA%20ERA/a0cc9236-8273-442d-9681-23cf6e2304aa.png
2c70940f-c7c8-4a06-966a-560bc31e42e7,135 - 170 / PRIMERA EDICION,LOKI,1.0,0,,,,COLECCION: COFRADIA,0,0,0,https://pub-77824f6d0d4542d282fa48605bce7479.r2.dev/cards/MYL/PRIMERA%20ERA/2c70940f-c7c8-4a06-966a-560bc31e42e7.png
eb8204c2-4736-499d-a923-7589a894a471,82 - 126 / PRIMERA EDICION,LOKI,1.0,0,,,,COLECCION: EL RETO,0,0,0,https://pub-77824f6d0d4542d282fa48605bce7479.r2.dev/cards/MYL/PRIMERA%20ERA/eb8204c2-4736-499d-a923-7589a894a471.png
a686fcd6-1840-45e0-a904-32d47a229c60,31 - 236 / PRIMERA EDICION,LORD RUTHVEN,3.0,3,,,,LEYENDAS PRIMERA ERA 2.0,0,0,0,https://pub-77824f6d0d4542d282fa48605bce7479.r2.dev/cards/MYL/PRIMERA%20ERA/a686fcd6-1840-45e0-a904-32d47a229c60.png
b9501721-55b9-48bc-b6b7-6a1c9b48db52,LPE23 324/300,LOS CINCO ANILLOS,,0,,,,LEYENDAS PRIMERA ERA 3.0,0,0,0,https://pub-77824f6d0d4542d282fa48605bce7479.r2.dev/cards/MYL/PRIMERA%20ERA/b9501721-55b9-48bc-b6b7-6a1c9b48db52.png
075bff87-d634-475f-9337-7f6823ed7dab,117 - 236 / PRIMERA EDICION,LOS EDDAS,5.0,0,,,,LEYENDAS PRIMERA ERA 2.0,0,0,0,https://pub-77824f6d0d4542d282fa48605bce7479.r2.dev/cards/MYL/PRIMERA%20ERA/075bff87-d634-475f-9337-7f6823ed7dab.png
7c77cb15-a99f-4537-b340-c0f289130730,30 - 126 / PRIMERA EDICION,LOS TITANES,8.0,5,,,,COLECCION: EL RETO,0,0,0,https://pub-77824f6d0d4542d282fa48605bce7479.r2.dev/cards/MYL/PRIMERA%20ERA/7c77cb15-a99f-4537-b340-c0f289130730.png
a22969e4-3619-4331-9701-ddd2218de984,LPE23 180/300,LOTHAR,3.0,0,,,,LEYENDAS PRIMERA ERA 3.0,0,0,0,https://pub-77824f6d0d4542d282fa48605bce7479.r2.dev/cards/MYL/PRIMERA%20ERA/a22969e4-3619-4331-9701-ddd2218de984.png
ad0050f6-4d84-44a1-a89d-f75c67e79dea,223 - 236 / PRIMERA EDICION,LU DONG PIN,3.0,2,,,,LEYENDAS PRIMERA ERA 1.0,0,0,0,https://pub-77824f6d0d4542d282fa48605bce7479.r2.dev/cards/MYL/PRIMERA%20ERA/ad0050f6-4d84-44a1-a89d-f75c67e79dea.png
ea6db9ee-7bbe-4591-a804-fe52ad35d568,54 - 236 / PRIMERA EDICION,LU DONG PIN,3.0,2,,,,COLECCION: ESPIRITU DEL DRAGON,0,0,0,https://pub-77824f6d0d4542d282fa48605bce7479.r2.dev/cards/MYL/PRIMERA%20ERA/ea6db9ee-7bbe-4591-a804-fe52ad35d568.png
da6e6594-d7c8-4ccc-8346-cab076c237d4,167 - 236 / PRIMERA EDICION,LUCHA DE GOLEMS,1.0,0,,,,LEYENDAS PRIMERA ERA 2.0,0,0,0,https://pub-77824f6d0d4542d282fa48605bce7479.r2.dev/cards/MYL/PRIMERA%20ERA/da6e6594-d7c8-4ccc-8346-cab076c237d4.png
78153230-66d6-4ea3-930e-58d512f69858,37 - 236 / PRIMERA EDICION,LUCHA DE GOLEMS,1.0,0,,,,LEYENDAS PRIMERA ERA 1.0,0,0,0,https://pub-77824f6d0d4542d282fa48605bce7479.r2.dev/cards/MYL/PRIMERA%20ERA/78153230-66d6-4ea3-930e-58d512f69858.png
9bb72463-681f-4e39-93e6-1263bf2abdf9,31 - 170 / PRIMERA EDICION,LUCHA DE GOLEMS,1.0,0,,,,COLECCION: COFRADIA,0,0,0,https://pub-77824f6d0d4542d282fa48605bce7479.r2.dev/cards/MYL/PRIMERA%20ERA/9bb72463-681f-4e39-93e6-1263bf2abdf9.png
5f058b5a-7fe7-4673-973f-ff14f3084094,90 - 126 / PRIMERA EDICION,LUCY,2.0,1,,,,COLECCION: MUNDO GOTICO,0,0,0,https://pub-77824f6d0d4542d282fa48605bce7479.r2.dev/cards/MYL/PRIMERA%20ERA/5f058b5a-7fe7-4673-973f-ff14f3084094.png
fe7dda47-bf3e-4e55-a8ba-4f492207e3be,LPE4 232/320,LUNA LLENA,3.0,0,,,,LEYENDAS PE 4.0,0,0,0,https://pub-77824f6d0d4542d282fa48605bce7479.r2.dev/cards/MYL/PRIMERA%20ERA/fe7dda47-bf3e-4e55-a8ba-4f492207e3be.png
d529e53b-5925-4b29-915a-a6596f5bc9be,110 - 236 / PRIMERA EDICION,LUNG,4.0,4,,,,COLECCION: ESPIRITU DEL DRAGON,0,0,0,https://pub-77824f6d0d4542d282fa48605bce7479.r2.dev/cards/MYL/PRIMERA%20ERA/d529e53b-5925-4b29-915a-a6596f5bc9be.png
442192b9-d07b-44dd-8eb4-b636a864fffd,156 - 236 / PRIMERA EDICION,LUNG CHUAN-FA,3.0,0,,,,COLECCION: ESPIRITU DEL DRAGON,0,0,0,https://pub-77824f6d0d4542d282fa48605bce7479.r2.dev/cards/MYL/PRIMERA%20ERA/442192b9-d07b-44dd-8eb4-b636a864fffd.png
7238f771-1e85-4c8e-a7e8-da78a51baf10,EXPE - 35 - 120,LUPO,2.0,1,,,,KIT EXTENSION PRIMERA ERA: MUNDO GOTICO,0,0,0,https://pub-77824f6d0d4542d282fa48605bce7479.r2.dev/cards/MYL/PRIMERA%20ERA/7238f771-1e85-4c8e-a7e8-da78a51baf10.png
d464d506-24e8-49ad-ad76-b3618a14de3b,54 - 126 / PRIMERA EDICION,LUPO,2.0,1,,,,COLECCION: MUNDO GOTICO,0,0,0,https://pub-77824f6d0d4542d282fa48605bce7479.r2.dev/cards/MYL/PRIMERA%20ERA/d464d506-24e8-49ad-ad76-b3618a14de3b.png
0fe4ed73-7c79-4160-abca-7b5c324dd5b8,74 - 236 / PRIMERA EDICION,MA CHAO,4.0,1,,,,COLECCION: ESPIRITU DEL DRAGON,0,0,0,https://pub-77824f6d0d4542d282fa48605bce7479.r2.dev/cards/MYL/PRIMERA%20ERA/0fe4ed73-7c79-4160-abca-7b5c324dd5b8.png
f58e4cf6-d2ce-4e6e-9d3d-d7ce41ff73da,047 - 126 / PRIMERA ERA,MACAHUITL,2.0,0,,,,COLECCION: LA IRA DEL NAHUAL,0,0,0,https://pub-77824f6d0d4542d282fa48605bce7479.r2.dev/cards/MYL/PRIMERA%20ERA/f58e4cf6-d2ce-4e6e-9d3d-d7ce41ff73da.png
dcd63efa-00b2-4e5f-9eea-9940eaffd4cf,86 - 236 / PRIMERA EDICION,MACAHUITL,2.0,0,,,,LEYENDAS PRIMERA ERA 1.0,0,0,0,https://pub-77824f6d0d4542d282fa48605bce7479.r2.dev/cards/MYL/PRIMERA%20ERA/dcd63efa-00b2-4e5f-9eea-9940eaffd4cf.png
27b60bfa-8f24-435d-aa71-936b7feeed38,89 - 236 / PRIMERA EDICION,MACHI,3.0,1,,,,LEYENDAS PRIMERA ERA 1.0,0,0,0,https://pub-77824f6d0d4542d282fa48605bce7479.r2.dev/cards/MYL/PRIMERA%20ERA/27b60bfa-8f24-435d-aa71-936b7feeed38.png
8b2532ab-46b7-4485-b33b-71e6112c2cf2,180 - 236 / PRIMERA EDICION,MACHI,3.0,1,,,,LEYENDAS PRIMERA ERA 2.0,0,0,0,https://pub-77824f6d0d4542d282fa48605bce7479.r2.dev/cards/MYL/PRIMERA%20ERA/8b2532ab-46b7-4485-b33b-71e6112c2cf2.png
9776b9ff-18af-435a-9f85-aefa4a40a814,72 - 236 / PRIMERA EDICION,MACHITUN,2.0,0,,,,LEYENDAS PRIMERA ERA 1.0,0,0,0,https://pub-77824f6d0d4542d282fa48605bce7479.r2.dev/cards/MYL/PRIMERA%20ERA/9776b9ff-18af-435a-9f85-aefa4a40a814.png
7d7abd3b-bc94-452d-8021-7cad7c4fca93,93 - 236 / PRIMERA EDICION,MACHITUN,2.0,0,,,,LEYENDAS PRIMERA ERA 2.0,0,0,0,https://pub-77824f6d0d4542d282fa48605bce7479.r2.dev/cards/MYL/PRIMERA%20ERA/7d7abd3b-bc94-452d-8021-7cad7c4fca93.png
5b3324b4-df9e-4c1b-844f-aa4a0b6cf794,116 - 126 / PRIMERA ERA,MACHU PICHU,,0,,,,COLECCION: LA IRA DEL NAHUAL,0,0,0,https://pub-77824f6d0d4542d282fa48605bce7479.r2.dev/cards/MYL/PRIMERA%20ERA/5b3324b4-df9e-4c1b-844f-aa4a0b6cf794.png
c10c6995-7a70-41c9-bee8-25080643fa39,76 - 236 / PRIMERA EDICION,MACUN,2.0,0,,,,LEYENDAS PRIMERA ERA 1.0,0,0,0,https://pub-77824f6d0d4542d282fa48605bce7479.r2.dev/cards/MYL/PRIMERA%20ERA/c10c6995-7a70-41c9-bee8-25080643fa39.png
53cc68cf-299c-4f0b-8c42-0cbf98fb166d,251 - 236 / PRIMERA EDICION,MACUN,2.0,0,,,,LEYENDAS PRIMERA ERA 2.0,0,0,0,https://pub-77824f6d0d4542d282fa48605bce7479.r2.dev/cards/MYL/PRIMERA%20ERA/53cc68cf-299c-4f0b-8c42-0cbf98fb166d.png
897e23f4-e5de-4c8a-b330-8c0c04f5454b,121 - 236 / PRIMERA EDICION,MAGNI,3.0,2,,,,LEYENDAS PRIMERA ERA 1.0,0,0,0,https://pub-77824f6d0d4542d282fa48605bce7479.r2.dev/cards/MYL/PRIMERA%20ERA/897e23f4-e5de-4c8a-b330-8c0c04f5454b.png
195f2a4f-8db4-479c-9dae-3fe99936db54,53 - 126 / PRIMERA EDICION,MAGNUS,1.0,1,,,,COLECCION: MUNDO GOTICO,0,0,0,https://pub-77824f6d0d4542d282fa48605bce7479.r2.dev/cards/MYL/PRIMERA%20ERA/195f2a4f-8db4-479c-9dae-3fe99936db54.png
71faac1c-a4ca-4862-92c4-0fc3ed273118,180 - 236 / PRIMERA EDICION,MAGNUS,1.0,1,,,,LEYENDAS PRIMERA ERA 1.0,0,0,0,https://pub-77824f6d0d4542d282fa48605bce7479.r2.dev/cards/MYL/PRIMERA%20ERA/71faac1c-a4ca-4862-92c4-0fc3ed273118.png
b11088aa-0164-446d-b0cd-7681c40a7275,23 - 236 / PRIMERA EDICION,MAGO MERLIN,4.0,3,,,,LEYENDAS PRIMERA ERA 2.0,0,0,0,https://pub-77824f6d0d4542d282fa48605bce7479.r2.dev/cards/MYL/PRIMERA%20ERA/b11088aa-0164-446d-b0cd-7681c40a7275.png
1011f82b-06d9-4528-8354-66d0da59611b,186 - 236 / PRIMERA EDICION,MAKIMONO,3.0,0,,,,COLECCION: ESPIRITU DEL DRAGON,0,0,0,https://pub-77824f6d0d4542d282fa48605bce7479.r2.dev/cards/MYL/PRIMERA%20ERA/1011f82b-06d9-4528-8354-66d0da59611b.png
4561cff1-ce6c-4723-80d7-bc3dd3199610,30 - 236 / PRIMERA EDICION,MANADA MORTIFERA,,0,,,,LEYENDAS PRIMERA ERA 2.0,0,0,0,https://pub-77824f6d0d4542d282fa48605bce7479.r2.dev/cards/MYL/PRIMERA%20ERA/4561cff1-ce6c-4723-80d7-bc3dd3199610.png
d21227e6-0c78-4f45-903d-4d5fb2748e0d,148 - 236 / PRIMERA EDICION,MANI,2.0,2,,,,LEYENDAS PRIMERA ERA 2.0,0,0,0,https://pub-77824f6d0d4542d282fa48605bce7479.r2.dev/cards/MYL/PRIMERA%20ERA/d21227e6-0c78-4f45-903d-4d5fb2748e0d.png
335d2a9a-dfc2-47f4-844c-c9730749a9ea,136 - 236 / PRIMERA EDICION,MANI,2.0,2,,,,LEYENDAS PRIMERA ERA 1.0,0,0,0,https://pub-77824f6d0d4542d282fa48605bce7479.r2.dev/cards/MYL/PRIMERA%20ERA/335d2a9a-dfc2-47f4-844c-c9730749a9ea.png
d8d6e52e-2146-40fe-ba09-5aef8211e1ee,CRPE3 - 36 - 36,MANO FEERICA,2.0,0,,,,KIT RACIALES PRIMERA ERA: FAERIE,0,0,0,https://pub-77824f6d0d4542d282fa48605bce7479.r2.dev/cards/MYL/PRIMERA%20ERA/d8d6e52e-2146-40fe-ba09-5aef8211e1ee.png
5f46310f-9166-4236-b4ab-2ee89edc1b73,136 - 170 / PRIMERA EDICION,MANUK,2.0,4,,,,COLECCION: COFRADIA,0,0,0,https://pub-77824f6d0d4542d282fa48605bce7479.r2.dev/cards/MYL/PRIMERA%20ERA/5f46310f-9166-4236-b4ab-2ee89edc1b73.png
3b07ee07-0842-4ba3-ac58-63ef3d633f38,48 - 126 / PRIMERA EDICION,MANUK,2.0,4,,,,COLECCION: EL RETO,0,0,0,https://pub-77824f6d0d4542d282fa48605bce7479.r2.dev/cards/MYL/PRIMERA%20ERA/3b07ee07-0842-4ba3-ac58-63ef3d633f38.png
76897611-18d0-4c13-add1-bf2ca57e3628,137 - 170 / PRIMERA EDICION,MARA,1.0,1,,,,COLECCION: COFRADIA,0,0,0,https://pub-77824f6d0d4542d282fa48605bce7479.r2.dev/cards/MYL/PRIMERA%20ERA/76897611-18d0-4c13-add1-bf2ca57e3628.png
d581b7e2-2ff7-446e-9a13-4b2c9480d0df,283 - 236 / PRIMERA EDICION,MARA,1.0,1,,,,LEYENDAS PRIMERA ERA 2.0,0,0,0,https://pub-77824f6d0d4542d282fa48605bce7479.r2.dev/cards/MYL/PRIMERA%20ERA/d581b7e2-2ff7-446e-9a13-4b2c9480d0df.png
ce392e32-d25c-4531-81e6-bbb63cd0276b,175 - 236 / PRIMERA EDICION,MARCA DE DRAGON,4.0,0,,,,COLECCION: ESPIRITU DEL DRAGON,0,0,0,https://pub-77824f6d0d4542d282fa48605bce7479.r2.dev/cards/MYL/PRIMERA%20ERA/ce392e32-d25c-4531-81e6-bbb63cd0276b.png
d9248f00-7764-4829-b19d-4eddb5edf1c0,138 - 236 / PRIMERA EDICION,MARCA DEL TIGRE,2.0,0,,,,COLECCION: ESPIRITU DEL DRAGON,0,0,0,https://pub-77824f6d0d4542d282fa48605bce7479.r2.dev/cards/MYL/PRIMERA%20ERA/d9248f00-7764-4829-b19d-4eddb5edf1c0.png
b27b5df0-1505-4ca9-b476-644957428ebd,LPE23 317/300,MARCA DEL TIGRE,2.0,0,,,,LEYENDAS PRIMERA ERA 3.0,0,0,0,https://pub-77824f6d0d4542d282fa48605bce7479.r2.dev/cards/MYL/PRIMERA%20ERA/b27b5df0-1505-4ca9-b476-644957428ebd.png
094816c2-6297-42ac-8f3c-0a4dfb03d852,71 - 126 / PRIMERA EDICION,MARDUK,4.0,4,,,,COLECCION: EL RETO,0,0,0,https://pub-77824f6d0d4542d282fa48605bce7479.r2.dev/cards/MYL/PRIMERA%20ERA/094816c2-6297-42ac-8f3c-0a4dfb03d852.png
1d0f8da7-fb23-4a89-97f3-0b1ca04a3f3b,65 - 236 / PRIMERA EDICION,MARTILLO DE THOR,3.0,0,,,,LEYENDAS PRIMERA ERA 2.0,0,0,0,https://pub-77824f6d0d4542d282fa48605bce7479.r2.dev/cards/MYL/PRIMERA%20ERA/1d0f8da7-fb23-4a89-97f3-0b1ca04a3f3b.png
7b9be3ce-d5b0-4e75-9d7f-0c58a7c9f1d2,117 - 236 / PRIMERA EDICION,MARTILLO DE THOR,3.0,0,,,,LEYENDAS PRIMERA ERA 1.0,0,0,0,https://pub-77824f6d0d4542d282fa48605bce7479.r2.dev/cards/MYL/PRIMERA%20ERA/7b9be3ce-d5b0-4e75-9d7f-0c58a7c9f1d2.png
56ee3d64-5d43-45e7-9ce7-37af3a625248,216 - 236 / PRIMERA EDICION,MARTILLO SHAOLIN,1.0,0,,,,COLECCION: ESPIRITU DEL DRAGON,0,0,0,https://pub-77824f6d0d4542d282fa48605bce7479.r2.dev/cards/MYL/PRIMERA%20ERA/56ee3d64-5d43-45e7-9ce7-37af3a625248.png
aed5701a-4ab3-4943-8841-825815f2ea6f,19 - 126 / PRIMERA EDICION,MASCARA DE JADE,3.0,0,,,,COLECCION: MUNDO GOTICO,0,0,0,https://pub-77824f6d0d4542d282fa48605bce7479.r2.dev/cards/MYL/PRIMERA%20ERA/aed5701a-4ab3-4943-8841-825815f2ea6f.png
17c7db86-fbf1-485e-b75f-be84d4f5e661,20 - 126 / PRIMERA EDICION,MASCARA DE ORO,3.0,0,,,,COLECCION: MUNDO GOTICO,0,0,0,https://pub-77824f6d0d4542d282fa48605bce7479.r2.dev/cards/MYL/PRIMERA%20ERA/17c7db86-fbf1-485e-b75f-be84d4f5e661.png
71f7174b-b3f3-4f7d-ae60-28ecd332f477,33 - 170 / PRIMERA EDICION,MASCARA DE ORO,3.0,0,,,,COLECCION: COFRADIA,0,0,0,https://pub-77824f6d0d4542d282fa48605bce7479.r2.dev/cards/MYL/PRIMERA%20ERA/71f7174b-b3f3-4f7d-ae60-28ecd332f477.png
2fbbd124-3efa-431b-809b-4b497263ddd1,33 - 170 / PRIMERA EDICION,MASCARA DE ORO,3.0,0,,,,COLECCION: COFRADIA,0,0,0,https://pub-77824f6d0d4542d282fa48605bce7479.r2.dev/cards/MYL/PRIMERA%20ERA/2fbbd124-3efa-431b-809b-4b497263ddd1.png
d635cc0d-f03b-4367-aae9-e2722c6d56e4,152 - 126 / PRIMERA EDICION,MATADOR DE DRAGONES,2.0,0,,,,COLECCION: EL RETO,0,0,0,https://pub-77824f6d0d4542d282fa48605bce7479.r2.dev/cards/MYL/PRIMERA%20ERA/d635cc0d-f03b-4367-aae9-e2722c6d56e4.png
4cf7b084-f7c3-4c89-b5c3-a35dbee47020,112 - 236 / PRIMERA EDICION,MATADOR DE GIGANTES,5.0,0,,,,LEYENDAS PRIMERA ERA 1.0,0,0,0,https://pub-77824f6d0d4542d282fa48605bce7479.r2.dev/cards/MYL/PRIMERA%20ERA/4cf7b084-f7c3-4c89-b5c3-a35dbee47020.png
8c329494-d9e4-4445-a4eb-15ac21e71714,62 - 236 / PRIMERA EDICION,MATADOR DE GIGANTES,5.0,0,,,,LEYENDAS PRIMERA ERA 2.0,0,0,0,https://pub-77824f6d0d4542d282fa48605bce7479.r2.dev/cards/MYL/PRIMERA%20ERA/8c329494-d9e4-4445-a4eb-15ac21e71714.png
c73eb5ab-028c-48b1-b85d-ec001415c537,129 - 126 / PRIMERA EDICION,MAUI,6.0,4,,,,COLECCION: EL RETO,0,0,0,https://pub-77824f6d0d4542d282fa48605bce7479.r2.dev/cards/MYL/PRIMERA%20ERA/c73eb5ab-028c-48b1-b85d-ec001415c537.png
be63cc65-b025-4a39-8035-5b317d8df25e,181 - 236 / PRIMERA EDICION,MAUI,6.0,4,,,,LEYENDAS PRIMERA ERA 1.0,0,0,0,https://pub-77824f6d0d4542d282fa48605bce7479.r2.dev/cards/MYL/PRIMERA%20ERA/be63cc65-b025-4a39-8035-5b317d8df25e.png
d06c9dca-ad26-4941-b722-ad2d2aa43c09,ANIVERSARIO LPE25 13,MAUI,,4,,,,,0,0,0,https://pub-77824f6d0d4542d282fa48605bce7479.r2.dev/cards/MYL/PRIMERA%20ERA/d06c9dca-ad26-4941-b722-ad2d2aa43c09.png
3c280c12-937e-4416-8a7f-ca457c7c0cc1,243 - 236 / PRIMERA EDICION,MAZA,2.0,0,,,,LEYENDAS PRIMERA ERA 2.0,0,0,0,https://pub-77824f6d0d4542d282fa48605bce7479.r2.dev/cards/MYL/PRIMERA%20ERA/3c280c12-937e-4416-8a7f-ca457c7c0cc1.png
905df0a7-375d-4aad-acb2-253dfa0f3d14,146 - 126 / PRIMERA EDICION,MECENAS,1.0,0,,,,COLECCION: MUNDO GOTICO,0,0,0,https://pub-77824f6d0d4542d282fa48605bce7479.r2.dev/cards/MYL/PRIMERA%20ERA/905df0a7-375d-4aad-acb2-253dfa0f3d14.png
20887870-050b-49a1-a7aa-5a72e63f3cf9,146 - 126 / PRIMERA EDICION,MECENAS,1.0,0,,,,COLECCION: MUNDO GOTICO,0,0,0,https://pub-77824f6d0d4542d282fa48605bce7479.r2.dev/cards/MYL/PRIMERA%20ERA/20887870-050b-49a1-a7aa-5a72e63f3cf9.png
7b93be46-8dd5-418e-a7dd-408667bdd289,79 - 170 / PRIMERA EDICION,MEDUSA,3.0,1,,,,COLECCION: COFRADIA,0,0,0,https://pub-77824f6d0d4542d282fa48605bce7479.r2.dev/cards/MYL/PRIMERA%20ERA/7b93be46-8dd5-418e-a7dd-408667bdd289.png
78f0f242-cdc3-40bb-ba90-8b8501547e36,50 - 236 / PRIMERA EDICION,MELUSINA,2.0,2,,,,LEYENDAS PRIMERA ERA 2.0,0,0,0,https://pub-77824f6d0d4542d282fa48605bce7479.r2.dev/cards/MYL/PRIMERA%20ERA/78f0f242-cdc3-40bb-ba90-8b8501547e36.png
c40a0cae-58f6-4a31-a652-11f2e3ad60a7,119 - 126 / PRIMERA EDICION,MELUSINA,2.0,2,,,,COLECCION: EL RETO,0,0,0,https://pub-77824f6d0d4542d282fa48605bce7479.r2.dev/cards/MYL/PRIMERA%20ERA/c40a0cae-58f6-4a31-a652-11f2e3ad60a7.png
e9f318bb-5021-4378-b34d-960e3832ea45,56 - 236 / PRIMERA EDICION,MEN SHEN,4.0,2,,,,COLECCION: ESPIRITU DEL DRAGON,0,0,0,https://pub-77824f6d0d4542d282fa48605bce7479.r2.dev/cards/MYL/PRIMERA%20ERA/e9f318bb-5021-4378-b34d-960e3832ea45.png
a085872f-267c-4c6b-8f53-6c88cbdbb5c0,81 - 170 / PRIMERA EDICION,MERLIN,4.0,0,,,,COLECCION: COFRADIA,0,0,0,https://pub-77824f6d0d4542d282fa48605bce7479.r2.dev/cards/MYL/PRIMERA%20ERA/a085872f-267c-4c6b-8f53-6c88cbdbb5c0.png
de748a2c-de21-4b32-b631-ee80cc622a31,113 - 236 / PRIMERA EDICION,MESALINA,3.0,3,,,,LEYENDAS PRIMERA ERA 2.0,0,0,0,https://pub-77824f6d0d4542d282fa48605bce7479.r2.dev/cards/MYL/PRIMERA%20ERA/de748a2c-de21-4b32-b631-ee80cc622a31.png
bf2a6114-a440-4eef-a387-460c7674b9a6,143 - 236 / PRIMERA EDICION,METAMORFOSIS DE LOKI,4.0,0,,,,LEYENDAS PRIMERA ERA 1.0,0,0,0,https://pub-77824f6d0d4542d282fa48605bce7479.r2.dev/cards/MYL/PRIMERA%20ERA/bf2a6114-a440-4eef-a387-460c7674b9a6.png
b8af8f28-6689-42be-8383-a9e9a00559c2,186 - 236 / PRIMERA EDICION,METAMORFOSIS DE LOKI,4.0,0,,,,LEYENDAS PRIMERA ERA 2.0,0,0,0,https://pub-77824f6d0d4542d282fa48605bce7479.r2.dev/cards/MYL/PRIMERA%20ERA/b8af8f28-6689-42be-8383-a9e9a00559c2.png
b0083393-124b-4c28-851b-8c93ff65df12,85 - 126 / PRIMERA EDICION,MIDGARD,3.0,0,,,,COLECCION: RAGNAROK,0,0,0,https://pub-77824f6d0d4542d282fa48605bce7479.r2.dev/cards/MYL/PRIMERA%20ERA/b0083393-124b-4c28-851b-8c93ff65df12.png
dc207810-0499-4b40-a37b-20741772a46e,156 - 236 / PRIMERA EDICION,MIDGARD,3.0,0,,,,LEYENDAS PRIMERA ERA 1.0,0,0,0,https://pub-77824f6d0d4542d282fa48605bce7479.r2.dev/cards/MYL/PRIMERA%20ERA/dc207810-0499-4b40-a37b-20741772a46e.png
8bb3c2c9-bf21-4e86-b51c-35e409171156,165 - 126 / PRIMERA EDICION,MILLALOBO,2.0,1,,,,COLECCION: EL RETO,0,0,0,https://pub-77824f6d0d4542d282fa48605bce7479.r2.dev/cards/MYL/PRIMERA%20ERA/8bb3c2c9-bf21-4e86-b51c-35e409171156.png
0157b3f3-1758-459d-a6f7-17e761a28f2e,144 - 126 / PRIMERA EDICION,MIMI,2.0,1,,,,COLECCION: EL RETO,0,0,0,https://pub-77824f6d0d4542d282fa48605bce7479.r2.dev/cards/MYL/PRIMERA%20ERA/0157b3f3-1758-459d-a6f7-17e761a28f2e.png
160dfb72-029a-4540-aa71-020ecb0e5236,111 - 126 / PRIMERA EDICION,MINAS DEL REY SALOMON,,0,,,,COLECCION: EL RETO,0,0,0,https://pub-77824f6d0d4542d282fa48605bce7479.r2.dev/cards/MYL/PRIMERA%20ERA/160dfb72-029a-4540-aa71-020ecb0e5236.png
2aebdb25-7847-4138-8ed3-d2b814b6d059,169 - 236 / PRIMERA EDICION,MINOTAURO,3.0,2,,,,LEYENDAS PRIMERA ERA 1.0,0,0,0,https://pub-77824f6d0d4542d282fa48605bce7479.r2.dev/cards/MYL/PRIMERA%20ERA/2aebdb25-7847-4138-8ed3-d2b814b6d059.png
c021ceb4-2b99-4f97-8bc8-4c2eabbd16fa,197 - 236 / PRIMERA EDICION,MINOTAURO,3.0,2,,,,LEYENDAS PRIMERA ERA 2.0,0,0,0,https://pub-77824f6d0d4542d282fa48605bce7479.r2.dev/cards/MYL/PRIMERA%20ERA/c021ceb4-2b99-4f97-8bc8-4c2eabbd16fa.png
4495fcfc-77d8-48d5-bb6b-4949fd96d7f2,127 - 126 / PRIMERA EDICION,MITHRA,,3,,,,COLECCION: EL RETO,0,0,0,https://pub-77824f6d0d4542d282fa48605bce7479.r2.dev/cards/MYL/PRIMERA%20ERA/4495fcfc-77d8-48d5-bb6b-4949fd96d7f2.png
26379595-5d90-4beb-a2fa-6aa5c0350176,31 - 236 / PRIMERA EDICION,MITHRA,,3,,,,LEYENDAS PRIMERA ERA 1.0,0,0,0,https://pub-77824f6d0d4542d282fa48605bce7479.r2.dev/cards/MYL/PRIMERA%20ERA/26379595-5d90-4beb-a2fa-6aa5c0350176.png
8e126826-224b-484d-b74a-99f4a6db4166,92 - 236 / PRIMERA EDICION,MIYAMOTO MUSASHI,3.0,3,,,,LEYENDAS PRIMERA ERA 2.0,0,0,0,https://pub-77824f6d0d4542d282fa48605bce7479.r2.dev/cards/MYL/PRIMERA%20ERA/8e126826-224b-484d-b74a-99f4a6db4166.png
9295668c-264b-406e-86c5-4912d56b0c11,232 - 236 / PRIMERA EDICION,MIYAMOTO MUSASHI,3.0,3,,,,LEYENDAS PRIMERA ERA 1.0,0,0,0,https://pub-77824f6d0d4542d282fa48605bce7479.r2.dev/cards/MYL/PRIMERA%20ERA/9295668c-264b-406e-86c5-4912d56b0c11.png
49c06d01-fcef-4a31-bf3c-55889b7852e8,100 - 126 / PRIMERA ERA,MOCTEZUMA,,2,,,,COLECCION: LA IRA DEL NAHUAL,0,0,0,https://pub-77824f6d0d4542d282fa48605bce7479.r2.dev/cards/MYL/PRIMERA%20ERA/49c06d01-fcef-4a31-bf3c-55889b7852e8.png
db570429-2e22-4762-b3ae-48c753711581,64 - 126 / PRIMERA EDICION,MODI,2.0,1,,,,COLECCION: RAGNAROK,0,0,0,https://pub-77824f6d0d4542d282fa48605bce7479.r2.dev/cards/MYL/PRIMERA%20ERA/db570429-2e22-4762-b3ae-48c753711581.png
8d30a675-070d-4661-9f20-8c3405a6353e,198 - 236 / PRIMERA EDICION,MOIRAS,4.0,3,,,,LEYENDAS PRIMERA ERA 1.0,0,0,0,https://pub-77824f6d0d4542d282fa48605bce7479.r2.dev/cards/MYL/PRIMERA%20ERA/8d30a675-070d-4661-9f20-8c3405a6353e.png
177f8f30-7257-409e-ae06-b8df48d0ac09,159 - 236 / PRIMERA EDICION,MOIRAS,4.0,3,,,,LEYENDAS PRIMERA ERA 2.0,0,0,0,https://pub-77824f6d0d4542d282fa48605bce7479.r2.dev/cards/MYL/PRIMERA%20ERA/177f8f30-7257-409e-ae06-b8df48d0ac09.png
54913670-24a1-44ee-8e76-8b5f0d28b498,25 - 236 / PRIMERA EDICION,MOMOTARO,2.0,1,,,,COLECCION: ESPIRITU DEL DRAGON,0,0,0,https://pub-77824f6d0d4542d282fa48605bce7479.r2.dev/cards/MYL/PRIMERA%20ERA/54913670-24a1-44ee-8e76-8b5f0d28b498.png
3efa35b9-0488-4183-99f7-1bfb2c3a0569,LPE23 000/300,MONEDAS DE ORO,,0,,,,LEYENDAS PRIMERA ERA 3.0,0,0,0,https://pub-77824f6d0d4542d282fa48605bce7479.r2.dev/cards/MYL/PRIMERA%20ERA/3efa35b9-0488-4183-99f7-1bfb2c3a0569.png
d82056cc-52c5-40a2-a1a8-0681e4c510e4,66 - 126 / PRIMERA EDICION,MONEDAS DE ORO,,0,,,,COLECCION: EL RETO,0,0,0,https://pub-77824f6d0d4542d282fa48605bce7479.r2.dev/cards/MYL/PRIMERA%20ERA/d82056cc-52c5-40a2-a1a8-0681e4c510e4.png
fc35a336-de2f-4628-9f8a-2759222abbcc,164 - 170 / PRIMERA EDICION,MONEDAS DE ORO,,0,,,,COLECCION: COFRADIA,0,0,0,https://pub-77824f6d0d4542d282fa48605bce7479.r2.dev/cards/MYL/PRIMERA%20ERA/fc35a336-de2f-4628-9f8a-2759222abbcc.png
035e72df-0496-47b0-97f1-ae4048005621,222 - 236 / PRIMERA EDICION,MONEDAS IMPERIALES,,0,,,,COLECCION: ESPIRITU DEL DRAGON,0,0,0,https://pub-77824f6d0d4542d282fa48605bce7479.r2.dev/cards/MYL/PRIMERA%20ERA/035e72df-0496-47b0-97f1-ae4048005621.png
ceeacb9f-2781-47dd-a1e7-fa7f3aeb204d,126 - 236 / PRIMERA EDICION,MONJE DE KRI-LING,4.0,4,,,,LEYENDAS PRIMERA ERA 2.0,0,0,0,https://pub-77824f6d0d4542d282fa48605bce7479.r2.dev/cards/MYL/PRIMERA%20ERA/ceeacb9f-2781-47dd-a1e7-fa7f3aeb204d.png
62a350b2-ca43-412b-8ab9-34aa07c8c1aa,182 - 236 / PRIMERA EDICION,MONJE DE KRI-LING,4.0,4,,,,LEYENDAS PRIMERA ERA 1.0,0,0,0,https://pub-77824f6d0d4542d282fa48605bce7479.r2.dev/cards/MYL/PRIMERA%20ERA/62a350b2-ca43-412b-8ab9-34aa07c8c1aa.png
70e2666a-d97b-480a-84bb-f7c17044150d,67 - 236 / PRIMERA EDICION,MONO DE HIERRO,3.0,0,,,,COLECCION: ESPIRITU DEL DRAGON,0,0,0,https://pub-77824f6d0d4542d282fa48605bce7479.r2.dev/cards/MYL/PRIMERA%20ERA/70e2666a-d97b-480a-84bb-f7c17044150d.png
1c815501-cf3d-43af-8609-862034f6e1ef,193 - 236 / PRIMERA EDICION,MONTE KUN LUN,3.0,0,,,,COLECCION: ESPIRITU DEL DRAGON,0,0,0,https://pub-77824f6d0d4542d282fa48605bce7479.r2.dev/cards/MYL/PRIMERA%20ERA/1c815501-cf3d-43af-8609-862034f6e1ef.png
85692b01-74eb-48d5-90a8-734ea68d54e7,LPE23 189/300,MORTUS,3.0,1,,,,LEYENDAS PRIMERA ERA 3.0,0,0,0,https://pub-77824f6d0d4542d282fa48605bce7479.r2.dev/cards/MYL/PRIMERA%20ERA/85692b01-74eb-48d5-90a8-734ea68d54e7.png
591ccbba-ebd8-4a93-97c1-5a0b83ca2008,267 - 236 / PRIMERA EDICION,MUSPELLSHEIM,4.0,0,,,,LEYENDAS PRIMERA ERA 2.0,0,0,0,https://pub-77824f6d0d4542d282fa48605bce7479.r2.dev/cards/MYL/PRIMERA%20ERA/591ccbba-ebd8-4a93-97c1-5a0b83ca2008.png
527163a3-3a17-4e1f-99c5-eef2b543bab6,159 - 236 / PRIMERA EDICION,MUSPELLSHEIM,4.0,0,,,,LEYENDAS PRIMERA ERA 1.0,0,0,0,https://pub-77824f6d0d4542d282fa48605bce7479.r2.dev/cards/MYL/PRIMERA%20ERA/527163a3-3a17-4e1f-99c5-eef2b543bab6.png
f67a5a98-93b6-4d46-8584-4fe30ba67e54,18 - 236 / PRIMERA EDICION,NAGLFAR,4.0,0,,,,LEYENDAS PRIMERA ERA 2.0,0,0,0,https://pub-77824f6d0d4542d282fa48605bce7479.r2.dev/cards/MYL/PRIMERA%20ERA/f67a5a98-93b6-4d46-8584-4fe30ba67e54.png
80f7da53-89e5-4708-be51-f66ed1b76448,114 - 236 / PRIMERA EDICION,NAGLFAR,4.0,0,,,,LEYENDAS PRIMERA ERA 1.0,0,0,0,https://pub-77824f6d0d4542d282fa48605bce7479.r2.dev/cards/MYL/PRIMERA%20ERA/80f7da53-89e5-4708-be51-f66ed1b76448.png
2c12fd2e-b97c-4482-84d9-5bdd6dabeae2,92 - 236 / PRIMERA EDICION,NANAHUATZIN,1.0,4,,,,LEYENDAS PRIMERA ERA 1.0,0,0,0,https://pub-77824f6d0d4542d282fa48605bce7479.r2.dev/cards/MYL/PRIMERA%20ERA/2c12fd2e-b97c-4482-84d9-5bdd6dabeae2.png
a98a61a7-7d62-4aa3-a586-93fddeeb9cbe,15 - 236 / PRIMERA EDICION,NANAHUATZIN,1.0,4,,,,LEYENDAS PRIMERA ERA 2.0,0,0,0,https://pub-77824f6d0d4542d282fa48605bce7479.r2.dev/cards/MYL/PRIMERA%20ERA/a98a61a7-7d62-4aa3-a586-93fddeeb9cbe.png
f9278ebf-7322-4a23-8b00-d26507adb6a9,119 - 236 / PRIMERA EDICION,NANNA,1.0,1,,,,LEYENDAS PRIMERA ERA 1.0,0,0,0,https://pub-77824f6d0d4542d282fa48605bce7479.r2.dev/cards/MYL/PRIMERA%20ERA/f9278ebf-7322-4a23-8b00-d26507adb6a9.png
4b566b60-cc8c-440c-91e7-6b51742613a9,19 - 236 / PRIMERA EDICION,NANNA,1.0,1,,,,LEYENDAS PRIMERA ERA 2.0,0,0,0,https://pub-77824f6d0d4542d282fa48605bce7479.r2.dev/cards/MYL/PRIMERA%20ERA/4b566b60-cc8c-440c-91e7-6b51742613a9.png
0d2c7dca-f908-4ad9-adf2-252df0c030d0,13 - 126 / PRIMERA EDICION,NANNA,1.0,1,,,,COLECCION: RAGNAROK,0,0,0,https://pub-77824f6d0d4542d282fa48605bce7479.r2.dev/cards/MYL/PRIMERA%20ERA/0d2c7dca-f908-4ad9-adf2-252df0c030d0.png
398622fe-308d-44aa-a5df-6ed173f7148f,174 - 126 / PRIMERA EDICION,NARCISO,2.0,3,,,,COLECCION: EL RETO,0,0,0,https://pub-77824f6d0d4542d282fa48605bce7479.r2.dev/cards/MYL/PRIMERA%20ERA/398622fe-308d-44aa-a5df-6ed173f7148f.png
35b1e557-dea4-47aa-b106-87356396868f,113 - 126 / PRIMERA ERA,NARIGUERA,,0,,,,COLECCION: LA IRA DEL NAHUAL,0,0,0,https://pub-77824f6d0d4542d282fa48605bce7479.r2.dev/cards/MYL/PRIMERA%20ERA/35b1e557-dea4-47aa-b106-87356396868f.png
1f43e19b-6f47-4bf3-8824-54b60f49c213,165 - 170 / PRIMERA EDICION,NARIGUERA,,0,,,,COLECCION: COFRADIA,0,0,0,https://pub-77824f6d0d4542d282fa48605bce7479.r2.dev/cards/MYL/PRIMERA%20ERA/1f43e19b-6f47-4bf3-8824-54b60f49c213.png
7763c29e-c588-4cab-8367-aeb8b9911219,87 - 126 / PRIMERA EDICION,NATASHA,1.0,1,,,,COLECCION: MUNDO GOTICO,0,0,0,https://pub-77824f6d0d4542d282fa48605bce7479.r2.dev/cards/MYL/PRIMERA%20ERA/7763c29e-c588-4cab-8367-aeb8b9911219.png
8a0a4bd8-70b1-4921-b1d7-abe306453d73,78 - 236 / PRIMERA EDICION,NATASHA,1.0,1,,,,LEYENDAS PRIMERA ERA 2.0,0,0,0,https://pub-77824f6d0d4542d282fa48605bce7479.r2.dev/cards/MYL/PRIMERA%20ERA/8a0a4bd8-70b1-4921-b1d7-abe306453d73.png
34a0b207-7046-4b71-9517-978f59c4b779,183 - 236 / PRIMERA EDICION,NATASHA,1.0,1,,,,LEYENDAS PRIMERA ERA 1.0,0,0,0,https://pub-77824f6d0d4542d282fa48605bce7479.r2.dev/cards/MYL/PRIMERA%20ERA/34a0b207-7046-4b71-9517-978f59c4b779.png
5ad74cf8-474b-4817-8048-105cd404e282,122 - 126 / PRIMERA ERA,NAZCA,,0,,,,COLECCION: LA IRA DEL NAHUAL,0,0,0,https://pub-77824f6d0d4542d282fa48605bce7479.r2.dev/cards/MYL/PRIMERA%20ERA/5ad74cf8-474b-4817-8048-105cd404e282.png
6dd4b279-a6e2-4975-9094-65f38737d0ef,230 - 236 / PRIMERA EDICION,NEMURI KYOSHIRO,3.0,2,,,,LEYENDAS PRIMERA ERA 2.0,0,0,0,https://pub-77824f6d0d4542d282fa48605bce7479.r2.dev/cards/MYL/PRIMERA%20ERA/6dd4b279-a6e2-4975-9094-65f38737d0ef.png
d04a9d0d-55c6-4f73-840f-a2e14f85ac07,69 - 236 / PRIMERA EDICION,NEMURI KYOSHIRO,3.0,2,,,,COLECCION: ESPIRITU DEL DRAGON,0,0,0,https://pub-77824f6d0d4542d282fa48605bce7479.r2.dev/cards/MYL/PRIMERA%20ERA/d04a9d0d-55c6-4f73-840f-a2e14f85ac07.png
d9f9b59d-a034-4d11-b009-19c8f58f41b6,97 - 126 / PRIMERA EDICION,NERTHUS,1.0,1,,,,COLECCION: RAGNAROK,0,0,0,https://pub-77824f6d0d4542d282fa48605bce7479.r2.dev/cards/MYL/PRIMERA%20ERA/d9f9b59d-a034-4d11-b009-19c8f58f41b6.png
40b531a3-affc-459b-9536-c5372b913c5f,PREMIUM PE-016,NEZHA,3.0,3,,,,LOOTBOX PRIMERA ERA 2024,0,0,0,https://pub-77824f6d0d4542d282fa48605bce7479.r2.dev/cards/MYL/PRIMERA%20ERA/40b531a3-affc-459b-9536-c5372b913c5f.png
7b291b39-6fe8-4d5d-a928-fa6e493ad93e,LPE4 05/320,NEZHA,3.0,3,,,,LEYENDAS PE 4.0,0,0,0,https://pub-77824f6d0d4542d282fa48605bce7479.r2.dev/cards/MYL/PRIMERA%20ERA/7b291b39-6fe8-4d5d-a928-fa6e493ad93e.png
b68c9355-8431-47c3-a5b2-a6526e7bdb17,276 - 236 / PRIMERA EDICION,NIAMH,2.0,1,,,,LEYENDAS PRIMERA ERA 2.0,0,0,0,https://pub-77824f6d0d4542d282fa48605bce7479.r2.dev/cards/MYL/PRIMERA%20ERA/b68c9355-8431-47c3-a5b2-a6526e7bdb17.png
572814e5-8814-4390-bedb-a075e1024af3,199 - 236 / PRIMERA EDICION,NIAMH,2.0,1,,,,LEYENDAS PRIMERA ERA 1.0,0,0,0,https://pub-77824f6d0d4542d282fa48605bce7479.r2.dev/cards/MYL/PRIMERA%20ERA/572814e5-8814-4390-bedb-a075e1024af3.png
bc37e4e1-1844-4e6b-8eb3-98aff087e57f,77 - 126 / PRIMERA EDICION,NIBELUNGOS,5.0,5,,,,COLECCION: EL RETO,0,0,0,https://pub-77824f6d0d4542d282fa48605bce7479.r2.dev/cards/MYL/PRIMERA%20ERA/bc37e4e1-1844-4e6b-8eb3-98aff087e57f.png
20d44a48-3fac-43ca-bbd9-d1a2a5268027,116 - 236 / PRIMERA EDICION,NIDAVELLIR,4.0,0,,,,LEYENDAS PRIMERA ERA 1.0,0,0,0,https://pub-77824f6d0d4542d282fa48605bce7479.r2.dev/cards/MYL/PRIMERA%20ERA/20d44a48-3fac-43ca-bbd9-d1a2a5268027.png
0c1e2e78-302a-4db0-abc4-701f8f24e647,64 - 236 / PRIMERA EDICION,NIDAVELLIR,4.0,0,,,,LEYENDAS PRIMERA ERA 2.0,0,0,0,https://pub-77824f6d0d4542d282fa48605bce7479.r2.dev/cards/MYL/PRIMERA%20ERA/0c1e2e78-302a-4db0-abc4-701f8f24e647.png
4e679f6a-ce3c-4e64-86df-b56a319a0707,125 - 236 / PRIMERA EDICION,NIDHOGG,4.0,4,,,,LEYENDAS PRIMERA ERA 1.0,0,0,0,https://pub-77824f6d0d4542d282fa48605bce7479.r2.dev/cards/MYL/PRIMERA%20ERA/4e679f6a-ce3c-4e64-86df-b56a319a0707.png
9c78d094-9cf7-49ec-865e-59eb60099d05,20 - 126 / PRIMERA EDICION,NIDHOGG,4.0,4,,,,COLECCION: RAGNAROK,0,0,0,https://pub-77824f6d0d4542d282fa48605bce7479.r2.dev/cards/MYL/PRIMERA%20ERA/9c78d094-9cf7-49ec-865e-59eb60099d05.png
e88c7ade-b253-458d-a37d-fd3dc5c9404b,EDICION LIMITADA JO,NIDO DE DRAGON,,0,,,,,0,0,0,https://pub-77824f6d0d4542d282fa48605bce7479.r2.dev/pending-versions/a09cd627-0dac-4af7-96c4-4501b80b8882/1783279016299-0.webp
f1f95ed2-f59f-4346-82cd-3fa1355e159a,56 - 126 / PRIMERA EDICION,NIFLHEIM,3.0,0,,,,COLECCION: RAGNAROK,0,0,0,https://pub-77824f6d0d4542d282fa48605bce7479.r2.dev/cards/MYL/PRIMERA%20ERA/f1f95ed2-f59f-4346-82cd-3fa1355e159a.png
4fc297c5-2374-4227-b060-65ce87d46f1e,35 - 170 / PRIMERA EDICION,NINFAS,3.0,3,,,,COLECCION: COFRADIA,0,0,0,https://pub-77824f6d0d4542d282fa48605bce7479.r2.dev/cards/MYL/PRIMERA%20ERA/4fc297c5-2374-4227-b060-65ce87d46f1e.png
fffe5454-7bf1-4262-8f55-0c5ac52c1932,58 - 126 / PRIMERA EDICION,NINFAS,1.0,1,,,,COLECCION: EL RETO,0,0,0,https://pub-77824f6d0d4542d282fa48605bce7479.r2.dev/cards/MYL/PRIMERA%20ERA/fffe5454-7bf1-4262-8f55-0c5ac52c1932.png
773a3d59-6d35-4f6a-8382-72c610b2c423,170 - 236 / PRIMERA EDICION,NINFAS,1.0,1,,,,LEYENDAS PRIMERA ERA 1.0,0,0,0,https://pub-77824f6d0d4542d282fa48605bce7479.r2.dev/cards/MYL/PRIMERA%20ERA/773a3d59-6d35-4f6a-8382-72c610b2c423.png
e9863cc5-294f-4eda-99c0-aafe1a2e085a,204 - 236 / PRIMERA EDICION,NINIGI NO MIKOTO,3.0,2,,,,LEYENDAS PRIMERA ERA 1.0,0,0,0,https://pub-77824f6d0d4542d282fa48605bce7479.r2.dev/cards/MYL/PRIMERA%20ERA/e9863cc5-294f-4eda-99c0-aafe1a2e085a.png
9c8907fd-d047-46a9-9c00-427dc53b1c8e,204 - 236 / PRIMERA EDICION,NINIGI NO MIKOTO,3.0,2,,,,LEYENDAS PRIMERA ERA 2.0,0,0,0,https://pub-77824f6d0d4542d282fa48605bce7479.r2.dev/cards/MYL/PRIMERA%20ERA/9c8907fd-d047-46a9-9c00-427dc53b1c8e.png
02109b22-9a18-4892-8ae5-d15ba52898b6,90 - 126 / PRIMERA EDICION,NIORUN,2.0,2,,,,COLECCION: RAGNAROK,0,0,0,https://pub-77824f6d0d4542d282fa48605bce7479.r2.dev/cards/MYL/PRIMERA%20ERA/02109b22-9a18-4892-8ae5-d15ba52898b6.png
be7ae56b-ca10-4048-b731-ae065c2ced1d,22 - 236 / PRIMERA EDICION,NITEN ICHI RYU,5.0,0,,,,LEYENDAS PRIMERA ERA 2.0,0,0,0,https://pub-77824f6d0d4542d282fa48605bce7479.r2.dev/cards/MYL/PRIMERA%20ERA/be7ae56b-ca10-4048-b731-ae065c2ced1d.png
b6f1e23e-898b-4cf0-9f1e-95e11a60f1f4,251 - 236 / PRIMERA EDICION,NITEN ICHI RYU,5.0,0,,,,LEYENDAS PRIMERA ERA 1.0,0,0,0,https://pub-77824f6d0d4542d282fa48605bce7479.r2.dev/cards/MYL/PRIMERA%20ERA/b6f1e23e-898b-4cf0-9f1e-95e11a60f1f4.png
619fd554-f89d-42f2-9ec6-643f1bd3ad55,LPE4 258/320,NIU MOWANG,3.0,3,,,,LEYENDAS PE 4.0,0,0,0,https://pub-77824f6d0d4542d282fa48605bce7479.r2.dev/cards/MYL/PRIMERA%20ERA/619fd554-f89d-42f2-9ec6-643f1bd3ad55.png
231ea152-9b59-49f1-84b0-150447d02ef1,94 - 236 / PRIMERA EDICION,NOMI NO SUKUNE,1.0,1,,,,COLECCION: ESPIRITU DEL DRAGON,0,0,0,https://pub-77824f6d0d4542d282fa48605bce7479.r2.dev/cards/MYL/PRIMERA%20ERA/231ea152-9b59-49f1-84b0-150447d02ef1.png
03aedf9c-3b82-4710-b263-5668d58dc9b7,141 - 170 / PRIMERA EDICION,NOSFERATU,3.0,1,,,,COLECCION: COFRADIA,0,0,0,https://pub-77824f6d0d4542d282fa48605bce7479.r2.dev/cards/MYL/PRIMERA%20ERA/03aedf9c-3b82-4710-b263-5668d58dc9b7.png
d75bf4e4-a8a9-42ee-b22b-f12d92362149,141 - 170 / PRIMERA EDICION,NOSFERATU,3.0,1,,,,COLECCION: COFRADIA,0,0,0,https://pub-77824f6d0d4542d282fa48605bce7479.r2.dev/cards/MYL/PRIMERA%20ERA/d75bf4e4-a8a9-42ee-b22b-f12d92362149.png
dac82c1d-e015-4f0a-b507-bdb516590895,52 - 236 / PRIMERA EDICION,NOSFERATU,3.0,1,,,,LEYENDAS PRIMERA ERA 1.0,0,0,0,https://pub-77824f6d0d4542d282fa48605bce7479.r2.dev/cards/MYL/PRIMERA%20ERA/dac82c1d-e015-4f0a-b507-bdb516590895.png
e157582d-6cd3-43ea-9b43-996565d7210d,83 - 126 / PRIMERA EDICION,NOSFERATU,3.0,1,,,,COLECCION: MUNDO GOTICO,0,0,0,https://pub-77824f6d0d4542d282fa48605bce7479.r2.dev/cards/MYL/PRIMERA%20ERA/e157582d-6cd3-43ea-9b43-996565d7210d.png
459dd202-7311-4aed-91ca-eef4f7a12557,133 - 236 / PRIMERA EDICION,NOTT,3.0,3,,,,LEYENDAS PRIMERA ERA 2.0,0,0,0,https://pub-77824f6d0d4542d282fa48605bce7479.r2.dev/cards/MYL/PRIMERA%20ERA/459dd202-7311-4aed-91ca-eef4f7a12557.png
5e9f2a22-f65c-4d7f-80ab-27db9dcbdd04,135 - 236 / PRIMERA EDICION,NOTT,3.0,3,,,,LEYENDAS PRIMERA ERA 1.0,0,0,0,https://pub-77824f6d0d4542d282fa48605bce7479.r2.dev/cards/MYL/PRIMERA%20ERA/5e9f2a22-f65c-4d7f-80ab-27db9dcbdd04.png
05a9a6b0-486b-4587-b0ce-a61623c95874,166 - 126 / PRIMERA EDICION,NUGUA,3.0,0,,,,COLECCION: EL RETO,0,0,0,https://pub-77824f6d0d4542d282fa48605bce7479.r2.dev/cards/MYL/PRIMERA%20ERA/05a9a6b0-486b-4587-b0ce-a61623c95874.png
ab3ca822-98c7-4a5e-9017-56abde42dde5,174 - 236 / PRIMERA EDICION,NUKEWAZA,5.0,0,,,,COLECCION: ESPIRITU DEL DRAGON,0,0,0,https://pub-77824f6d0d4542d282fa48605bce7479.r2.dev/cards/MYL/PRIMERA%20ERA/ab3ca822-98c7-4a5e-9017-56abde42dde5.png
f1c32939-04d0-4ad7-a0ab-0d9990312685,LPE23 318/300,NUKEWAZA,5.0,0,,,,LEYENDAS PRIMERA ERA 3.0,0,0,0,https://pub-77824f6d0d4542d282fa48605bce7479.r2.dev/cards/MYL/PRIMERA%20ERA/f1c32939-04d0-4ad7-a0ab-0d9990312685.png
22f32072-0d9c-454f-9643-596ee82bdd78,220 - 236 / PRIMERA EDICION,NUNCHAKU,2.0,0,,,,COLECCION: ESPIRITU DEL DRAGON,0,0,0,https://pub-77824f6d0d4542d282fa48605bce7479.r2.dev/cards/MYL/PRIMERA%20ERA/22f32072-0d9c-454f-9643-596ee82bdd78.png
845ba55b-299c-4a38-b789-2147c40231fe,124 - 236 / PRIMERA EDICION,NURIKABE,1.0,2,,,,COLECCION: ESPIRITU DEL DRAGON,0,0,0,https://pub-77824f6d0d4542d282fa48605bce7479.r2.dev/cards/MYL/PRIMERA%20ERA/845ba55b-299c-4a38-b789-2147c40231fe.png
35cd4c8e-742d-41fb-ae78-b71d151e69d7,124 - 236 / PRIMERA EDICION,NURIKABE,1.0,2,,,,COLECCION: ESPIRITU DEL DRAGON,0,0,0,https://pub-77824f6d0d4542d282fa48605bce7479.r2.dev/cards/MYL/PRIMERA%20ERA/35cd4c8e-742d-41fb-ae78-b71d151e69d7.png
a1cd965c-00e8-40d7-9038-b7335d9024d4,118 - 236 / PRIMERA EDICION,NYORD,5.0,3,,,,LEYENDAS PRIMERA ERA 2.0,0,0,0,https://pub-77824f6d0d4542d282fa48605bce7479.r2.dev/cards/MYL/PRIMERA%20ERA/a1cd965c-00e8-40d7-9038-b7335d9024d4.png
d9457af0-065c-4a8c-b0b4-4d433d60bc39,120 - 236 / PRIMERA EDICION,NYORD,5.0,3,,,,LEYENDAS PRIMERA ERA 1.0,0,0,0,https://pub-77824f6d0d4542d282fa48605bce7479.r2.dev/cards/MYL/PRIMERA%20ERA/d9457af0-065c-4a8c-b0b4-4d433d60bc39.png
1c747c70-72bf-42f3-9922-2bb118727935,61 - 126 / PRIMERA EDICION,OANNES,2.0,2,,,,COLECCION: EL RETO,0,0,0,https://pub-77824f6d0d4542d282fa48605bce7479.r2.dev/cards/MYL/PRIMERA%20ERA/1c747c70-72bf-42f3-9922-2bb118727935.png
c1ee667b-0735-4070-8ec5-0de6c11d7977,LPE23 325/300,OCELOTE DEL TEMPLO,,0,,,,LEYENDAS PRIMERA ERA 3.0,0,0,0,https://pub-77824f6d0d4542d282fa48605bce7479.r2.dev/cards/MYL/PRIMERA%20ERA/c1ee667b-0735-4070-8ec5-0de6c11d7977.png
93f2f1e0-7017-405e-89f5-5c957a1f84df,11 - 236 / PRIMERA EDICION,ODIN,1.0,0,,,,LEYENDAS PRIMERA ERA 2.0,0,0,0,https://pub-77824f6d0d4542d282fa48605bce7479.r2.dev/cards/MYL/PRIMERA%20ERA/93f2f1e0-7017-405e-89f5-5c957a1f84df.png
eb08b459-304b-4b12-a464-004ee2563c33,85 - 170 / PRIMERA EDICION,ODIN,1.0,0,,,,COLECCION: COFRADIA,0,0,0,https://pub-77824f6d0d4542d282fa48605bce7479.r2.dev/cards/MYL/PRIMERA%20ERA/eb08b459-304b-4b12-a464-004ee2563c33.png
6b042d81-542b-4e6d-a5ae-b3b200792a24,9 - 236 / PRIMERA EDICION,ODIN,1.0,0,,,,LEYENDAS PRIMERA ERA 1.0,0,0,0,https://pub-77824f6d0d4542d282fa48605bce7479.r2.dev/cards/MYL/PRIMERA%20ERA/6b042d81-542b-4e6d-a5ae-b3b200792a24.png
ee8b3e8e-f4c4-4887-96c1-423bd7ab760d,33 - 236 / PRIMERA EDICION,ODISEO,2.0,1,,,,LEYENDAS PRIMERA ERA 1.0,0,0,0,https://pub-77824f6d0d4542d282fa48605bce7479.r2.dev/cards/MYL/PRIMERA%20ERA/ee8b3e8e-f4c4-4887-96c1-423bd7ab760d.png
7b40bad8-b9d3-4874-b390-775f17d38744,10 - 126 / PRIMERA EDICION,OFUSCACION,3.0,0,,,,COLECCION: MUNDO GOTICO,0,0,0,https://pub-77824f6d0d4542d282fa48605bce7479.r2.dev/cards/MYL/PRIMERA%20ERA/7b40bad8-b9d3-4874-b390-775f17d38744.png
26a44e09-39e3-4c88-acb2-8d23b38e8058,36 - 170 / PRIMERA EDICION,OGRO,4.0,0,,,,COLECCION: COFRADIA,0,0,0,https://pub-77824f6d0d4542d282fa48605bce7479.r2.dev/cards/MYL/PRIMERA%20ERA/26a44e09-39e3-4c88-acb2-8d23b38e8058.png
09fd893d-1962-4e81-8b64-66168bcb691d,16 - 126 / PRIMERA EDICION,OGRO,3.0,3,,,,COLECCION: EL RETO,0,0,0,https://pub-77824f6d0d4542d282fa48605bce7479.r2.dev/cards/MYL/PRIMERA%20ERA/09fd893d-1962-4e81-8b64-66168bcb691d.png
9d1b1fd3-7ccf-4901-adee-69e973ff2289,10 - 236 / PRIMERA EDICION,OHO YAMA,2.0,2,,,,COLECCION: ESPIRITU DEL DRAGON,0,0,0,https://pub-77824f6d0d4542d282fa48605bce7479.r2.dev/cards/MYL/PRIMERA%20ERA/9d1b1fd3-7ccf-4901-adee-69e973ff2289.png
e1ea946a-dc80-4c98-8d3f-2b451e4579e8,147 - 236 / PRIMERA EDICION,OKINAWA TE,3.0,0,,,,COLECCION: ESPIRITU DEL DRAGON,0,0,0,https://pub-77824f6d0d4542d282fa48605bce7479.r2.dev/cards/MYL/PRIMERA%20ERA/e1ea946a-dc80-4c98-8d3f-2b451e4579e8.png
ad913db6-1cdc-42a8-9c9e-69a17d08784f,9 - 236 / PRIMERA EDICION,OKUNI NUSHI,3.0,1,,,,COLECCION: ESPIRITU DEL DRAGON,0,0,0,https://pub-77824f6d0d4542d282fa48605bce7479.r2.dev/cards/MYL/PRIMERA%20ERA/ad913db6-1cdc-42a8-9c9e-69a17d08784f.png
da02e926-15f8-4d1e-9c44-8d093bf0a0d8,235 - 236 / PRIMERA EDICION,ONI,2.0,3,,,,LEYENDAS PRIMERA ERA 1.0,0,0,0,https://pub-77824f6d0d4542d282fa48605bce7479.r2.dev/cards/MYL/PRIMERA%20ERA/da02e926-15f8-4d1e-9c44-8d093bf0a0d8.png
e3516d42-5d95-4069-88b6-126f75432209,209 - 236 / PRIMERA EDICION,ONI,2.0,3,,,,LEYENDAS PRIMERA ERA 2.0,0,0,0,https://pub-77824f6d0d4542d282fa48605bce7479.r2.dev/cards/MYL/PRIMERA%20ERA/e3516d42-5d95-4069-88b6-126f75432209.png
f242798b-57ff-456a-b333-5af723d386f2,20 - 236 / PRIMERA EDICION,ORACULO,,0,,,,LEYENDAS PRIMERA ERA 2.0,0,0,0,https://pub-77824f6d0d4542d282fa48605bce7479.r2.dev/cards/MYL/PRIMERA%20ERA/f242798b-57ff-456a-b333-5af723d386f2.png
d19f94f7-f7a9-4608-acff-3c489adb85a9,184 - 236 / PRIMERA EDICION,ORACULO,,0,,,,LEYENDAS PRIMERA ERA 1.0,0,0,0,https://pub-77824f6d0d4542d282fa48605bce7479.r2.dev/cards/MYL/PRIMERA%20ERA/d19f94f7-f7a9-4608-acff-3c489adb85a9.png
1b69890d-ad8f-432a-b734-a7396913386a,15 - 236 / PRIMERA EDICION,ORACULO DE DELFOS,,0,,,,LEYENDAS PRIMERA ERA 1.0,0,0,0,https://pub-77824f6d0d4542d282fa48605bce7479.r2.dev/cards/MYL/PRIMERA%20ERA/1b69890d-ad8f-432a-b734-a7396913386a.png
4e28042f-5a6d-48ef-a6a1-94f0afadf372,LPE23 301/300,ORACULO DE DELFOS,,0,,,,LEYENDAS PRIMERA ERA 3.0,0,0,0,https://pub-77824f6d0d4542d282fa48605bce7479.r2.dev/cards/MYL/PRIMERA%20ERA/4e28042f-5a6d-48ef-a6a1-94f0afadf372.png
9a1719b7-6445-4064-baec-6935b16cf84a,39 - 236 / PRIMERA EDICION,ORACULO ZINGARO,1.0,0,,,,LEYENDAS PRIMERA ERA 1.0,0,0,0,https://pub-77824f6d0d4542d282fa48605bce7479.r2.dev/cards/MYL/PRIMERA%20ERA/9a1719b7-6445-4064-baec-6935b16cf84a.png
2ede835f-a9ac-405d-84f4-250de2e8a2b6,114 - 236 / PRIMERA EDICION,ORACULO ZINGARO,1.0,0,,,,LEYENDAS PRIMERA ERA 2.0,0,0,0,https://pub-77824f6d0d4542d282fa48605bce7479.r2.dev/cards/MYL/PRIMERA%20ERA/2ede835f-a9ac-405d-84f4-250de2e8a2b6.png
8bfea1a5-3b57-4770-9263-a2a452d61267,226 - 236 / PRIMERA EDICION,ORIGAMI,,0,,,,COLECCION: ESPIRITU DEL DRAGON,0,0,0,https://pub-77824f6d0d4542d282fa48605bce7479.r2.dev/cards/MYL/PRIMERA%20ERA/8bfea1a5-3b57-4770-9263-a2a452d61267.png
8b1963a2-43ae-4257-b296-2038e637c50c,195 - 236 / PRIMERA EDICION,OSIRIS,5.0,3,,,,LEYENDAS PRIMERA ERA 1.0,0,0,0,https://pub-77824f6d0d4542d282fa48605bce7479.r2.dev/cards/MYL/PRIMERA%20ERA/8b1963a2-43ae-4257-b296-2038e637c50c.png
c2aa382e-51f6-4143-a55a-a2158c9d8f11,142 - 170 / PRIMERA EDICION,OSIRIS,3.0,3,,,,COLECCION: COFRADIA,0,0,0,https://pub-77824f6d0d4542d282fa48605bce7479.r2.dev/cards/MYL/PRIMERA%20ERA/c2aa382e-51f6-4143-a55a-a2158c9d8f11.png
aa26da00-1cb4-4550-b837-bc6da879a8c4,75 - 126 / PRIMERA EDICION,OSIRIS,5.0,3,,,,COLECCION: EL RETO,0,0,0,https://pub-77824f6d0d4542d282fa48605bce7479.r2.dev/cards/MYL/PRIMERA%20ERA/aa26da00-1cb4-4550-b837-bc6da879a8c4.png
ad68e67c-d2b9-41f1-9d08-880764395c2a,265 - 236 / PRIMERA EDICION,PA KUA TAI CHI,5.0,0,,,,LEYENDAS PRIMERA ERA 1.0,0,0,0,https://pub-77824f6d0d4542d282fa48605bce7479.r2.dev/cards/MYL/PRIMERA%20ERA/ad68e67c-d2b9-41f1-9d08-880764395c2a.png
9a940b7d-5e08-41b8-808b-c64c9474989d,99 - 236 / PRIMERA EDICION,PA KUA TAI CHI,5.0,0,,,,LEYENDAS PRIMERA ERA 2.0,0,0,0,https://pub-77824f6d0d4542d282fa48605bce7479.r2.dev/cards/MYL/PRIMERA%20ERA/9a940b7d-5e08-41b8-808b-c64c9474989d.png
dc7f8f74-d4b2-4bc5-b56d-8ebd6d124a53,92 - 236 / PRIMERA EDICION,PA YU FENG,1.0,1,,,,COLECCION: ESPIRITU DEL DRAGON,0,0,0,https://pub-77824f6d0d4542d282fa48605bce7479.r2.dev/cards/MYL/PRIMERA%20ERA/dc7f8f74-d4b2-4bc5-b56d-8ebd6d124a53.png
4db43106-487a-4088-bd1d-951a938baebd,85 - 236 / PRIMERA EDICION,PACHAMAMA,2.0,0,,,,LEYENDAS PRIMERA ERA 2.0,0,0,0,https://pub-77824f6d0d4542d282fa48605bce7479.r2.dev/cards/MYL/PRIMERA%20ERA/4db43106-487a-4088-bd1d-951a938baebd.png
37450f31-13f3-4050-9889-3f5b12316eca,70 - 236 / PRIMERA EDICION,PACHAMAMA,2.0,0,,,,LEYENDAS PRIMERA ERA 1.0,0,0,0,https://pub-77824f6d0d4542d282fa48605bce7479.r2.dev/cards/MYL/PRIMERA%20ERA/37450f31-13f3-4050-9889-3f5b12316eca.png
b327917f-e316-4180-bdac-21bc2ac403ad,91 - 236 / PRIMERA EDICION,PAHUAHTUN,,2,,,,LEYENDAS PRIMERA ERA 1.0,0,0,0,https://pub-77824f6d0d4542d282fa48605bce7479.r2.dev/cards/MYL/PRIMERA%20ERA/b327917f-e316-4180-bdac-21bc2ac403ad.png
7e301422-8058-455f-bda1-3907a831bceb,181 - 236 / PRIMERA EDICION,PAHUAHTUN,,2,,,,LEYENDAS PRIMERA ERA 2.0,0,0,0,https://pub-77824f6d0d4542d282fa48605bce7479.r2.dev/cards/MYL/PRIMERA%20ERA/7e301422-8058-455f-bda1-3907a831bceb.png
fcd7779e-9aed-4609-a43b-be19e4ec9fa5,35 - 126 / PRIMERA EDICION,PAJARO DE TRUENO,1.0,1,,,,COLECCION: EL RETO,0,0,0,https://pub-77824f6d0d4542d282fa48605bce7479.r2.dev/cards/MYL/PRIMERA%20ERA/fcd7779e-9aed-4609-a43b-be19e4ec9fa5.png
538e4c57-c91f-4dc8-941e-a63060ae11a5,137 - 236 / PRIMERA EDICION,PAK HOK CHA,3.0,0,,,,COLECCION: ESPIRITU DEL DRAGON,0,0,0,https://pub-77824f6d0d4542d282fa48605bce7479.r2.dev/cards/MYL/PRIMERA%20ERA/538e4c57-c91f-4dc8-941e-a63060ae11a5.png
10a25502-a1f9-4f8a-8e7f-d1e538e52c65,201 - 236 / PRIMERA EDICION,PALA DE MONJE,3.0,0,,,,COLECCION: ESPIRITU DEL DRAGON,0,0,0,https://pub-77824f6d0d4542d282fa48605bce7479.r2.dev/cards/MYL/PRIMERA%20ERA/10a25502-a1f9-4f8a-8e7f-d1e538e52c65.png
73974310-c92d-4f49-ac35-4c31f7e5d7bb,212 - 236 / PRIMERA EDICION,PALA DE MONJE,3.0,0,,,,LEYENDAS PRIMERA ERA 2.0,0,0,0,https://pub-77824f6d0d4542d282fa48605bce7479.r2.dev/cards/MYL/PRIMERA%20ERA/73974310-c92d-4f49-ac35-4c31f7e5d7bb.png
2a6cd3a8-cac2-4160-a291-6c60610d150e,261 - 236 / PRIMERA EDICION,PALMA DE HIERRO,2.0,0,,,,LEYENDAS PRIMERA ERA 1.0,0,0,0,https://pub-77824f6d0d4542d282fa48605bce7479.r2.dev/cards/MYL/PRIMERA%20ERA/2a6cd3a8-cac2-4160-a291-6c60610d150e.png
e558b937-f5b0-4064-86f4-e84a7c38c800,149 - 236 / PRIMERA EDICION,PALMA DE HIERRO,2.0,0,,,,LEYENDAS PRIMERA ERA 2.0,0,0,0,https://pub-77824f6d0d4542d282fa48605bce7479.r2.dev/cards/MYL/PRIMERA%20ERA/e558b937-f5b0-4064-86f4-e84a7c38c800.png
60d1fda3-1cab-4737-ba5c-903e7c2d58d6,143 - 170 / PRIMERA EDICION,PAN-GU,3.0,0,,,,COLECCION: COFRADIA,0,0,0,https://pub-77824f6d0d4542d282fa48605bce7479.r2.dev/cards/MYL/PRIMERA%20ERA/60d1fda3-1cab-4737-ba5c-903e7c2d58d6.png
a80e2032-4368-4b3a-aebb-ce9c53b05f1e,24 - 236 / PRIMERA EDICION,PAN-GU,3.0,0,,,,LEYENDAS PRIMERA ERA 1.0,0,0,0,https://pub-77824f6d0d4542d282fa48605bce7479.r2.dev/cards/MYL/PRIMERA%20ERA/a80e2032-4368-4b3a-aebb-ce9c53b05f1e.png
e84cbadf-b061-4abc-981d-0a8fdc07cdfd,235 - 236 / PRIMERA EDICION,PAN-GU,3.0,0,,,,LEYENDAS PRIMERA ERA 2.0,0,0,0,https://pub-77824f6d0d4542d282fa48605bce7479.r2.dev/cards/MYL/PRIMERA%20ERA/e84cbadf-b061-4abc-981d-0a8fdc07cdfd.png
a6c2a601-0efe-48a3-8a21-f9d6515fc947,55 - 236 / PRIMERA EDICION,PANKU,4.0,3,,,,COLECCION: ESPIRITU DEL DRAGON,0,0,0,https://pub-77824f6d0d4542d282fa48605bce7479.r2.dev/cards/MYL/PRIMERA%20ERA/a6c2a601-0efe-48a3-8a21-f9d6515fc947.png
5e0582e1-dbc9-4940-90de-9aede51d33ae,142 - 236 / PRIMERA EDICION,PAO CHUAN FA,3.0,0,,,,COLECCION: ESPIRITU DEL DRAGON,0,0,0,https://pub-77824f6d0d4542d282fa48605bce7479.r2.dev/cards/MYL/PRIMERA%20ERA/5e0582e1-dbc9-4940-90de-9aede51d33ae.png
fbaf8a2e-7340-4814-a9b2-3b23ba4a242b,142 - 236 / PRIMERA EDICION,PAO CHUAN FA,3.0,0,,,,COLECCION: ESPIRITU DEL DRAGON,0,0,0,https://pub-77824f6d0d4542d282fa48605bce7479.r2.dev/cards/MYL/PRIMERA%20ERA/fbaf8a2e-7340-4814-a9b2-3b23ba4a242b.png
5e9496aa-6a7e-44d5-89eb-66df3f8d113e,88 - 170 / PRIMERA EDICION,PASTOR,2.0,2,,,,COLECCION: COFRADIA,0,0,0,https://pub-77824f6d0d4542d282fa48605bce7479.r2.dev/cards/MYL/PRIMERA%20ERA/5e9496aa-6a7e-44d5-89eb-66df3f8d113e.png
2fdb30ad-eba3-4049-bb49-f3193f619184,185 - 236 / PRIMERA EDICION,PASTOR,3.0,2,,,,LEYENDAS PRIMERA ERA 1.0,0,0,0,https://pub-77824f6d0d4542d282fa48605bce7479.r2.dev/cards/MYL/PRIMERA%20ERA/2fdb30ad-eba3-4049-bb49-f3193f619184.png
3149f82d-02ef-4056-9a3a-c15c27cf55e8,64 - 126 / PRIMERA EDICION,PASTOR,3.0,2,,,,COLECCION: MUNDO GOTICO,0,0,0,https://pub-77824f6d0d4542d282fa48605bce7479.r2.dev/cards/MYL/PRIMERA%20ERA/3149f82d-02ef-4056-9a3a-c15c27cf55e8.png
c02e50a0-e6c5-4d83-a34c-703c1b657c3b,9 - 126 / PRIMERA EDICION,PEGASO,1.0,1,,,,COLECCION: EL RETO,0,0,0,https://pub-77824f6d0d4542d282fa48605bce7479.r2.dev/cards/MYL/PRIMERA%20ERA/c02e50a0-e6c5-4d83-a34c-703c1b657c3b.png
55002b0e-94f7-4133-9153-43ccd45fbfb3,37 - 170 / PRIMERA EDICION,PEGASO,1.0,1,,,,COLECCION: COFRADIA,0,0,0,https://pub-77824f6d0d4542d282fa48605bce7479.r2.dev/cards/MYL/PRIMERA%20ERA/55002b0e-94f7-4133-9153-43ccd45fbfb3.png
3d58797a-7527-4a17-a23f-f1ceb2a61010,088 - 126 / PRIMERA ERA,PERI PILLAN,2.0,1,,,,COLECCION: LA IRA DEL NAHUAL,0,0,0,https://pub-77824f6d0d4542d282fa48605bce7479.r2.dev/cards/MYL/PRIMERA%20ERA/3d58797a-7527-4a17-a23f-f1ceb2a61010.png
02864f5c-01a5-41a6-abb7-779feb7c4153,36 - 126 / PRIMERA EDICION,PERSEO,4.0,2,,,,COLECCION: EL RETO,0,0,0,https://pub-77824f6d0d4542d282fa48605bce7479.r2.dev/cards/MYL/PRIMERA%20ERA/02864f5c-01a5-41a6-abb7-779feb7c4153.png
c01b1841-e958-4c83-8343-00a43e581cc1,144 - 170 / PRIMERA EDICION,PERSEO,4.0,2,,,,COLECCION: COFRADIA,0,0,0,https://pub-77824f6d0d4542d282fa48605bce7479.r2.dev/cards/MYL/PRIMERA%20ERA/c01b1841-e958-4c83-8343-00a43e581cc1.png
49c931d3-41bc-4944-b86c-ff8562e4ac31,36 - 126 / PRIMERA EDICION,PERSEO,4.0,2,,,,COLECCION: EL RETO,0,0,0,https://pub-77824f6d0d4542d282fa48605bce7479.r2.dev/cards/MYL/PRIMERA%20ERA/49c931d3-41bc-4944-b86c-ff8562e4ac31.png
45ae3408-4345-4c31-af67-50ceb643b1c3,124 - 126 / PRIMERA EDICION,PIEDRAS RUNICAS,,0,,,,COLECCION: RAGNAROK,0,0,0,https://pub-77824f6d0d4542d282fa48605bce7479.r2.dev/cards/MYL/PRIMERA%20ERA/45ae3408-4345-4c31-af67-50ceb643b1c3.png
312ee231-d354-4b0f-83ee-ac6488b928f7,PROMO PE-20,PIHUCHEN,3.0,3,,,,LOOTBOX PRIMERA ERA 2024,0,0,0,https://pub-77824f6d0d4542d282fa48605bce7479.r2.dev/cards/MYL/PRIMERA%20ERA/312ee231-d354-4b0f-83ee-ac6488b928f7.png
fd23495e-7a4d-4863-bd98-4ea4a72fcb3d,110 - 126 / PRIMERA EDICION,PINCOYA,2.0,0,,,,COLECCION: EL RETO,0,0,0,https://pub-77824f6d0d4542d282fa48605bce7479.r2.dev/cards/MYL/PRIMERA%20ERA/fd23495e-7a4d-4863-bd98-4ea4a72fcb3d.png
18a3305d-c4bd-4bff-bd2a-5c5310e0e068,143 - 126 / PRIMERA EDICION,PIROMANIA,3.0,0,,,,COLECCION: MUNDO GOTICO,0,0,0,https://pub-77824f6d0d4542d282fa48605bce7479.r2.dev/cards/MYL/PRIMERA%20ERA/18a3305d-c4bd-4bff-bd2a-5c5310e0e068.png
31c14135-2a15-4b2e-a63f-13deb51928d4,143 - 126 / PRIMERA EDICION,PIROMANIA,3.0,0,,,,COLECCION: MUNDO GOTICO,0,0,0,https://pub-77824f6d0d4542d282fa48605bce7479.r2.dev/cards/MYL/PRIMERA%20ERA/31c14135-2a15-4b2e-a63f-13deb51928d4.png
73a96d1a-53ac-4443-a7df-b11ca0b054b9,166 - 170 / PRIMERA EDICION,PORTAL CELESTIAL,,0,,,,COLECCION: COFRADIA,0,0,0,https://pub-77824f6d0d4542d282fa48605bce7479.r2.dev/cards/MYL/PRIMERA%20ERA/73a96d1a-53ac-4443-a7df-b11ca0b054b9.png
d7ff8bec-ff67-4c19-9bbb-e9539ff0ca2b,93 - 126 / PRIMERA EDICION,PORTAL CELESTIAL,2.0,0,,,,COLECCION: EL RETO,0,0,0,https://pub-77824f6d0d4542d282fa48605bce7479.r2.dev/cards/MYL/PRIMERA%20ERA/d7ff8bec-ff67-4c19-9bbb-e9539ff0ca2b.png
f058c826-fda8-4bb7-8322-041338e40e68,1 - 126 / PRIMERA EDICION,POZO DEL JURAMENTO,4.0,0,,,,COLECCION: MUNDO GOTICO,0,0,0,https://pub-77824f6d0d4542d282fa48605bce7479.r2.dev/cards/MYL/PRIMERA%20ERA/f058c826-fda8-4bb7-8322-041338e40e68.png
2d851990-a10d-478c-bc47-0abe82f44584,38 - 170 / PRIMERA EDICION,POZO DEL JURAMENTO,4.0,0,,,,COLECCION: COFRADIA,0,0,0,https://pub-77824f6d0d4542d282fa48605bce7479.r2.dev/cards/MYL/PRIMERA%20ERA/2d851990-a10d-478c-bc47-0abe82f44584.png
fb3dfc6b-38cc-4ef1-9236-2e61a6370338,224 - 236 / PRIMERA EDICION,PRESENCIA MALIGNA,4.0,0,,,,LEYENDAS PRIMERA ERA 2.0,0,0,0,https://pub-77824f6d0d4542d282fa48605bce7479.r2.dev/cards/MYL/PRIMERA%20ERA/fb3dfc6b-38cc-4ef1-9236-2e61a6370338.png
0c1cf21d-e101-4a51-808b-e94ddae9dcfb,LBPE24-00-21,PRIMERAS FESTIVIDADES,,0,,,,LOOTBOX PRIMERA ERA 2024,0,0,0,https://pub-77824f6d0d4542d282fa48605bce7479.r2.dev/cards/MYL/PRIMERA%20ERA/0c1cf21d-e101-4a51-808b-e94ddae9dcfb.png
98139313-1f4a-406a-882f-8a11a0f5af6f,25 - 126 / PRIMERA EDICION,PROMETEO,2.0,1,,,,COLECCION: EL RETO,0,0,0,https://pub-77824f6d0d4542d282fa48605bce7479.r2.dev/cards/MYL/PRIMERA%20ERA/98139313-1f4a-406a-882f-8a11a0f5af6f.png
9ce2c6d5-3eaf-4a78-92dd-4e7623d798f0,6 - 126 / PRIMERA EDICION,PRUEBA DE FUEGO,2.0,0,,,,COLECCION: MUNDO GOTICO,0,0,0,https://pub-77824f6d0d4542d282fa48605bce7479.r2.dev/cards/MYL/PRIMERA%20ERA/9ce2c6d5-3eaf-4a78-92dd-4e7623d798f0.png
3cb387ea-5461-44b7-988c-b4bc9957eb94,39 - 170 / PRIMERA EDICION,PRUEBA DE FUEGO,2.0,0,,,,COLECCION: COFRADIA,0,0,0,https://pub-77824f6d0d4542d282fa48605bce7479.r2.dev/cards/MYL/PRIMERA%20ERA/3cb387ea-5461-44b7-988c-b4bc9957eb94.png
af42a746-4710-4cd4-9231-742804e6e026,59 - 236 / PRIMERA EDICION,PUCHAO,,0,,,,LEYENDAS PRIMERA ERA 2.0,0,0,0,https://pub-77824f6d0d4542d282fa48605bce7479.r2.dev/cards/MYL/PRIMERA%20ERA/af42a746-4710-4cd4-9231-742804e6e026.png
9bc3225a-2341-4887-94ff-41c2317783b1,123 - 126 / PRIMERA EDICION,PUENTE BIFROST,,0,,,,COLECCION: RAGNAROK,0,0,0,https://pub-77824f6d0d4542d282fa48605bce7479.r2.dev/cards/MYL/PRIMERA%20ERA/9bc3225a-2341-4887-94ff-41c2317783b1.png
21568164-b97f-4997-8475-8d5eb271abb2,121 - 126 / PRIMERA ERA,PUERTA DEL SOL TIAHUANACU,,0,,,,COLECCION: LA IRA DEL NAHUAL,0,0,0,https://pub-77824f6d0d4542d282fa48605bce7479.r2.dev/cards/MYL/PRIMERA%20ERA/21568164-b97f-4997-8475-8d5eb271abb2.png
c02a3ece-7107-4313-992e-2bc083cc1e67,99 - 126 / PRIMERA EDICION,PURITANO,3.0,2,,,,COLECCION: MUNDO GOTICO,0,0,0,https://pub-77824f6d0d4542d282fa48605bce7479.r2.dev/cards/MYL/PRIMERA%20ERA/c02a3ece-7107-4313-992e-2bc083cc1e67.png
bf1f8190-1e80-42da-9e8f-b3e0a0e2f0f2,40 - 170 / PRIMERA EDICION,PURITANO,3.0,2,,,,COLECCION: COFRADIA,0,0,0,https://pub-77824f6d0d4542d282fa48605bce7479.r2.dev/cards/MYL/PRIMERA%20ERA/bf1f8190-1e80-42da-9e8f-b3e0a0e2f0f2.png
0314409f-c7b9-4d55-aa24-a24b381dc578,146 - 126 / PRIMERA EDICION,QUETZALCOATL,6.0,5,,,,COLECCION: EL RETO,0,0,0,https://pub-77824f6d0d4542d282fa48605bce7479.r2.dev/cards/MYL/PRIMERA%20ERA/0314409f-c7b9-4d55-aa24-a24b381dc578.png
c23ce96f-851c-4e97-a7b4-aa9e50f47403,094 - 126 / PRIMERA ERA,QUETZALCOATL RETORNA,3.0,2,,,,COLECCION: LA IRA DEL NAHUAL,0,0,0,https://pub-77824f6d0d4542d282fa48605bce7479.r2.dev/cards/MYL/PRIMERA%20ERA/c23ce96f-851c-4e97-a7b4-aa9e50f47403.png
d41a2853-ca1b-4be0-ab69-f05c84a2bb21,156 - 126 / PRIMERA EDICION,RAFACENY,3.0,0,,,,COLECCION: MUNDO GOTICO,0,0,0,https://pub-77824f6d0d4542d282fa48605bce7479.r2.dev/cards/MYL/PRIMERA%20ERA/d41a2853-ca1b-4be0-ab69-f05c84a2bb21.png
2f67383e-5594-438d-8132-71d104bcb0e4,72 - 236 / PRIMERA EDICION,RAGNAR LODBROG,4.0,3,,,,LEYENDAS PRIMERA ERA 2.0,0,0,0,https://pub-77824f6d0d4542d282fa48605bce7479.r2.dev/cards/MYL/PRIMERA%20ERA/2f67383e-5594-438d-8132-71d104bcb0e4.png
765dd199-a2ed-4e35-8638-920d76d927e4,132 - 236 / PRIMERA EDICION,RAGNAR LODBROG,4.0,3,,,,LEYENDAS PRIMERA ERA 1.0,0,0,0,https://pub-77824f6d0d4542d282fa48605bce7479.r2.dev/cards/MYL/PRIMERA%20ERA/765dd199-a2ed-4e35-8638-920d76d927e4.png
5aa02946-a3b2-4d72-8f56-298bd7b8ba8f,21 - 236 / PRIMERA EDICION,RAIDEN,4.0,0,,,,COLECCION: ESPIRITU DEL DRAGON,0,0,0,https://pub-77824f6d0d4542d282fa48605bce7479.r2.dev/cards/MYL/PRIMERA%20ERA/5aa02946-a3b2-4d72-8f56-298bd7b8ba8f.png
58920a3c-7705-411b-ba00-1cc97d004fa5,213 - 236 / PRIMERA EDICION,RAIDEN,4.0,0,,,,LEYENDAS PRIMERA ERA 1.0,0,0,0,https://pub-77824f6d0d4542d282fa48605bce7479.r2.dev/cards/MYL/PRIMERA%20ERA/58920a3c-7705-411b-ba00-1cc97d004fa5.png
dcf65b6a-54b5-4a4b-b79e-a04f19d7ebbb,31 - 236 / PRIMERA EDICION,RAIKO,1.0,1,,,,COLECCION: ESPIRITU DEL DRAGON,0,0,0,https://pub-77824f6d0d4542d282fa48605bce7479.r2.dev/cards/MYL/PRIMERA%20ERA/dcf65b6a-54b5-4a4b-b79e-a04f19d7ebbb.png
a05eac9a-1704-428a-b3a5-144d248eca1b,44 - 236 / PRIMERA EDICION,RAPPAGAN-MEKABK,5.0,0,,,,LEYENDAS PRIMERA ERA 1.0,0,0,0,https://pub-77824f6d0d4542d282fa48605bce7479.r2.dev/cards/MYL/PRIMERA%20ERA/a05eac9a-1704-428a-b3a5-144d248eca1b.png
8b994627-bb15-4c03-9c35-56fd1145d24f,104 - 236 / PRIMERA EDICION,RAPPAGAN-MEKABK,5.0,0,,,,LEYENDAS PRIMERA ERA 2.0,0,0,0,https://pub-77824f6d0d4542d282fa48605bce7479.r2.dev/cards/MYL/PRIMERA%20ERA/8b994627-bb15-4c03-9c35-56fd1145d24f.png
8c099d5e-3cb4-4f94-97b6-d2a015822d35,82 - 126 / PRIMERA EDICION,RASPUTIN,2.0,1,,,,COLECCION: MUNDO GOTICO,0,0,0,https://pub-77824f6d0d4542d282fa48605bce7479.r2.dev/cards/MYL/PRIMERA%20ERA/8c099d5e-3cb4-4f94-97b6-d2a015822d35.png
9be9ec28-716a-4e1f-a40a-67bdd52d86c3,41 - 170 / PRIMERA EDICION,RASPUTIN,2.0,1,,,,COLECCION: COFRADIA,0,0,0,https://pub-77824f6d0d4542d282fa48605bce7479.r2.dev/cards/MYL/PRIMERA%20ERA/9be9ec28-716a-4e1f-a40a-67bdd52d86c3.png
ec9a249f-3657-4643-9513-07f9d7211239,26 - 126 / PRIMERA EDICION,RATATOSK,3.0,3,,,,COLECCION: RAGNAROK,0,0,0,https://pub-77824f6d0d4542d282fa48605bce7479.r2.dev/cards/MYL/PRIMERA%20ERA/ec9a249f-3657-4643-9513-07f9d7211239.png
befdc595-cba7-4a06-8fb2-e52dd416a547,CRPE4 36 - 117,REPULSION,2.0,0,,,,KIT RACIALES PRIMERA ERA 2025: VAMPIRO,0,0,0,https://pub-77824f6d0d4542d282fa48605bce7479.r2.dev/cards/MYL/PRIMERA%20ERA/befdc595-cba7-4a06-8fb2-e52dd416a547.png
368cf621-ce19-4527-9e43-115fb6da6c7b,89 - 170 / PRIMERA EDICION,REVOLUCION DE LOS OBJETOS,5.0,0,,,,COLECCION: COFRADIA,0,0,0,https://pub-77824f6d0d4542d282fa48605bce7479.r2.dev/cards/MYL/PRIMERA%20ERA/368cf621-ce19-4527-9e43-115fb6da6c7b.png
400b4d29-3d57-43f7-a787-adfcd7217357,74 - 236 / PRIMERA EDICION,REVOLUCION DE LOS OBJETOS,6.0,0,,,,LEYENDAS PRIMERA ERA 1.0,0,0,0,https://pub-77824f6d0d4542d282fa48605bce7479.r2.dev/cards/MYL/PRIMERA%20ERA/400b4d29-3d57-43f7-a787-adfcd7217357.png
12df0923-08b1-4e4d-84f3-98f4b0309ac3,55 - 236 / PRIMERA EDICION,REVOLUCION DE LOS OBJETOS,6.0,0,,,,LEYENDAS PRIMERA ERA 2.0,0,0,0,https://pub-77824f6d0d4542d282fa48605bce7479.r2.dev/cards/MYL/PRIMERA%20ERA/12df0923-08b1-4e4d-84f3-98f4b0309ac3.png
5866c06c-322e-4f14-baa5-538059a3aa72,154 - 126 / PRIMERA EDICION,REY ARTURO,4.0,4,,,,COLECCION: EL RETO,0,0,0,https://pub-77824f6d0d4542d282fa48605bce7479.r2.dev/cards/MYL/PRIMERA%20ERA/5866c06c-322e-4f14-baa5-538059a3aa72.png
6c629be0-4d07-4305-a72d-72afe37d020b,34 - 236 / PRIMERA EDICION,REY ARTURO PENDRAGON,5.0,5,,,,LEYENDAS PRIMERA ERA 2.0,0,0,0,https://pub-77824f6d0d4542d282fa48605bce7479.r2.dev/cards/MYL/PRIMERA%20ERA/6c629be0-4d07-4305-a72d-72afe37d020b.png
82891077-07b4-4a2e-bbbf-42b7e34d8e3b,142 - 126 / PRIMERA EDICION,REY MIDAS,3.0,3,,,,COLECCION: EL RETO,0,0,0,https://pub-77824f6d0d4542d282fa48605bce7479.r2.dev/cards/MYL/PRIMERA%20ERA/82891077-07b4-4a2e-bbbf-42b7e34d8e3b.png
79ff73eb-a61c-431d-a730-5b1b045f3bc8,4 - 126 / PRIMERA EDICION,REY MONO,5.0,3,,,,COLECCION: EL RETO,0,0,0,https://pub-77824f6d0d4542d282fa48605bce7479.r2.dev/cards/MYL/PRIMERA%20ERA/79ff73eb-a61c-431d-a730-5b1b045f3bc8.png
4fd18fdd-2400-40fb-a6ff-2f5fff797f55,119 - 126 / PRIMERA EDICION,RIMKALK,,0,,,,COLECCION: RAGNAROK,0,0,0,https://pub-77824f6d0d4542d282fa48605bce7479.r2.dev/cards/MYL/PRIMERA%20ERA/4fd18fdd-2400-40fb-a6ff-2f5fff797f55.png
2b88f387-80b8-433f-86f5-8fe6d13c4b41,108 - 236 / PRIMERA EDICION,RITO DEL DORADO,,0,,,,LEYENDAS PRIMERA ERA 2.0,0,0,0,https://pub-77824f6d0d4542d282fa48605bce7479.r2.dev/cards/MYL/PRIMERA%20ERA/2b88f387-80b8-433f-86f5-8fe6d13c4b41.png
d62e7d77-8313-482c-90a2-ae6432508b20,75 - 236 / PRIMERA EDICION,RITO DEL DORADO,,0,,,,LEYENDAS PRIMERA ERA 1.0,0,0,0,https://pub-77824f6d0d4542d282fa48605bce7479.r2.dev/cards/MYL/PRIMERA%20ERA/d62e7d77-8313-482c-90a2-ae6432508b20.png
860f50f1-afdb-462e-b765-d8dab10c06c8,LPE4 243/320,ROBAR EL FUEGO,1.0,0,,,,LEYENDAS PE 4.0,0,0,0,https://pub-77824f6d0d4542d282fa48605bce7479.r2.dev/cards/MYL/PRIMERA%20ERA/860f50f1-afdb-462e-b765-d8dab10c06c8.png
395ef173-8ee2-4bd1-8c08-68b232490d30,50 - 126 / PRIMERA EDICION,ROSA DE LOS VIENTOS,,0,,,,COLECCION: EL RETO,0,0,0,https://pub-77824f6d0d4542d282fa48605bce7479.r2.dev/cards/MYL/PRIMERA%20ERA/395ef173-8ee2-4bd1-8c08-68b232490d30.png
ef394deb-e806-4501-bbc7-a55e5b41b5ad,114 - 126 / PRIMERA EDICION,ROSAL SILVESTRE,,0,,,,COLECCION: MUNDO GOTICO,0,0,0,https://pub-77824f6d0d4542d282fa48605bce7479.r2.dev/cards/MYL/PRIMERA%20ERA/ef394deb-e806-4501-bbc7-a55e5b41b5ad.png
f5ae7115-3473-4248-990a-a2e6e4b17b93,93 - 126 / PRIMERA EDICION,ROY,3.0,2,,,,COLECCION: MUNDO GOTICO,0,0,0,https://pub-77824f6d0d4542d282fa48605bce7479.r2.dev/cards/MYL/PRIMERA%20ERA/f5ae7115-3473-4248-990a-a2e6e4b17b93.png
bc434e03-f78b-4edb-b24b-89063137a19c,145 - 170 / PRIMERA EDICION,RUGDRAIGE,2.0,2,,,,COLECCION: COFRADIA,0,0,0,https://pub-77824f6d0d4542d282fa48605bce7479.r2.dev/cards/MYL/PRIMERA%20ERA/bc434e03-f78b-4edb-b24b-89063137a19c.png
59e03a72-b06e-4fa3-a883-e9d3d8755bf3,105 - 126 / PRIMERA EDICION,RUGDRAIGE,3.0,2,,,,COLECCION: MUNDO GOTICO,0,0,0,https://pub-77824f6d0d4542d282fa48605bce7479.r2.dev/cards/MYL/PRIMERA%20ERA/59e03a72-b06e-4fa3-a883-e9d3d8755bf3.png
37bc82c9-6181-4c2e-baf1-d338303ab0af,193 - 236 / PRIMERA EDICION,RUGNIR,2.0,4,,,,LEYENDAS PRIMERA ERA 2.0,0,0,0,https://pub-77824f6d0d4542d282fa48605bce7479.r2.dev/cards/MYL/PRIMERA%20ERA/37bc82c9-6181-4c2e-baf1-d338303ab0af.png
d05bc450-23f7-4007-ae96-0d5c9b368aa9,150 - 236 / PRIMERA EDICION,RUGNIR,2.0,4,,,,LEYENDAS PRIMERA ERA 1.0,0,0,0,https://pub-77824f6d0d4542d282fa48605bce7479.r2.dev/cards/MYL/PRIMERA%20ERA/d05bc450-23f7-4007-ae96-0d5c9b368aa9.png
42aa2d21-1490-4f9a-bbd8-24c5e5edbf31,275 - 236 / PRIMERA EDICION,RUKURU KUBI,1.0,2,,,,LEYENDAS PRIMERA ERA 2.0,0,0,0,https://pub-77824f6d0d4542d282fa48605bce7479.r2.dev/cards/MYL/PRIMERA%20ERA/42aa2d21-1490-4f9a-bbd8-24c5e5edbf31.png
e5efc343-70d4-42c0-b2f2-cc0485f74d19,256 - 236 / PRIMERA EDICION,RUMIAHUI,1.0,1,,,,LEYENDAS PRIMERA ERA 2.0,0,0,0,https://pub-77824f6d0d4542d282fa48605bce7479.r2.dev/cards/MYL/PRIMERA%20ERA/e5efc343-70d4-42c0-b2f2-cc0485f74d19.png
4f87a8a5-c9fe-466f-b2c4-247aaeab11b0,57 - 236 / PRIMERA EDICION,RUNA URUTRUNGU,4.0,2,,,,LEYENDAS PRIMERA ERA 2.0,0,0,0,https://pub-77824f6d0d4542d282fa48605bce7479.r2.dev/cards/MYL/PRIMERA%20ERA/4f87a8a5-c9fe-466f-b2c4-247aaeab11b0.png
0b4d5fb7-bb8a-48f0-ac8c-0a9bd6e5e4c3,94 - 236 / PRIMERA EDICION,RUNA URUTRUNGU,4.0,2,,,,LEYENDAS PRIMERA ERA 1.0,0,0,0,https://pub-77824f6d0d4542d282fa48605bce7479.r2.dev/cards/MYL/PRIMERA%20ERA/0b4d5fb7-bb8a-48f0-ac8c-0a9bd6e5e4c3.png
c7e93ba4-ab9f-46aa-a18c-959c177ee1dc,262 - 236 / PRIMERA EDICION,RUNAS,4.0,0,,,,LEYENDAS PRIMERA ERA 2.0,0,0,0,https://pub-77824f6d0d4542d282fa48605bce7479.r2.dev/cards/MYL/PRIMERA%20ERA/c7e93ba4-ab9f-46aa-a18c-959c177ee1dc.png
9e53c380-6a72-4dd4-a1b0-d2a2e51fd429,154 - 236 / PRIMERA EDICION,RUNAS,4.0,0,,,,LEYENDAS PRIMERA ERA 1.0,0,0,0,https://pub-77824f6d0d4542d282fa48605bce7479.r2.dev/cards/MYL/PRIMERA%20ERA/9e53c380-6a72-4dd4-a1b0-d2a2e51fd429.png
514e77ef-9109-4a68-9806-0bacc329c7c2,208 - 236 / PRIMERA EDICION,RYUJIN,4.0,5,,,,LEYENDAS PRIMERA ERA 1.0,0,0,0,https://pub-77824f6d0d4542d282fa48605bce7479.r2.dev/cards/MYL/PRIMERA%20ERA/514e77ef-9109-4a68-9806-0bacc329c7c2.png
9b9ad941-092e-4d5f-88cf-99944464420a,186 - 236 / PRIMERA EDICION,RYURIK,3.0,2,,,,LEYENDAS PRIMERA ERA 1.0,0,0,0,https://pub-77824f6d0d4542d282fa48605bce7479.r2.dev/cards/MYL/PRIMERA%20ERA/9b9ad941-092e-4d5f-88cf-99944464420a.png
82ab231a-88cd-4685-9ba1-f90d075e3d6d,127 - 236 / PRIMERA EDICION,RYURIK,3.0,2,,,,LEYENDAS PRIMERA ERA 2.0,0,0,0,https://pub-77824f6d0d4542d282fa48605bce7479.r2.dev/cards/MYL/PRIMERA%20ERA/82ab231a-88cd-4685-9ba1-f90d075e3d6d.png
754776d9-ec97-444d-82ef-3c4ba4a5e7af,91 - 170 / PRIMERA EDICION,SACRIFICIO HUMANO,5.0,0,,,,COLECCION: COFRADIA,0,0,0,https://pub-77824f6d0d4542d282fa48605bce7479.r2.dev/cards/MYL/PRIMERA%20ERA/754776d9-ec97-444d-82ef-3c4ba4a5e7af.png
8bdd9665-00d9-47da-95e1-253b6a89a2ff,71 - 236 / PRIMERA EDICION,SACRIFICIO HUMANO,5.0,0,,,,LEYENDAS PRIMERA ERA 1.0,0,0,0,https://pub-77824f6d0d4542d282fa48605bce7479.r2.dev/cards/MYL/PRIMERA%20ERA/8bdd9665-00d9-47da-95e1-253b6a89a2ff.png
36149c4c-3238-432d-a119-737b5df4d880,112 - 236 / PRIMERA EDICION,SACRIFICIO HUMANO,5.0,0,,,,LEYENDAS PRIMERA ERA 2.0,0,0,0,https://pub-77824f6d0d4542d282fa48605bce7479.r2.dev/cards/MYL/PRIMERA%20ERA/36149c4c-3238-432d-a119-737b5df4d880.png
c7593747-2ed9-4845-9d0f-14e7d1d9cc8a,218 - 236 / PRIMERA EDICION,SAI,2.0,0,,,,LEYENDAS PRIMERA ERA 2.0,0,0,0,https://pub-77824f6d0d4542d282fa48605bce7479.r2.dev/cards/MYL/PRIMERA%20ERA/c7593747-2ed9-4845-9d0f-14e7d1d9cc8a.png
ecadc2ec-05b8-42b5-af57-0c5e651e6116,250 - 236 / PRIMERA EDICION,SAIMIN NO JUTSU,3.0,0,,,,LEYENDAS PRIMERA ERA 1.0,0,0,0,https://pub-77824f6d0d4542d282fa48605bce7479.r2.dev/cards/MYL/PRIMERA%20ERA/ecadc2ec-05b8-42b5-af57-0c5e651e6116.png
548cbbfb-1999-40c9-85d2-f32f220fd40c,271 - 236 / PRIMERA EDICION,SAIMIN NO JUTSU,3.0,0,,,,LEYENDAS PRIMERA ERA 1.0,0,0,0,https://pub-77824f6d0d4542d282fa48605bce7479.r2.dev/cards/MYL/PRIMERA%20ERA/548cbbfb-1999-40c9-85d2-f32f220fd40c.png
84e6fb1b-80c8-4bba-aa5c-381be0576f5d,144 - 236 / PRIMERA EDICION,SAIMIN NO JUTSU,3.0,0,,,,COLECCION: ESPIRITU DEL DRAGON,0,0,0,https://pub-77824f6d0d4542d282fa48605bce7479.r2.dev/cards/MYL/PRIMERA%20ERA/84e6fb1b-80c8-4bba-aa5c-381be0576f5d.png
dbb7f244-86ca-455a-83dc-40690aedb3a1,173 - 236 / PRIMERA EDICION,SAKE,,0,,,,COLECCION: ESPIRITU DEL DRAGON,0,0,0,https://pub-77824f6d0d4542d282fa48605bce7479.r2.dev/cards/MYL/PRIMERA%20ERA/dbb7f244-86ca-455a-83dc-40690aedb3a1.png
f498dd4e-13b7-45f6-a620-faec81379c03,149 - 236 / PRIMERA EDICION,SAKU ARAI,3.0,0,,,,COLECCION: ESPIRITU DEL DRAGON,0,0,0,https://pub-77824f6d0d4542d282fa48605bce7479.r2.dev/cards/MYL/PRIMERA%20ERA/f498dd4e-13b7-45f6-a620-faec81379c03.png
3ccf9753-4a01-4a3f-bc12-9b531092e383,149 - 236 / PRIMERA EDICION,SAKU ARAI,3.0,0,,,,COLECCION: ESPIRITU DEL DRAGON,0,0,0,https://pub-77824f6d0d4542d282fa48605bce7479.r2.dev/cards/MYL/PRIMERA%20ERA/3ccf9753-4a01-4a3f-bc12-9b531092e383.png
262299f8-c412-4564-91eb-859aaa975316,LPE23 323/300,SAKURA,,0,,,,LEYENDAS PRIMERA ERA 3.0,0,0,0,https://pub-77824f6d0d4542d282fa48605bce7479.r2.dev/cards/MYL/PRIMERA%20ERA/262299f8-c412-4564-91eb-859aaa975316.png
2ae3842e-ad4c-440d-a524-c043b39f4d11,230 - 236 / PRIMERA EDICION,SAKURA,,0,,,,COLECCION: ESPIRITU DEL DRAGON,0,0,0,https://pub-77824f6d0d4542d282fa48605bce7479.r2.dev/cards/MYL/PRIMERA%20ERA/2ae3842e-ad4c-440d-a524-c043b39f4d11.png
af15d73a-1bf4-4107-b953-581cde2cefb5,66 - 126 / PRIMERA EDICION,SALAMANDRA,2.0,2,,,,COLECCION: MUNDO GOTICO,0,0,0,https://pub-77824f6d0d4542d282fa48605bce7479.r2.dev/cards/MYL/PRIMERA%20ERA/af15d73a-1bf4-4107-b953-581cde2cefb5.png
9200cc05-ac89-4639-91ca-cd7db67755df,92 - 170 / PRIMERA EDICION,SALAMANDRA,2.0,2,,,,COLECCION: COFRADIA,0,0,0,https://pub-77824f6d0d4542d282fa48605bce7479.r2.dev/cards/MYL/PRIMERA%20ERA/9200cc05-ac89-4639-91ca-cd7db67755df.png
591f762f-3005-4fd9-b43e-b5d7b43e0db4,3 - 236 / PRIMERA EDICION,SALOME,3.0,3,,,,LEYENDAS PRIMERA ERA 2.0,0,0,0,https://pub-77824f6d0d4542d282fa48605bce7479.r2.dev/cards/MYL/PRIMERA%20ERA/591f762f-3005-4fd9-b43e-b5d7b43e0db4.png
19f2c9af-dd21-4655-80aa-0fec5fde14b7,23 - 174 / PRIMERA EDICION,SALOME,,0,,,,,0,0,0,https://pub-77824f6d0d4542d282fa48605bce7479.r2.dev/pending-versions/a09cd627-0dac-4af7-96c4-4501b80b8882/1783277354012-0.webp
29ade65f-9fb2-4a8b-9bdd-bd726a3b031f,34 - 236 / PRIMERA EDICION,SAN XING,1.0,1,,,,COLECCION: ESPIRITU DEL DRAGON,0,0,0,https://pub-77824f6d0d4542d282fa48605bce7479.r2.dev/cards/MYL/PRIMERA%20ERA/29ade65f-9fb2-4a8b-9bdd-bd726a3b031f.png
45d00807-0735-4705-914b-24126f3f7e50,87 - 236 / PRIMERA EDICION,SASAKI KOJIRO,4.0,4,,,,COLECCION: ESPIRITU DEL DRAGON,0,0,0,https://pub-77824f6d0d4542d282fa48605bce7479.r2.dev/cards/MYL/PRIMERA%20ERA/45d00807-0735-4705-914b-24126f3f7e50.png
daee0b4e-9a7c-4be2-8533-5ca6433a64c7,38 - 126 / PRIMERA EDICION,SATIRO,2.0,2,,,,COLECCION: EL RETO,0,0,0,https://pub-77824f6d0d4542d282fa48605bce7479.r2.dev/cards/MYL/PRIMERA%20ERA/daee0b4e-9a7c-4be2-8533-5ca6433a64c7.png
ef792561-0e99-4c9d-b610-6f80a7b74773,98 - 126 / PRIMERA EDICION,SCARLET,4.0,2,,,,COLECCION: MUNDO GOTICO,0,0,0,https://pub-77824f6d0d4542d282fa48605bce7479.r2.dev/cards/MYL/PRIMERA%20ERA/ef792561-0e99-4c9d-b610-6f80a7b74773.png
3faa89d2-fa18-46ae-ba03-daaad928d91a,160 - 126 / PRIMERA EDICION,SEDNA,3.0,2,,,,COLECCION: EL RETO,0,0,0,https://pub-77824f6d0d4542d282fa48605bce7479.r2.dev/cards/MYL/PRIMERA%20ERA/3faa89d2-fa18-46ae-ba03-daaad928d91a.png
94b54618-6cf4-4546-81f8-1bd97ba35e84,100 - 126 / PRIMERA EDICION,SELENA,3.0,3,,,,COLECCION: MUNDO GOTICO,0,0,0,https://pub-77824f6d0d4542d282fa48605bce7479.r2.dev/cards/MYL/PRIMERA%20ERA/94b54618-6cf4-4546-81f8-1bd97ba35e84.png
74c2e88e-836b-49b6-a1b7-46b88e7672c1,299 - 236 / PRIMERA EDICION,SELLO IMPERIAL DE JADE,,0,,,,LEYENDAS PRIMERA ERA 2.0,0,0,0,https://pub-77824f6d0d4542d282fa48605bce7479.r2.dev/cards/MYL/PRIMERA%20ERA/74c2e88e-836b-49b6-a1b7-46b88e7672c1.png
2b2d4ff1-3096-4ca9-8e57-0c41d49c9147,279 - 236 / PRIMERA EDICION,SELLO IMPERIAL DE JADE,,0,,,,LEYENDAS PRIMERA ERA 1.0,0,0,0,https://pub-77824f6d0d4542d282fa48605bce7479.r2.dev/cards/MYL/PRIMERA%20ERA/2b2d4ff1-3096-4ca9-8e57-0c41d49c9147.png
c8903f13-6163-4007-b33a-bd61384d7b2a,205 - 236 / PRIMERA EDICION,SENGEN,4.0,4,,,,LEYENDAS PRIMERA ERA 1.0,0,0,0,https://pub-77824f6d0d4542d282fa48605bce7479.r2.dev/cards/MYL/PRIMERA%20ERA/c8903f13-6163-4007-b33a-bd61384d7b2a.png
7668561e-4454-4393-a5c4-d568cf1af8e9,13 - 236 / PRIMERA EDICION,SENGEN,4.0,4,,,,COLECCION: ESPIRITU DEL DRAGON,0,0,0,https://pub-77824f6d0d4542d282fa48605bce7479.r2.dev/cards/MYL/PRIMERA%20ERA/7668561e-4454-4393-a5c4-d568cf1af8e9.png
217c61c7-97f2-42d1-a3a9-0fb9efa4fe6e,114 - 126 / PRIMERA ERA,SEOR DE SIPAN,,0,,,,COLECCION: LA IRA DEL NAHUAL,0,0,0,https://pub-77824f6d0d4542d282fa48605bce7479.r2.dev/cards/MYL/PRIMERA%20ERA/217c61c7-97f2-42d1-a3a9-0fb9efa4fe6e.png
3dd5ea25-7701-454e-823a-7a64fa673380,139 - 236 / PRIMERA EDICION,SEPUKKU,3.0,0,,,,COLECCION: ESPIRITU DEL DRAGON,0,0,0,https://pub-77824f6d0d4542d282fa48605bce7479.r2.dev/cards/MYL/PRIMERA%20ERA/3dd5ea25-7701-454e-823a-7a64fa673380.png
fd256b2b-45f6-41c3-b9b3-5bcd7f73bf5a,120 - 236 / PRIMERA EDICION,SERPIENTE BLANCA,2.0,1,,,,COLECCION: ESPIRITU DEL DRAGON,0,0,0,https://pub-77824f6d0d4542d282fa48605bce7479.r2.dev/cards/MYL/PRIMERA%20ERA/fd256b2b-45f6-41c3-b9b3-5bcd7f73bf5a.png
3f450a4f-5ddb-49d9-b39f-5d56a162b223,120 - 236 / PRIMERA EDICION,SERPIENTE BLANCA,2.0,1,,,,COLECCION: ESPIRITU DEL DRAGON,0,0,0,https://pub-77824f6d0d4542d282fa48605bce7479.r2.dev/cards/MYL/PRIMERA%20ERA/3f450a4f-5ddb-49d9-b39f-5d56a162b223.png
40e79c2c-a139-4bb4-872b-4dd337f47148,99 - 126 / PRIMERA EDICION,SERPIENTE EMPLUMADA,1.0,1,,,,COLECCION: EL RETO,0,0,0,https://pub-77824f6d0d4542d282fa48605bce7479.r2.dev/cards/MYL/PRIMERA%20ERA/40e79c2c-a139-4bb4-872b-4dd337f47148.png
eecf1bba-3fb2-4ffc-8558-e7767504fb55,43 - 170 / PRIMERA EDICION,SERPIENTE EMPLUMADA,1.0,1,,,,COLECCION: COFRADIA,0,0,0,https://pub-77824f6d0d4542d282fa48605bce7479.r2.dev/cards/MYL/PRIMERA%20ERA/eecf1bba-3fb2-4ffc-8558-e7767504fb55.png
9d5c3df4-0351-4448-b686-96849de43cf9,15 - 126 / PRIMERA EDICION,SETH,1.0,0,,,,COLECCION: EL RETO,0,0,0,https://pub-77824f6d0d4542d282fa48605bce7479.r2.dev/cards/MYL/PRIMERA%20ERA/9d5c3df4-0351-4448-b686-96849de43cf9.png
beca61e2-f56e-49be-8148-128ab711f60a,218 - 236 / PRIMERA EDICION,SHA HESHANG,2.0,2,,,,LEYENDAS PRIMERA ERA 1.0,0,0,0,https://pub-77824f6d0d4542d282fa48605bce7479.r2.dev/cards/MYL/PRIMERA%20ERA/beca61e2-f56e-49be-8148-128ab711f60a.png
a8eef762-a218-469e-a0f7-31b3dfad9b3b,ANIVERSARIO LPE25 24,SHA HESHANG,2.0,2,,,,,0,0,0,https://pub-77824f6d0d4542d282fa48605bce7479.r2.dev/cards/MYL/PRIMERA%20ERA/a8eef762-a218-469e-a0f7-31b3dfad9b3b.png
eb9c7cf7-e3b5-45c9-9e91-45d343162303,88 - 236 / PRIMERA EDICION,SHA HESHANG,2.0,2,,,,LEYENDAS PRIMERA ERA 2.0,0,0,0,https://pub-77824f6d0d4542d282fa48605bce7479.r2.dev/cards/MYL/PRIMERA%20ERA/eb9c7cf7-e3b5-45c9-9e91-45d343162303.png
8cdad7c8-eecc-4fb6-bb7a-5898a0c235ee,129 - 236 / PRIMERA EDICION,SHACHIHOKO,2.0,1,,,,COLECCION: ESPIRITU DEL DRAGON,0,0,0,https://pub-77824f6d0d4542d282fa48605bce7479.r2.dev/cards/MYL/PRIMERA%20ERA/8cdad7c8-eecc-4fb6-bb7a-5898a0c235ee.png
3b84af34-2aee-4b24-99e9-c3de5e56aae1,181 - 236 / PRIMERA EDICION,SHE CHUAN FA,3.0,0,,,,COLECCION: ESPIRITU DEL DRAGON,0,0,0,https://pub-77824f6d0d4542d282fa48605bce7479.r2.dev/cards/MYL/PRIMERA%20ERA/3b84af34-2aee-4b24-99e9-c3de5e56aae1.png
c96a0ee0-461d-432d-b4b4-4896151c9fef,83 - 236 / PRIMERA EDICION,SHEN YI,1.0,1,,,,LEYENDAS PRIMERA ERA 2.0,0,0,0,https://pub-77824f6d0d4542d282fa48605bce7479.r2.dev/cards/MYL/PRIMERA%20ERA/c96a0ee0-461d-432d-b4b4-4896151c9fef.png
e762000a-4fc1-4d6f-9cf9-8a2564a96961,221 - 236 / PRIMERA EDICION,SHEN YI,1.0,1,,,,LEYENDAS PRIMERA ERA 1.0,0,0,0,https://pub-77824f6d0d4542d282fa48605bce7479.r2.dev/cards/MYL/PRIMERA%20ERA/e762000a-4fc1-4d6f-9cf9-8a2564a96961.png
c562ac47-6dc1-4538-8e4c-1fc37098ef54,279 - 236 / PRIMERA EDICION,SHINOBI,1.0,0,,,,LEYENDAS PRIMERA ERA 2.0,0,0,0,https://pub-77824f6d0d4542d282fa48605bce7479.r2.dev/cards/MYL/PRIMERA%20ERA/c562ac47-6dc1-4538-8e4c-1fc37098ef54.png
0e68d94b-5dde-42cc-979d-ae41531e581a,208 - 236 / PRIMERA EDICION,SHIRO AMAKUSA,2.0,2,,,,LEYENDAS PRIMERA ERA 2.0,0,0,0,https://pub-77824f6d0d4542d282fa48605bce7479.r2.dev/cards/MYL/PRIMERA%20ERA/0e68d94b-5dde-42cc-979d-ae41531e581a.png
74616b06-e599-456e-87ba-75c1bf3fbd41,227 - 236 / PRIMERA EDICION,SHIRO AMAKUSA,2.0,2,,,,LEYENDAS PRIMERA ERA 1.0,0,0,0,https://pub-77824f6d0d4542d282fa48605bce7479.r2.dev/cards/MYL/PRIMERA%20ERA/74616b06-e599-456e-87ba-75c1bf3fbd41.png
389d324c-2073-44c8-9d8e-9b1970c24cc1,128 - 126 / PRIMERA EDICION,SHIVA,2.0,1,,,,COLECCION: EL RETO,0,0,0,https://pub-77824f6d0d4542d282fa48605bce7479.r2.dev/cards/MYL/PRIMERA%20ERA/389d324c-2073-44c8-9d8e-9b1970c24cc1.png
43d7f980-7ed8-4eb4-b4a4-dbe86e88d29e,LPE4 95/320,SHUAI JIAO,3.0,0,,,,LEYENDAS PE 4.0,0,0,0,https://pub-77824f6d0d4542d282fa48605bce7479.r2.dev/cards/MYL/PRIMERA%20ERA/43d7f980-7ed8-4eb4-b4a4-dbe86e88d29e.png
2e15989c-6dc3-493b-823a-bf9a15d738b2,199 - 236 / PRIMERA EDICION,SHUAR,2.0,2,,,,LEYENDAS PRIMERA ERA 2.0,0,0,0,https://pub-77824f6d0d4542d282fa48605bce7479.r2.dev/cards/MYL/PRIMERA%20ERA/2e15989c-6dc3-493b-823a-bf9a15d738b2.png
0d48b0c5-8b3a-4ec1-ac41-130ccbfad957,171 - 236 / PRIMERA EDICION,SHUAR,2.0,2,,,,LEYENDAS PRIMERA ERA 1.0,0,0,0,https://pub-77824f6d0d4542d282fa48605bce7479.r2.dev/cards/MYL/PRIMERA%20ERA/0d48b0c5-8b3a-4ec1-ac41-130ccbfad957.png
58169430-513d-456d-b36b-9721ef5886eb,95 - 236 / PRIMERA EDICION,SHUE YUEN,3.0,1,,,,COLECCION: ESPIRITU DEL DRAGON,0,0,0,https://pub-77824f6d0d4542d282fa48605bce7479.r2.dev/cards/MYL/PRIMERA%20ERA/58169430-513d-456d-b36b-9721ef5886eb.png
bbfb6508-36f9-41e6-a6d5-3ab4321bf83e,95 - 236 / PRIMERA EDICION,SHUE YUEN,3.0,1,,,,COLECCION: ESPIRITU DEL DRAGON,0,0,0,https://pub-77824f6d0d4542d282fa48605bce7479.r2.dev/cards/MYL/PRIMERA%20ERA/bbfb6508-36f9-41e6-a6d5-3ab4321bf83e.png
97b26613-2fc9-4cb2-b752-f39efd9d18a6,219 - 236 / PRIMERA EDICION,SHUKO,,0,,,,COLECCION: ESPIRITU DEL DRAGON,0,0,0,https://pub-77824f6d0d4542d282fa48605bce7479.r2.dev/cards/MYL/PRIMERA%20ERA/97b26613-2fc9-4cb2-b752-f39efd9d18a6.png
691b2362-eaaa-4b74-b096-5a0a60ecca3c,274 - 236 / PRIMERA EDICION,SHURIKEN,2.0,0,,,,LEYENDAS PRIMERA ERA 1.0,0,0,0,https://pub-77824f6d0d4542d282fa48605bce7479.r2.dev/cards/MYL/PRIMERA%20ERA/691b2362-eaaa-4b74-b096-5a0a60ecca3c.png
026107c2-2b04-4d8c-a11f-c2bbec2a12a3,153 - 236 / PRIMERA EDICION,SHURIKEN,2.0,0,,,,LEYENDAS PRIMERA ERA 2.0,0,0,0,https://pub-77824f6d0d4542d282fa48605bce7479.r2.dev/cards/MYL/PRIMERA%20ERA/026107c2-2b04-4d8c-a11f-c2bbec2a12a3.png
4697da00-6760-4ac5-b9a1-3997162a1386,268 - 236 / PRIMERA EDICION,SIF,2.0,2,,,,LEYENDAS PRIMERA ERA 2.0,0,0,0,https://pub-77824f6d0d4542d282fa48605bce7479.r2.dev/cards/MYL/PRIMERA%20ERA/4697da00-6760-4ac5-b9a1-3997162a1386.png
a9bed6fb-5ae3-483e-b255-b3f94115d42e,160 - 236 / PRIMERA EDICION,SIF,2.0,2,,,,LEYENDAS PRIMERA ERA 1.0,0,0,0,https://pub-77824f6d0d4542d282fa48605bce7479.r2.dev/cards/MYL/PRIMERA%20ERA/a9bed6fb-5ae3-483e-b255-b3f94115d42e.png
ffd819ed-9991-44d7-9eb2-e99f73aa1a2b,94 - 126 / PRIMERA EDICION,SILVER,1.0,3,,,,COLECCION: MUNDO GOTICO,0,0,0,https://pub-77824f6d0d4542d282fa48605bce7479.r2.dev/cards/MYL/PRIMERA%20ERA/ffd819ed-9991-44d7-9eb2-e99f73aa1a2b.png
601dac5c-2eb4-4655-8cc6-1f7467f35c4c,94 - 126 / PRIMERA EDICION,SILVER,1.0,3,,,,COLECCION: MUNDO GOTICO,0,0,0,https://pub-77824f6d0d4542d282fa48605bce7479.r2.dev/cards/MYL/PRIMERA%20ERA/601dac5c-2eb4-4655-8cc6-1f7467f35c4c.png
b610cb57-9395-4816-b3f7-874e794623a5,139 - 126 / PRIMERA EDICION,SIR GALAHAD,2.0,2,,,,COLECCION: EL RETO,0,0,0,https://pub-77824f6d0d4542d282fa48605bce7479.r2.dev/cards/MYL/PRIMERA%20ERA/b610cb57-9395-4816-b3f7-874e794623a5.png
06cbfdc5-8aa3-45f7-a11b-cb819b6efe62,158 - 126 / PRIMERA EDICION,SIR GAWAIN,3.0,3,,,,COLECCION: EL RETO,0,0,0,https://pub-77824f6d0d4542d282fa48605bce7479.r2.dev/cards/MYL/PRIMERA%20ERA/06cbfdc5-8aa3-45f7-a11b-cb819b6efe62.png
ddfffd71-8cdc-40dc-b9a1-288ffc8d002f,37 - 126 / PRIMERA EDICION,SIRENAS,3.0,1,,,,COLECCION: EL RETO,0,0,0,https://pub-77824f6d0d4542d282fa48605bce7479.r2.dev/cards/MYL/PRIMERA%20ERA/ddfffd71-8cdc-40dc-b9a1-288ffc8d002f.png
5a589144-2292-4a86-8095-f14f1ae289ff,289 - 236 / PRIMERA EDICION,SIRENAS,3.0,1,,,,LEYENDAS PRIMERA ERA 2.0,0,0,0,https://pub-77824f6d0d4542d282fa48605bce7479.r2.dev/cards/MYL/PRIMERA%20ERA/5a589144-2292-4a86-8095-f14f1ae289ff.png
653de6c3-7a32-4e00-bc46-07197683f2db,147 - 170 / PRIMERA EDICION,SISIUTIL,2.0,2,,,,COLECCION: COFRADIA,0,0,0,https://pub-77824f6d0d4542d282fa48605bce7479.r2.dev/cards/MYL/PRIMERA%20ERA/653de6c3-7a32-4e00-bc46-07197683f2db.png
3c975649-47bb-41a5-90cf-924244705368,51 - 126 / PRIMERA EDICION,SISIUTIL,2.0,2,,,,COLECCION: EL RETO,0,0,0,https://pub-77824f6d0d4542d282fa48605bce7479.r2.dev/cards/MYL/PRIMERA%20ERA/3c975649-47bb-41a5-90cf-924244705368.png
3ba3629c-52c9-4efb-bc24-b7d49e03e91f,41 - 126 / PRIMERA EDICION,SKO'YO,3.0,1,,,,COLECCION: EL RETO,0,0,0,https://pub-77824f6d0d4542d282fa48605bce7479.r2.dev/cards/MYL/PRIMERA%20ERA/3ba3629c-52c9-4efb-bc24-b7d49e03e91f.png
9eb12728-faf3-4ce6-9e59-6f2585f5a024,101 - 126 / PRIMERA EDICION,SNOTRA,3.0,3,,,,COLECCION: RAGNAROK,0,0,0,https://pub-77824f6d0d4542d282fa48605bce7479.r2.dev/cards/MYL/PRIMERA%20ERA/9eb12728-faf3-4ce6-9e59-6f2585f5a024.png
26a33463-d3ce-4211-bdc7-713823d92dcf,137 - 236 / PRIMERA EDICION,SOL,3.0,4,,,,LEYENDAS PRIMERA ERA 1.0,0,0,0,https://pub-77824f6d0d4542d282fa48605bce7479.r2.dev/cards/MYL/PRIMERA%20ERA/26a33463-d3ce-4211-bdc7-713823d92dcf.png
825b8635-1798-4cc5-b276-23b698dcc7ca,73 - 236 / PRIMERA EDICION,SOL,3.0,4,,,,LEYENDAS PRIMERA ERA 2.0,0,0,0,https://pub-77824f6d0d4542d282fa48605bce7479.r2.dev/cards/MYL/PRIMERA%20ERA/825b8635-1798-4cc5-b276-23b698dcc7ca.png
240aad20-5ff9-4e79-91f2-93e0ac9b0ea0,167 - 170 / PRIMERA EDICION,SORTIJA,,0,,,,COLECCION: COFRADIA,0,0,0,https://pub-77824f6d0d4542d282fa48605bce7479.r2.dev/cards/MYL/PRIMERA%20ERA/240aad20-5ff9-4e79-91f2-93e0ac9b0ea0.png
79c16f6d-5be4-42fc-b0de-bfdc795296cf,113 - 126 / PRIMERA EDICION,SORTIJA,,0,,,,COLECCION: MUNDO GOTICO,0,0,0,https://pub-77824f6d0d4542d282fa48605bce7479.r2.dev/cards/MYL/PRIMERA%20ERA/79c16f6d-5be4-42fc-b0de-bfdc795296cf.png
d496bfde-c2bf-4080-8eba-91037d08a66d,93 - 170 / PRIMERA EDICION,SOTZ'NA,3.0,0,,,,COLECCION: COFRADIA,0,0,0,https://pub-77824f6d0d4542d282fa48605bce7479.r2.dev/cards/MYL/PRIMERA%20ERA/d496bfde-c2bf-4080-8eba-91037d08a66d.png
d830b229-a081-4795-bba0-d583a74a14b2,107 - 236 / PRIMERA EDICION,STRIBOG,5.0,0,,,,LEYENDAS PRIMERA ERA 2.0,0,0,0,https://pub-77824f6d0d4542d282fa48605bce7479.r2.dev/cards/MYL/PRIMERA%20ERA/d830b229-a081-4795-bba0-d583a74a14b2.png
ec6b94c1-1d31-4cf7-be9e-32f75f4e0ba7,40 - 236 / PRIMERA EDICION,STRIBOG,5.0,0,,,,LEYENDAS PRIMERA ERA 1.0,0,0,0,https://pub-77824f6d0d4542d282fa48605bce7479.r2.dev/cards/MYL/PRIMERA%20ERA/ec6b94c1-1d31-4cf7-be9e-32f75f4e0ba7.png
41b76c70-d745-458b-a725-073e4514f94a,7 - 236 / PRIMERA EDICION,STRIBOG,5.0,0,,,,LEYENDAS PRIMERA ERA 1.0,0,0,0,https://pub-77824f6d0d4542d282fa48605bce7479.r2.dev/cards/MYL/PRIMERA%20ERA/41b76c70-d745-458b-a725-073e4514f94a.png
1fe63b56-5af5-4216-b099-6896e4a8588b,148 - 170 / PRIMERA EDICION,STRIX,2.0,2,,,,COLECCION: COFRADIA,0,0,0,https://pub-77824f6d0d4542d282fa48605bce7479.r2.dev/cards/MYL/PRIMERA%20ERA/1fe63b56-5af5-4216-b099-6896e4a8588b.png
b0921d63-3725-4482-8284-3a9158977b28,MPC 10/18,SUBIR EL VOLCAN,1.0,0,,,,MUNDOS PERDIDOS: CIUDAD DE LOS CESARES,0,0,0,https://pub-77824f6d0d4542d282fa48605bce7479.r2.dev/cards/MYL/PRIMERA%20ERA/b0921d63-3725-4482-8284-3a9158977b28.png
ad078a4e-df7f-4398-9908-6f57c4c0345f,28 - 236 / PRIMERA EDICION,SUKU NA BIKO,2.0,1,,,,COLECCION: ESPIRITU DEL DRAGON,0,0,0,https://pub-77824f6d0d4542d282fa48605bce7479.r2.dev/cards/MYL/PRIMERA%20ERA/ad078a4e-df7f-4398-9908-6f57c4c0345f.png
1ec55881-6b92-4cb8-baae-aaa0f8c664b2,266 - 236 / PRIMERA EDICION,SUN,4.0,0,,,,LEYENDAS PRIMERA ERA 1.0,0,0,0,https://pub-77824f6d0d4542d282fa48605bce7479.r2.dev/cards/MYL/PRIMERA%20ERA/1ec55881-6b92-4cb8-baae-aaa0f8c664b2.png
9c142491-5154-4e78-bca1-e3430554b7b3,196 - 236 / PRIMERA EDICION,SUN,4.0,0,,,,,0,0,0,https://pub-77824f6d0d4542d282fa48605bce7479.r2.dev/pending-versions/a09cd627-0dac-4af7-96c4-4501b80b8882/1783276851861-0.webp
49dde670-f200-4e19-84f8-fb713f899285,45 - 236 / PRIMERA EDICION,SUN,4.0,0,,,,LEYENDAS PRIMERA ERA 2.0,0,0,0,https://pub-77824f6d0d4542d282fa48605bce7479.r2.dev/cards/MYL/PRIMERA%20ERA/49dde670-f200-4e19-84f8-fb713f899285.png
14009d02-26da-4cab-820b-e8d89d78640e,222 - 236 / PRIMERA EDICION,SUN WU KUNG,4.0,1,,,,LEYENDAS PRIMERA ERA 1.0,0,0,0,https://pub-77824f6d0d4542d282fa48605bce7479.r2.dev/cards/MYL/PRIMERA%20ERA/14009d02-26da-4cab-820b-e8d89d78640e.png
4cb7c423-b16e-4ce5-8d4a-ef2036486d0e,78 - 126 / PRIMERA EDICION,SUPLICIO DE LOKI,3.0,0,,,,COLECCION: RAGNAROK,0,0,0,https://pub-77824f6d0d4542d282fa48605bce7479.r2.dev/cards/MYL/PRIMERA%20ERA/4cb7c423-b16e-4ce5-8d4a-ef2036486d0e.png
77a8a77b-5554-4691-8c4d-c02a5fb69b99,151 - 236 / PRIMERA EDICION,SURT,2.0,2,,,,LEYENDAS PRIMERA ERA 1.0,0,0,0,https://pub-77824f6d0d4542d282fa48605bce7479.r2.dev/cards/MYL/PRIMERA%20ERA/77a8a77b-5554-4691-8c4d-c02a5fb69b99.png
ef1e0c83-fb0e-4a77-bf03-88ab87b160a4,259 - 236 / PRIMERA EDICION,SURT,2.0,2,,,,LEYENDAS PRIMERA ERA 2.0,0,0,0,https://pub-77824f6d0d4542d282fa48605bce7479.r2.dev/cards/MYL/PRIMERA%20ERA/ef1e0c83-fb0e-4a77-bf03-88ab87b160a4.png
a7f68356-f0cb-42e8-a589-bb602260c79c,207 - 236 / PRIMERA EDICION,SUSANO WA,6.0,6,,,,LEYENDAS PRIMERA ERA 1.0,0,0,0,https://pub-77824f6d0d4542d282fa48605bce7479.r2.dev/cards/MYL/PRIMERA%20ERA/a7f68356-f0cb-42e8-a589-bb602260c79c.png
efa269c2-ebd4-4418-bf19-c339078411a1,29 - 126 / PRIMERA EDICION,TAGARO Y SUQUE,3.0,1,,,,COLECCION: EL RETO,0,0,0,https://pub-77824f6d0d4542d282fa48605bce7479.r2.dev/cards/MYL/PRIMERA%20ERA/efa269c2-ebd4-4418-bf19-c339078411a1.png
b44f8c80-e64d-4c7a-a9c8-952139c2cc00,26 - 126 / PRIMERA EDICION,TALOS,3.0,2,,,,COLECCION: EL RETO,0,0,0,https://pub-77824f6d0d4542d282fa48605bce7479.r2.dev/cards/MYL/PRIMERA%20ERA/b44f8c80-e64d-4c7a-a9c8-952139c2cc00.png
c2270d16-0663-483b-a957-6c4ce0a8a9f0,67 - 236 / PRIMERA EDICION,TAMMO,3.0,4,,,,LEYENDAS PRIMERA ERA 2.0,0,0,0,https://pub-77824f6d0d4542d282fa48605bce7479.r2.dev/cards/MYL/PRIMERA%20ERA/c2270d16-0663-483b-a957-6c4ce0a8a9f0.png
2017be2b-faa3-4353-8f35-4da01d786a33,166 - 236 / PRIMERA EDICION,TANG LANG CHUAN-FA,2.0,0,,,,COLECCION: ESPIRITU DEL DRAGON,0,0,0,https://pub-77824f6d0d4542d282fa48605bce7479.r2.dev/cards/MYL/PRIMERA%20ERA/2017be2b-faa3-4353-8f35-4da01d786a33.png
f5356c25-b696-459c-bc4d-c9ddd1a47cea,118 - 236 / PRIMERA EDICION,TANUKI,4.0,4,,,,COLECCION: ESPIRITU DEL DRAGON,0,0,0,https://pub-77824f6d0d4542d282fa48605bce7479.r2.dev/cards/MYL/PRIMERA%20ERA/f5356c25-b696-459c-bc4d-c9ddd1a47cea.png
cf1a0197-bad1-4b1f-93f4-47c85eaf800e,244 - 236 / PRIMERA EDICION,TANUKI,4.0,4,,,,LEYENDAS PRIMERA ERA 1.0,0,0,0,https://pub-77824f6d0d4542d282fa48605bce7479.r2.dev/cards/MYL/PRIMERA%20ERA/cf1a0197-bad1-4b1f-93f4-47c85eaf800e.png
b12ecf3b-1bff-4355-aa7e-3b875668d7ce,94 - 236 / PRIMERA EDICION,TANUKI,4.0,4,,,,LEYENDAS PRIMERA ERA 2.0,0,0,0,https://pub-77824f6d0d4542d282fa48605bce7479.r2.dev/cards/MYL/PRIMERA%20ERA/b12ecf3b-1bff-4355-aa7e-3b875668d7ce.png
72449c29-f835-49bd-936b-c2752a68f81e,255 - 236 / PRIMERA EDICION,TCHE MA TIEN,5.0,0,,,,LEYENDAS PRIMERA ERA 1.0,0,0,0,https://pub-77824f6d0d4542d282fa48605bce7479.r2.dev/cards/MYL/PRIMERA%20ERA/72449c29-f835-49bd-936b-c2752a68f81e.png
dabb0c40-4a41-465b-b564-8acac6d3b243,96 - 236 / PRIMERA EDICION,TCHE MA TIEN,5.0,0,,,,LEYENDAS PRIMERA ERA 2.0,0,0,0,https://pub-77824f6d0d4542d282fa48605bce7479.r2.dev/cards/MYL/PRIMERA%20ERA/dabb0c40-4a41-465b-b564-8acac6d3b243.png
298d1bf2-05a6-4fab-9be9-0cbbe09840a4,84 - 236 / PRIMERA EDICION,TCHI YEU,2.0,5,,,,LEYENDAS PRIMERA ERA 2.0,0,0,0,https://pub-77824f6d0d4542d282fa48605bce7479.r2.dev/cards/MYL/PRIMERA%20ERA/298d1bf2-05a6-4fab-9be9-0cbbe09840a4.png
b80b3702-052b-4c33-b407-6cc8d29a8efb,242 - 236 / PRIMERA EDICION,TCHI YEU,2.0,5,,,,LEYENDAS PRIMERA ERA 1.0,0,0,0,https://pub-77824f6d0d4542d282fa48605bce7479.r2.dev/cards/MYL/PRIMERA%20ERA/b80b3702-052b-4c33-b407-6cc8d29a8efb.png
aa54db20-51b0-44ed-b910-33dcb457b17e,278 - 236 / PRIMERA EDICION,TEATRO KABUKI,,0,,,,LEYENDAS PRIMERA ERA 1.0,0,0,0,https://pub-77824f6d0d4542d282fa48605bce7479.r2.dev/cards/MYL/PRIMERA%20ERA/aa54db20-51b0-44ed-b910-33dcb457b17e.png
e49b8550-f785-4f1f-9621-a5b301b658e4,298 - 236 / PRIMERA EDICION,TEATRO KABUKI,,0,,,,LEYENDAS PRIMERA ERA 2.0,0,0,0,https://pub-77824f6d0d4542d282fa48605bce7479.r2.dev/cards/MYL/PRIMERA%20ERA/e49b8550-f785-4f1f-9621-a5b301b658e4.png
27760038-223a-4e2e-9c01-30fe15b19ad4,227 - 236 / PRIMERA EDICION,TEATRO NOH NO,,0,,,,COLECCION: ESPIRITU DEL DRAGON,0,0,0,https://pub-77824f6d0d4542d282fa48605bce7479.r2.dev/cards/MYL/PRIMERA%20ERA/27760038-223a-4e2e-9c01-30fe15b19ad4.png
f8ecdb9d-1c1e-4bd1-8de4-a44764f6d4fe,157 - 236 / PRIMERA EDICION,TECNICA DE UN DEDO,4.0,0,,,,COLECCION: ESPIRITU DEL DRAGON,0,0,0,https://pub-77824f6d0d4542d282fa48605bce7479.r2.dev/cards/MYL/PRIMERA%20ERA/f8ecdb9d-1c1e-4bd1-8de4-a44764f6d4fe.png
f4fafaf8-6d4a-46fe-98d6-c072a56a1b11,050 - 126 / PRIMERA ERA,TECPATL,4.0,0,,,,COLECCION: LA IRA DEL NAHUAL,0,0,0,https://pub-77824f6d0d4542d282fa48605bce7479.r2.dev/cards/MYL/PRIMERA%20ERA/f4fafaf8-6d4a-46fe-98d6-c072a56a1b11.png
fb0d074d-450b-4484-9936-ba1a8c680029,LPE4 245/320,TECPATL,4.0,0,,,,LEYENDAS PE 4.0,0,0,0,https://pub-77824f6d0d4542d282fa48605bce7479.r2.dev/cards/MYL/PRIMERA%20ERA/fb0d074d-450b-4484-9936-ba1a8c680029.png
f6080759-044b-4269-a815-fa56b3d5b44b,SECRETA PLATEADA PE 03,TEEPEE,,0,,,,LOOTBOX PRIMERA ERA 2025,0,0,0,https://pub-77824f6d0d4542d282fa48605bce7479.r2.dev/cards/MYL/PRIMERA%20ERA/f6080759-044b-4269-a815-fa56b3d5b44b.png
3ea8b628-7f9d-4c95-82fe-3fec053a697e,224 - 236 / PRIMERA EDICION,TEMPLO DE LA ARMONIA,,0,,,,COLECCION: ESPIRITU DEL DRAGON,0,0,0,https://pub-77824f6d0d4542d282fa48605bce7479.r2.dev/cards/MYL/PRIMERA%20ERA/3ea8b628-7f9d-4c95-82fe-3fec053a697e.png
42b5c322-d304-447b-bd00-a34ce0785b42,LBPE24-23-21,TEMPLO DE TENOCHTITLAN,4.0,0,,,,LOOTBOX PRIMERA ERA 2024,0,0,0,https://pub-77824f6d0d4542d282fa48605bce7479.r2.dev/cards/MYL/PRIMERA%20ERA/42b5c322-d304-447b-bd00-a34ce0785b42.png
de7235f2-a74d-4f9a-85cb-d6f23d7109f7,232 - 236 / PRIMERA EDICION,TEMPLO SHAOLIN,,0,,,,COLECCION: ESPIRITU DEL DRAGON,0,0,0,https://pub-77824f6d0d4542d282fa48605bce7479.r2.dev/cards/MYL/PRIMERA%20ERA/de7235f2-a74d-4f9a-85cb-d6f23d7109f7.png
ab6d452b-1ae6-4781-9992-6fb929c72a9a,125 - 236 / PRIMERA EDICION,TENGU,1.0,2,,,,COLECCION: ESPIRITU DEL DRAGON,0,0,0,https://pub-77824f6d0d4542d282fa48605bce7479.r2.dev/cards/MYL/PRIMERA%20ERA/ab6d452b-1ae6-4781-9992-6fb929c72a9a.png
d82ca733-e9a8-4d95-9518-3a34e569799d,124 - 126 / PRIMERA ERA,TENOCHTITLAN,,0,,,,COLECCION: LA IRA DEL NAHUAL,0,0,0,https://pub-77824f6d0d4542d282fa48605bce7479.r2.dev/cards/MYL/PRIMERA%20ERA/d82ca733-e9a8-4d95-9518-3a34e569799d.png
121abaf9-3da4-4e3e-a12b-7beaa74befb3,168 - 170 / PRIMERA EDICION,TENOCHTITLAN,,0,,,,COLECCION: COFRADIA,0,0,0,https://pub-77824f6d0d4542d282fa48605bce7479.r2.dev/cards/MYL/PRIMERA%20ERA/121abaf9-3da4-4e3e-a12b-7beaa74befb3.png
cfec9f92-6dcd-48cf-8b1d-11b49ff5ea01,62 - 126 / PRIMERA EDICION,TENTENVILU-COICOIVILU,6.0,6,,,,COLECCION: EL RETO,0,0,0,https://pub-77824f6d0d4542d282fa48605bce7479.r2.dev/cards/MYL/PRIMERA%20ERA/cfec9f92-6dcd-48cf-8b1d-11b49ff5ea01.png
bbe3b26f-8882-486c-b1bc-3d09f9767b6c,043 - 126 / PRIMERA ERA,TEPOZTOPILLI,2.0,0,,,,COLECCION: LA IRA DEL NAHUAL,0,0,0,https://pub-77824f6d0d4542d282fa48605bce7479.r2.dev/cards/MYL/PRIMERA%20ERA/bbe3b26f-8882-486c-b1bc-3d09f9767b6c.png
8d1f6db5-2798-499c-a123-03968761dbdf,60 - 236 / PRIMERA EDICION,TESORO DE GUAYACAN,,0,,,,LEYENDAS PRIMERA ERA 2.0,0,0,0,https://pub-77824f6d0d4542d282fa48605bce7479.r2.dev/cards/MYL/PRIMERA%20ERA/8d1f6db5-2798-499c-a123-03968761dbdf.png
a549d0d9-a827-4810-b128-bcf3f481eaca,13 - 126 / PRIMERA EDICION,TESORO DEL REY,,0,,,,COLECCION: EL RETO,0,0,0,https://pub-77824f6d0d4542d282fa48605bce7479.r2.dev/cards/MYL/PRIMERA%20ERA/a549d0d9-a827-4810-b128-bcf3f481eaca.png
9c659d8f-9dc2-4534-ad23-9f0c55a6077c,276 - 236 / PRIMERA EDICION,TETSU-BISHI,2.0,0,,,,LEYENDAS PRIMERA ERA 1.0,0,0,0,https://pub-77824f6d0d4542d282fa48605bce7479.r2.dev/cards/MYL/PRIMERA%20ERA/9c659d8f-9dc2-4534-ad23-9f0c55a6077c.png
443b8004-e903-4049-8e42-89ba253abd78,154 - 236 / PRIMERA EDICION,TETSU-BISHI,2.0,0,,,,LEYENDAS PRIMERA ERA 2.0,0,0,0,https://pub-77824f6d0d4542d282fa48605bce7479.r2.dev/cards/MYL/PRIMERA%20ERA/443b8004-e903-4049-8e42-89ba253abd78.png
5638fae0-1e3c-4ba1-81a9-0fd920b1bb40,172 - 236 / PRIMERA EDICION,TEZCALTLIPOCA,3.0,1,,,,LEYENDAS PRIMERA ERA 1.0,0,0,0,https://pub-77824f6d0d4542d282fa48605bce7479.r2.dev/cards/MYL/PRIMERA%20ERA/5638fae0-1e3c-4ba1-81a9-0fd920b1bb40.png
738647ae-2aed-4a63-8f7e-f8b95c7de44e,200 - 236 / PRIMERA EDICION,TEZCALTLIPOCA,3.0,1,,,,LEYENDAS PRIMERA ERA 2.0,0,0,0,https://pub-77824f6d0d4542d282fa48605bce7479.r2.dev/cards/MYL/PRIMERA%20ERA/738647ae-2aed-4a63-8f7e-f8b95c7de44e.png
33420050-ba84-4227-8f62-6989855218f6,128 - 236 / PRIMERA EDICION,THOR,6.0,6,,,,LEYENDAS PRIMERA ERA 2.0,0,0,0,https://pub-77824f6d0d4542d282fa48605bce7479.r2.dev/cards/MYL/PRIMERA%20ERA/33420050-ba84-4227-8f62-6989855218f6.png
2948585a-46c8-414b-84ac-fd8541a6fffb,187 - 236 / PRIMERA EDICION,THOR,6.0,6,,,,LEYENDAS PRIMERA ERA 1.0,0,0,0,https://pub-77824f6d0d4542d282fa48605bce7479.r2.dev/cards/MYL/PRIMERA%20ERA/2948585a-46c8-414b-84ac-fd8541a6fffb.png
5045fa4f-a053-47b9-b88e-a9dfb109be07,5 - 236 / PRIMERA EDICION,THOR,6.0,6,,,,LEYENDAS PRIMERA ERA 2.0,0,0,0,https://pub-77824f6d0d4542d282fa48605bce7479.r2.dev/cards/MYL/PRIMERA%20ERA/5045fa4f-a053-47b9-b88e-a9dfb109be07.png
22e1dbe4-b8dc-4506-b64d-c3c6ca16cae4,COLECCIONISTA VICTORIOSA PE 2,TIAMATH,3.0,4,,,,,0,0,0,https://pub-77824f6d0d4542d282fa48605bce7479.r2.dev/pending-versions/a09cd627-0dac-4af7-96c4-4501b80b8882/1787449318775-0.webp
367a6441-f764-45cc-8a61-c25130029783,217 - 236 / PRIMERA EDICION,TIEN MU,2.0,3,,,,LEYENDAS PRIMERA ERA 2.0,0,0,0,https://pub-77824f6d0d4542d282fa48605bce7479.r2.dev/cards/MYL/PRIMERA%20ERA/367a6441-f764-45cc-8a61-c25130029783.png
d32a51ff-1384-4b6b-8ad3-daff30fa7915,166 - 126 / PRIMERA EDICION,TITAN LICANTROPO,10.0,12,,,,COLECCION: MUNDO GOTICO,0,0,0,https://pub-77824f6d0d4542d282fa48605bce7479.r2.dev/cards/MYL/PRIMERA%20ERA/d32a51ff-1384-4b6b-8ad3-daff30fa7915.png
40fdeb47-0e19-484c-a72b-38519f152d51,135 - 126 / PRIMERA EDICION,TLALOC,4.0,3,,,,COLECCION: EL RETO,0,0,0,https://pub-77824f6d0d4542d282fa48605bce7479.r2.dev/cards/MYL/PRIMERA%20ERA/40fdeb47-0e19-484c-a72b-38519f152d51.png
0a3ef015-72ff-4157-a4b4-e09c8b7ab260,98 - 236 / PRIMERA EDICION,TLALOQUES,3.0,1,,,,LEYENDAS PRIMERA ERA 1.0,0,0,0,https://pub-77824f6d0d4542d282fa48605bce7479.r2.dev/cards/MYL/PRIMERA%20ERA/0a3ef015-72ff-4157-a4b4-e09c8b7ab260.png
73f17015-6b85-4e5c-9c43-7ebf2c2e3ed2,176 - 236 / PRIMERA EDICION,TOKI,1.0,0,,,,LEYENDAS PRIMERA ERA 2.0,0,0,0,https://pub-77824f6d0d4542d282fa48605bce7479.r2.dev/cards/MYL/PRIMERA%20ERA/73f17015-6b85-4e5c-9c43-7ebf2c2e3ed2.png
80a011d3-41e3-4348-b993-9476941a3d8a,86 - 236 / PRIMERA EDICION,TOMOE GOZEN,3.0,5,,,,COLECCION: ESPIRITU DEL DRAGON,0,0,0,https://pub-77824f6d0d4542d282fa48605bce7479.r2.dev/cards/MYL/PRIMERA%20ERA/80a011d3-41e3-4348-b993-9476941a3d8a.png
2f69660f-5fd1-43f3-84da-a3c4c901e37f,56 - 236 / PRIMERA EDICION,TOMOE GOZEN,3.0,5,,,,LEYENDAS PRIMERA ERA 2.0,0,0,0,https://pub-77824f6d0d4542d282fa48605bce7479.r2.dev/cards/MYL/PRIMERA%20ERA/2f69660f-5fd1-43f3-84da-a3c4c901e37f.png
39567975-4b5c-40d2-8063-cd0990483d0d,025 - 126 / PRIMERA ERA,TONATIUH,1.0,0,,,,COLECCION: LA IRA DEL NAHUAL,0,0,0,https://pub-77824f6d0d4542d282fa48605bce7479.r2.dev/cards/MYL/PRIMERA%20ERA/39567975-4b5c-40d2-8063-cd0990483d0d.png
ca36a914-a157-42b0-a78c-162f6827df28,EDICIÓN LIMITADA RELAMPAGO,TORRE OSCURA,,0,,,,,0,0,0,https://pub-77824f6d0d4542d282fa48605bce7479.r2.dev/pending-versions/a09cd627-0dac-4af7-96c4-4501b80b8882/1790466238311-0.webp
118ba51b-287b-4b0e-852e-187506d3079b,TKPE24,TORRE OSCURA,,0,,,,TOOLKIT 2024,0,0,0,https://pub-77824f6d0d4542d282fa48605bce7479.r2.dev/pending-versions/a09cd627-0dac-4af7-96c4-4501b80b8882/1785467856869-0.webp
d54a507a-1d45-4227-ad47-222be4bf2506,56 - 236 / PRIMERA EDICION,TOTEM BIENAVENTURADO,2.0,0,,,,LEYENDAS PRIMERA ERA 1.0,0,0,0,https://pub-77824f6d0d4542d282fa48605bce7479.r2.dev/cards/MYL/PRIMERA%20ERA/d54a507a-1d45-4227-ad47-222be4bf2506.png
b0897ffd-77b9-4139-a06a-e08235a483f4,131 - 126 / PRIMERA EDICION,TOTEM BIENAVENTURADO,2.0,0,,,,COLECCION: MUNDO GOTICO,0,0,0,https://pub-77824f6d0d4542d282fa48605bce7479.r2.dev/cards/MYL/PRIMERA%20ERA/b0897ffd-77b9-4139-a06a-e08235a483f4.png
46ac86f0-a644-4e08-a9c8-13e7e62c1f6f,036 - 126 / PRIMERA ERA,TOTEM DE COCODRILO,4.0,0,,,,COLECCION: LA IRA DEL NAHUAL,0,0,0,https://pub-77824f6d0d4542d282fa48605bce7479.r2.dev/cards/MYL/PRIMERA%20ERA/46ac86f0-a644-4e08-a9c8-13e7e62c1f6f.png
5726957d-be9e-4e62-ab01-5511535d4cb7,81 - 236 / PRIMERA EDICION,TOTEM DE COCODRILO,4.0,0,,,,LEYENDAS PRIMERA ERA 1.0,0,0,0,https://pub-77824f6d0d4542d282fa48605bce7479.r2.dev/cards/MYL/PRIMERA%20ERA/5726957d-be9e-4e62-ab01-5511535d4cb7.png
ca2ef50b-2d83-47a3-bfde-302df11a3473,46 - 170 / PRIMERA EDICION,TOTEM DE COCODRILO,4.0,0,,,,COLECCION: COFRADIA,0,0,0,https://pub-77824f6d0d4542d282fa48605bce7479.r2.dev/cards/MYL/PRIMERA%20ERA/ca2ef50b-2d83-47a3-bfde-302df11a3473.png
3341e6e0-c894-4eb4-b1da-8d2e84c0149d,252 - 236 / PRIMERA EDICION,TOTEM DE CONEJO,1.0,0,,,,LEYENDAS PRIMERA ERA 2.0,0,0,0,https://pub-77824f6d0d4542d282fa48605bce7479.r2.dev/cards/MYL/PRIMERA%20ERA/3341e6e0-c894-4eb4-b1da-8d2e84c0149d.png
c9774e07-fd36-4976-9f56-e2c0a3fcaf8c,78 - 236 / PRIMERA EDICION,TOTEM DE CONEJO,1.0,0,,,,LEYENDAS PRIMERA ERA 1.0,0,0,0,https://pub-77824f6d0d4542d282fa48605bce7479.r2.dev/cards/MYL/PRIMERA%20ERA/c9774e07-fd36-4976-9f56-e2c0a3fcaf8c.png
9c151c57-58e3-4db3-8ffb-27c470e24d20,149 - 170 / PRIMERA EDICION,TOTEM DE CONEJO,1.0,0,,,,COLECCION: COFRADIA,0,0,0,https://pub-77824f6d0d4542d282fa48605bce7479.r2.dev/cards/MYL/PRIMERA%20ERA/9c151c57-58e3-4db3-8ffb-27c470e24d20.png
41e72e76-f1e5-40fa-a3a3-2d80c675b4a6,49 - 126 / PRIMERA EDICION,TOTEM DE FUEGO,3.0,0,,,,COLECCION: MUNDO GOTICO,0,0,0,https://pub-77824f6d0d4542d282fa48605bce7479.r2.dev/cards/MYL/PRIMERA%20ERA/41e72e76-f1e5-40fa-a3a3-2d80c675b4a6.png
f7d092c9-7833-4799-a7a7-7aa73d83767f,80 - 236 / PRIMERA EDICION,TOTEM DE GUANACO,2.0,0,,,,LEYENDAS PRIMERA ERA 1.0,0,0,0,https://pub-77824f6d0d4542d282fa48605bce7479.r2.dev/cards/MYL/PRIMERA%20ERA/f7d092c9-7833-4799-a7a7-7aa73d83767f.png
bccdb6b8-89eb-45fd-ad89-a81cabf3481c,LPE23 307/300,TOTEM DE GUANACO,2.0,0,,,,LEYENDAS PRIMERA ERA 3.0,0,0,0,https://pub-77824f6d0d4542d282fa48605bce7479.r2.dev/cards/MYL/PRIMERA%20ERA/bccdb6b8-89eb-45fd-ad89-a81cabf3481c.png
2163f8d5-191c-4b72-a296-bd38ba0923fd,47 - 170 / PRIMERA EDICION,TOTEM DE GUANACO,2.0,0,,,,COLECCION: COFRADIA,0,0,0,https://pub-77824f6d0d4542d282fa48605bce7479.r2.dev/cards/MYL/PRIMERA%20ERA/2163f8d5-191c-4b72-a296-bd38ba0923fd.png
2b7e8486-8457-4a46-8f7d-157bb8f6f489,285 - 236 / PRIMERA EDICION,TOTEM DE HIERRO,3.0,0,,,,LEYENDAS PRIMERA ERA 2.0,0,0,0,https://pub-77824f6d0d4542d282fa48605bce7479.r2.dev/cards/MYL/PRIMERA%20ERA/2b7e8486-8457-4a46-8f7d-157bb8f6f489.png
e7ab9901-c1d1-45cc-b7ec-9ce1f0048dea,135 - 126 / PRIMERA EDICION,TOTEM DE HIERRO,3.0,0,,,,COLECCION: MUNDO GOTICO,0,0,0,https://pub-77824f6d0d4542d282fa48605bce7479.r2.dev/cards/MYL/PRIMERA%20ERA/e7ab9901-c1d1-45cc-b7ec-9ce1f0048dea.png
b719f280-d7e9-4905-bcaa-9c89540e7bb8,135 - 126 / PRIMERA EDICION,TOTEM DE HIERRO,3.0,0,,,,COLECCION: MUNDO GOTICO,0,0,0,https://pub-77824f6d0d4542d282fa48605bce7479.r2.dev/cards/MYL/PRIMERA%20ERA/b719f280-d7e9-4905-bcaa-9c89540e7bb8.png
8ed6bb8b-d783-412e-9264-cd60514e5b36,157 - 236 / PRIMERA EDICION,TOTEM DE JAGUAR,2.0,0,,,,LEYENDAS PRIMERA ERA 2.0,0,0,0,https://pub-77824f6d0d4542d282fa48605bce7479.r2.dev/cards/MYL/PRIMERA%20ERA/8ed6bb8b-d783-412e-9264-cd60514e5b36.png
759badd2-5189-4afc-b885-797cdd9ab447,82 - 236 / PRIMERA EDICION,TOTEM DE JAGUAR,2.0,0,,,,LEYENDAS PRIMERA ERA 1.0,0,0,0,https://pub-77824f6d0d4542d282fa48605bce7479.r2.dev/cards/MYL/PRIMERA%20ERA/759badd2-5189-4afc-b885-797cdd9ab447.png
22f3e106-b318-4489-8b89-c100661efa21,172 - 236 / PRIMERA EDICION,TOTEM DE LA DESESPERANZA,1.0,0,,,,LEYENDAS PRIMERA ERA 2.0,0,0,0,https://pub-77824f6d0d4542d282fa48605bce7479.r2.dev/cards/MYL/PRIMERA%20ERA/22f3e106-b318-4489-8b89-c100661efa21.png
482bc4f9-a4bd-47aa-883a-c4f72c6ff3ac,220 - 236 / PRIMERA EDICION,TOTEM DE LA FECUNDIDAD,2.0,0,,,,LEYENDAS PRIMERA ERA 2.0,0,0,0,https://pub-77824f6d0d4542d282fa48605bce7479.r2.dev/cards/MYL/PRIMERA%20ERA/482bc4f9-a4bd-47aa-883a-c4f72c6ff3ac.png
ad2081e8-c708-4ec4-8617-ee00addd2f94,44 - 126 / PRIMERA EDICION,TOTEM DE LA ILUMINACION,4.0,0,,,,COLECCION: MUNDO GOTICO,0,0,0,https://pub-77824f6d0d4542d282fa48605bce7479.r2.dev/cards/MYL/PRIMERA%20ERA/ad2081e8-c708-4ec4-8617-ee00addd2f94.png
df8db30d-d7ff-48a3-9cd8-88448f9afb96,128 - 126 / PRIMERA EDICION,TOTEM DE MAGMA,2.0,0,,,,COLECCION: MUNDO GOTICO,0,0,0,https://pub-77824f6d0d4542d282fa48605bce7479.r2.dev/cards/MYL/PRIMERA%20ERA/df8db30d-d7ff-48a3-9cd8-88448f9afb96.png
e391f680-cbd2-432e-8c12-c229c3dd0344,128 - 126 / PRIMERA EDICION,TOTEM DE MAGMA,2.0,0,,,,COLECCION: MUNDO GOTICO,0,0,0,https://pub-77824f6d0d4542d282fa48605bce7479.r2.dev/cards/MYL/PRIMERA%20ERA/e391f680-cbd2-432e-8c12-c229c3dd0344.png
0cb6feb9-0fe5-4953-8193-3e4d3b872e46,127 - 126 / PRIMERA EDICION,TOTEM DE PENUMBRA,2.0,0,,,,COLECCION: MUNDO GOTICO,0,0,0,https://pub-77824f6d0d4542d282fa48605bce7479.r2.dev/cards/MYL/PRIMERA%20ERA/0cb6feb9-0fe5-4953-8193-3e4d3b872e46.png
4ff0be2f-858c-4f24-a105-fb085ace8746,48 - 170 / PRIMERA EDICION,TOTEM DE PERRO,1.0,0,,,,COLECCION: COFRADIA,0,0,0,https://pub-77824f6d0d4542d282fa48605bce7479.r2.dev/cards/MYL/PRIMERA%20ERA/4ff0be2f-858c-4f24-a105-fb085ace8746.png
e283addc-b127-4206-8a45-f45eea956df0,031 - 126 / PRIMERA ERA,TOTEM DE PERRO,1.0,0,,,,COLECCION: LA IRA DEL NAHUAL,0,0,0,https://pub-77824f6d0d4542d282fa48605bce7479.r2.dev/cards/MYL/PRIMERA%20ERA/e283addc-b127-4206-8a45-f45eea956df0.png
9e934613-4919-4d6f-af0a-8c600c3e091a,57 - 236 / PRIMERA EDICION,TOTEM DE SALAMANDRAS,4.0,0,,,,LEYENDAS PRIMERA ERA 1.0,0,0,0,https://pub-77824f6d0d4542d282fa48605bce7479.r2.dev/cards/MYL/PRIMERA%20ERA/9e934613-4919-4d6f-af0a-8c600c3e091a.png
a9435bc8-7604-4b84-9e14-cf4758ea5405,8 - 174 / PRIMERA EDICION,TOTEM DE SALAMANDRAS,4.0,0,,,,PRIMERA EDICION,0,0,0,https://pub-77824f6d0d4542d282fa48605bce7479.r2.dev/pending-versions/b457c3e0-41ed-4a6b-8d6b-438846ff4e1d/1786468130237-0.webp
1e1deda2-4f57-4055-a179-296a5a15a403,134 - 126 / PRIMERA EDICION,TOTEM DE SALAMANDRAS,4.0,0,,,,COLECCION: MUNDO GOTICO,0,0,0,https://pub-77824f6d0d4542d282fa48605bce7479.r2.dev/cards/MYL/PRIMERA%20ERA/1e1deda2-4f57-4055-a179-296a5a15a403.png
2fab7c96-a06a-49b6-a672-3d0e0d714162,170 - 236 / PRIMERA EDICION,TOTEM DE SALAMANDRAS,4.0,0,,,,LEYENDAS PRIMERA ERA 2.0,0,0,0,https://pub-77824f6d0d4542d282fa48605bce7479.r2.dev/cards/MYL/PRIMERA%20ERA/2fab7c96-a06a-49b6-a672-3d0e0d714162.png
81a2339b-f289-4da7-9a9c-b5ad74707edb,43 - 126 / PRIMERA EDICION,TOTEM DE SANGRE,3.0,0,,,,COLECCION: MUNDO GOTICO,0,0,0,https://pub-77824f6d0d4542d282fa48605bce7479.r2.dev/cards/MYL/PRIMERA%20ERA/81a2339b-f289-4da7-9a9c-b5ad74707edb.png
df519399-f81a-4179-ad61-d9a980d380c3,LPE4 246/320,TOTEM DE SERPIENTE,3.0,0,,,,LEYENDAS PE 4.0,0,0,0,https://pub-77824f6d0d4542d282fa48605bce7479.r2.dev/cards/MYL/PRIMERA%20ERA/df519399-f81a-4179-ad61-d9a980d380c3.png
9ede1576-f07d-441a-8a97-f752c605fcf0,50 - 126 / PRIMERA EDICION,TOTEM DE VITALIDAD,2.0,0,,,,COLECCION: MUNDO GOTICO,0,0,0,https://pub-77824f6d0d4542d282fa48605bce7479.r2.dev/cards/MYL/PRIMERA%20ERA/9ede1576-f07d-441a-8a97-f752c605fcf0.png
713117cc-09c7-48de-9823-01d46368f616,79 - 236 / PRIMERA EDICION,TOTEM DEL AGUILA,2.0,0,,,,LEYENDAS PRIMERA ERA 1.0,0,0,0,https://pub-77824f6d0d4542d282fa48605bce7479.r2.dev/cards/MYL/PRIMERA%20ERA/713117cc-09c7-48de-9823-01d46368f616.png
291af03a-7a50-42a5-b6a3-b0342913c602,109 - 236 / PRIMERA EDICION,TOTEM DEL AGUILA,2.0,0,,,,LEYENDAS PRIMERA ERA 2.0,0,0,0,https://pub-77824f6d0d4542d282fa48605bce7479.r2.dev/cards/MYL/PRIMERA%20ERA/291af03a-7a50-42a5-b6a3-b0342913c602.png
f8368c6b-65d2-41c2-8f95-c4ab6d8c4489,77 - 236 / PRIMERA EDICION,TOTEM DEL CONDOR,6.0,0,,,,LEYENDAS PRIMERA ERA 1.0,0,0,0,https://pub-77824f6d0d4542d282fa48605bce7479.r2.dev/cards/MYL/PRIMERA%20ERA/f8368c6b-65d2-41c2-8f95-c4ab6d8c4489.png
e2e6b17b-1f71-4730-b4b8-c8a20e080940,45 - 126 / PRIMERA EDICION,TOTEM DEL GENESIS,4.0,0,,,,COLECCION: MUNDO GOTICO,0,0,0,https://pub-77824f6d0d4542d282fa48605bce7479.r2.dev/cards/MYL/PRIMERA%20ERA/e2e6b17b-1f71-4730-b4b8-c8a20e080940.png
f30dfa35-c776-4a19-8cc0-2fddad442119,45 - 126 / PRIMERA EDICION,TOTEM DEL GENESIS,4.0,0,,,,COLECCION: MUNDO GOTICO,0,0,0,https://pub-77824f6d0d4542d282fa48605bce7479.r2.dev/cards/MYL/PRIMERA%20ERA/f30dfa35-c776-4a19-8cc0-2fddad442119.png
a92aa95f-bff3-496b-a1a3-d8f5b02116f7,96 - 170 / PRIMERA EDICION,TOTEM DEL MONO,2.0,0,,,,COLECCION: COFRADIA,0,0,0,https://pub-77824f6d0d4542d282fa48605bce7479.r2.dev/cards/MYL/PRIMERA%20ERA/a92aa95f-bff3-496b-a1a3-d8f5b02116f7.png
fa46f03a-0126-4e93-87f7-f927b5b1dc1e,49 - 170 / PRIMERA EDICION,TOTEM DEL OLVIDO,3.0,0,,,,COLECCION: COFRADIA,0,0,0,https://pub-77824f6d0d4542d282fa48605bce7479.r2.dev/cards/MYL/PRIMERA%20ERA/fa46f03a-0126-4e93-87f7-f927b5b1dc1e.png
c02799fb-a5e4-4372-8275-8d22ab43954d,46 - 126 / PRIMERA EDICION,TOTEM DEL OLVIDO,3.0,0,,,,COLECCION: MUNDO GOTICO,0,0,0,https://pub-77824f6d0d4542d282fa48605bce7479.r2.dev/cards/MYL/PRIMERA%20ERA/c02799fb-a5e4-4372-8275-8d22ab43954d.png
aa7f538e-0fff-4ecc-a38a-11453cd84bc6,49 - 170 / PRIMERA EDICION,TOTEM DEL OLVIDO,3.0,0,,,,COLECCION: COFRADIA,0,0,0,https://pub-77824f6d0d4542d282fa48605bce7479.r2.dev/cards/MYL/PRIMERA%20ERA/aa7f538e-0fff-4ecc-a38a-11453cd84bc6.png
15499320-c9d6-4e8c-a2a4-530e9fe00112,47 - 236 / PRIMERA EDICION,TOTEM DEL OLVIDO,3.0,0,,,,LEYENDAS PRIMERA ERA 1.0,0,0,0,https://pub-77824f6d0d4542d282fa48605bce7479.r2.dev/cards/MYL/PRIMERA%20ERA/15499320-c9d6-4e8c-a2a4-530e9fe00112.png
864c3caa-74e7-447a-9a95-293de3b0fe7c,83 - 236 / PRIMERA EDICION,TOTEM DEL PUMA,3.0,0,,,,LEYENDAS PRIMERA ERA 1.0,0,0,0,https://pub-77824f6d0d4542d282fa48605bce7479.r2.dev/cards/MYL/PRIMERA%20ERA/864c3caa-74e7-447a-9a95-293de3b0fe7c.png
0a481938-2890-45d8-a76a-d36305bdeb0a,133 - 126 / PRIMERA EDICION,TOTEM DEL VIENTO,3.0,0,,,,COLECCION: MUNDO GOTICO,0,0,0,https://pub-77824f6d0d4542d282fa48605bce7479.r2.dev/cards/MYL/PRIMERA%20ERA/0a481938-2890-45d8-a76a-d36305bdeb0a.png
ac0222aa-de12-4e08-8f7b-9a1819091971,55 - 236 / PRIMERA EDICION,TOTEM LUNAR,2.0,0,,,,LEYENDAS PRIMERA ERA 1.0,0,0,0,https://pub-77824f6d0d4542d282fa48605bce7479.r2.dev/cards/MYL/PRIMERA%20ERA/ac0222aa-de12-4e08-8f7b-9a1819091971.png
cb5cb7bc-4e80-43de-ae00-72f2548ec197,106 - 236 / PRIMERA EDICION,TOTEM LUNAR,2.0,0,,,,LEYENDAS PRIMERA ERA 2.0,0,0,0,https://pub-77824f6d0d4542d282fa48605bce7479.r2.dev/cards/MYL/PRIMERA%20ERA/cb5cb7bc-4e80-43de-ae00-72f2548ec197.png
705bf319-1902-4c36-957f-c2ccab117d20,129 - 126 / PRIMERA EDICION,TOTEM LUNAR,2.0,0,,,,COLECCION: MUNDO GOTICO,0,0,0,https://pub-77824f6d0d4542d282fa48605bce7479.r2.dev/cards/MYL/PRIMERA%20ERA/705bf319-1902-4c36-957f-c2ccab117d20.png
b0c62b01-41ed-41fd-8397-a3608a3cf326,132 - 126 / PRIMERA EDICION,TOTEM MAGNETICO,2.0,0,,,,COLECCION: MUNDO GOTICO,0,0,0,https://pub-77824f6d0d4542d282fa48605bce7479.r2.dev/cards/MYL/PRIMERA%20ERA/b0c62b01-41ed-41fd-8397-a3608a3cf326.png
288d55e3-299d-4da6-8ece-87b969fea4eb,LPE23 199/300,TOTEM MAGNETICO,2.0,0,,,,LEYENDAS PRIMERA ERA 3.0,0,0,0,https://pub-77824f6d0d4542d282fa48605bce7479.r2.dev/cards/MYL/PRIMERA%20ERA/288d55e3-299d-4da6-8ece-87b969fea4eb.png
7cf4ce26-9331-460f-b2b3-e98994fd15db,286 - 236 / PRIMERA EDICION,TOTEM RUNICO,3.0,0,,,,LEYENDAS PRIMERA ERA 2.0,0,0,0,https://pub-77824f6d0d4542d282fa48605bce7479.r2.dev/cards/MYL/PRIMERA%20ERA/7cf4ce26-9331-460f-b2b3-e98994fd15db.png
9ef141ae-35ac-4bb2-b15a-790d10c4d8db,48 - 126 / PRIMERA EDICION,TOTEM ULTIMO,2.0,0,,,,COLECCION: MUNDO GOTICO,0,0,0,https://pub-77824f6d0d4542d282fa48605bce7479.r2.dev/cards/MYL/PRIMERA%20ERA/9ef141ae-35ac-4bb2-b15a-790d10c4d8db.png
3cbd66cc-804f-4c6f-9ee8-aef125eb0b0a,163 - 236 / PRIMERA EDICION,TRADICION VIVA,5.0,0,,,,COLECCION: ESPIRITU DEL DRAGON,0,0,0,https://pub-77824f6d0d4542d282fa48605bce7479.r2.dev/cards/MYL/PRIMERA%20ERA/3cbd66cc-804f-4c6f-9ee8-aef125eb0b0a.png
fe8f5177-33d1-4f82-b475-302d8fc30678,27 - 126 / PRIMERA EDICION,TRAGEDIA,,0,,,,COLECCION: MUNDO GOTICO,0,0,0,https://pub-77824f6d0d4542d282fa48605bce7479.r2.dev/cards/MYL/PRIMERA%20ERA/fe8f5177-33d1-4f82-b475-302d8fc30678.png
4d347c83-6f71-44fc-8b79-fef11e3e0347,150 - 170 / PRIMERA EDICION,TRAGEDIA,,0,,,,COLECCION: COFRADIA,0,0,0,https://pub-77824f6d0d4542d282fa48605bce7479.r2.dev/cards/MYL/PRIMERA%20ERA/4d347c83-6f71-44fc-8b79-fef11e3e0347.png
9153b5b1-c76c-4925-b3d1-ba5e9b7e18a9,LPE4 223/320,TRAICIONAR,3.0,0,,,,LEYENDAS PE 4.0,0,0,0,https://pub-77824f6d0d4542d282fa48605bce7479.r2.dev/cards/MYL/PRIMERA%20ERA/9153b5b1-c76c-4925-b3d1-ba5e9b7e18a9.png
1d97a633-922a-48eb-9016-0654cf38b5e0,111 - 126 / PRIMERA ERA,TRAPELACUCHA,,0,,,,COLECCION: LA IRA DEL NAHUAL,0,0,0,https://pub-77824f6d0d4542d282fa48605bce7479.r2.dev/cards/MYL/PRIMERA%20ERA/1d97a633-922a-48eb-9016-0654cf38b5e0.png
39aaafb1-729b-4445-8e83-7b624476b7a0,97 - 170 / PRIMERA EDICION,TRAUKO,1.0,2,,,,COLECCION: COFRADIA,0,0,0,https://pub-77824f6d0d4542d282fa48605bce7479.r2.dev/cards/MYL/PRIMERA%20ERA/39aaafb1-729b-4445-8e83-7b624476b7a0.png
3a686d7a-8431-4362-ba0b-aa6c81bf56f9,13 - 236 / PRIMERA EDICION,TRAUKO,1.0,2,,,,LEYENDAS PRIMERA ERA 1.0,0,0,0,https://pub-77824f6d0d4542d282fa48605bce7479.r2.dev/cards/MYL/PRIMERA%20ERA/3a686d7a-8431-4362-ba0b-aa6c81bf56f9.png
ce3de957-c2a1-4f59-a6f0-c8fc053a3bda,97 - 126 / PRIMERA EDICION,TRIBUNAL,3.0,2,,,,COLECCION: MUNDO GOTICO,0,0,0,https://pub-77824f6d0d4542d282fa48605bce7479.r2.dev/cards/MYL/PRIMERA%20ERA/ce3de957-c2a1-4f59-a6f0-c8fc053a3bda.png
9dfe142b-7a81-4fa4-8c01-82cca51aaf48,67 - 126 / PRIMERA EDICION,TRITON,2.0,1,,,,COLECCION: MUNDO GOTICO,0,0,0,https://pub-77824f6d0d4542d282fa48605bce7479.r2.dev/cards/MYL/PRIMERA%20ERA/9dfe142b-7a81-4fa4-8c01-82cca51aaf48.png
404e263a-0132-4b7f-a220-cea155fd4c05,67 - 126 / PRIMERA EDICION,TRITON,2.0,1,,,,COLECCION: MUNDO GOTICO,0,0,0,https://pub-77824f6d0d4542d282fa48605bce7479.r2.dev/cards/MYL/PRIMERA%20ERA/404e263a-0132-4b7f-a220-cea155fd4c05.png
aca42053-c83d-4712-8e29-753c4e8dc667,82 - 236 / PRIMERA EDICION,TRITON,2.0,2,,,,LEYENDAS PRIMERA ERA 2.0,0,0,0,https://pub-77824f6d0d4542d282fa48605bce7479.r2.dev/cards/MYL/PRIMERA%20ERA/aca42053-c83d-4712-8e29-753c4e8dc667.png
80ba570f-2d8f-4693-81a6-075124af1f11,188 - 236 / PRIMERA EDICION,TRITON,2.0,2,,,,LEYENDAS PRIMERA ERA 1.0,0,0,0,https://pub-77824f6d0d4542d282fa48605bce7479.r2.dev/cards/MYL/PRIMERA%20ERA/80ba570f-2d8f-4693-81a6-075124af1f11.png
3956d52e-e3a8-4cf1-b735-23879cb68a58,260 - 236 / PRIMERA EDICION,TRIVALDI,3.0,2,,,,LEYENDAS PRIMERA ERA 2.0,0,0,0,https://pub-77824f6d0d4542d282fa48605bce7479.r2.dev/cards/MYL/PRIMERA%20ERA/3956d52e-e3a8-4cf1-b735-23879cb68a58.png
191cb1fd-e1c9-4677-a0dc-4a74daa9cdce,152 - 236 / PRIMERA EDICION,TRIVALDI,3.0,2,,,,LEYENDAS PRIMERA ERA 1.0,0,0,0,https://pub-77824f6d0d4542d282fa48605bce7479.r2.dev/cards/MYL/PRIMERA%20ERA/191cb1fd-e1c9-4677-a0dc-4a74daa9cdce.png
7141b196-92d6-4d7f-826e-1d435588e0c4,CRPE-16-72,TRIVALDI,3.0,2,,,,KIT RACIALES PRIMERA ERA: BARBARO,0,0,0,https://pub-77824f6d0d4542d282fa48605bce7479.r2.dev/cards/MYL/PRIMERA%20ERA/7141b196-92d6-4d7f-826e-1d435588e0c4.png
5a23c3ed-7870-45c9-b9be-523e32d24051,147 - 126 / PRIMERA EDICION,TROFEO DE GUERRA,1.0,0,,,,COLECCION: MUNDO GOTICO,0,0,0,https://pub-77824f6d0d4542d282fa48605bce7479.r2.dev/cards/MYL/PRIMERA%20ERA/5a23c3ed-7870-45c9-b9be-523e32d24051.png
1703f115-e8f2-4aae-9d8f-205d1ff2f808,36 - 236 / PRIMERA EDICION,TROLL,3.0,2,,,,LEYENDAS PRIMERA ERA 2.0,0,0,0,https://pub-77824f6d0d4542d282fa48605bce7479.r2.dev/cards/MYL/PRIMERA%20ERA/1703f115-e8f2-4aae-9d8f-205d1ff2f808.png
ca02cb65-c3eb-4686-a500-b9f529cc40c6,126 - 126 / PRIMERA EDICION,TRONO DE ODIN,,0,,,,COLECCION: RAGNAROK,0,0,0,https://pub-77824f6d0d4542d282fa48605bce7479.r2.dev/cards/MYL/PRIMERA%20ERA/ca02cb65-c3eb-4686-a500-b9f529cc40c6.png
62b9b736-5fa2-482d-962c-fff20934ee2e,MPT-00-18,TRUENOS,2.0,0,,,,MUNDOS PERDIDOS: SENORES DEL TRUENO,0,0,0,https://pub-77824f6d0d4542d282fa48605bce7479.r2.dev/cards/MYL/PRIMERA%20ERA/62b9b736-5fa2-482d-962c-fff20934ee2e.png
f086c748-1bef-4ad3-aa62-91fea9f6128c,120 - 126 / PRIMERA ERA,TRUTRUCA,,0,,,,COLECCION: LA IRA DEL NAHUAL,0,0,0,https://pub-77824f6d0d4542d282fa48605bce7479.r2.dev/cards/MYL/PRIMERA%20ERA/f086c748-1bef-4ad3-aa62-91fea9f6128c.png
f8d9cba4-5523-4ffc-bb4d-171f37381245,169 - 170 / PRIMERA EDICION,TRUTRUCA,,0,,,,COLECCION: COFRADIA,0,0,0,https://pub-77824f6d0d4542d282fa48605bce7479.r2.dev/cards/MYL/PRIMERA%20ERA/f8d9cba4-5523-4ffc-bb4d-171f37381245.png
92060cdb-d444-450c-8e81-08c2fc08330e,200 - 236 / PRIMERA EDICION,TSACHILA,3.0,2,,,,LEYENDAS PRIMERA ERA 1.0,0,0,0,https://pub-77824f6d0d4542d282fa48605bce7479.r2.dev/cards/MYL/PRIMERA%20ERA/92060cdb-d444-450c-8e81-08c2fc08330e.png
5f4a8dad-7e6f-4ea5-9287-adbf29a4b140,097 - 126 / PRIMERA ERA,TSACHILA,3.0,2,,,,COLECCION: LA IRA DEL NAHUAL,0,0,0,https://pub-77824f6d0d4542d282fa48605bce7479.r2.dev/cards/MYL/PRIMERA%20ERA/5f4a8dad-7e6f-4ea5-9287-adbf29a4b140.png
eeaa2c6b-b00e-449a-be37-df467cb9070b,151 - 170 / PRIMERA EDICION,TSACHILA,3.0,2,,,,COLECCION: COFRADIA,0,0,0,https://pub-77824f6d0d4542d282fa48605bce7479.r2.dev/cards/MYL/PRIMERA%20ERA/eeaa2c6b-b00e-449a-be37-df467cb9070b.png
b69a91f5-67f2-4924-b2a0-a097311ba87b,LPE23 234/300,TSAO GUOJIU,3.0,3,,,,LEYENDAS PRIMERA ERA 3.0,0,0,0,https://pub-77824f6d0d4542d282fa48605bce7479.r2.dev/cards/MYL/PRIMERA%20ERA/b69a91f5-67f2-4924-b2a0-a097311ba87b.png
9b66d954-6e2d-49c8-8601-18b065cb43a1,32 - 236 / PRIMERA EDICION,TSUKI YUMI,2.0,1,,,,COLECCION: ESPIRITU DEL DRAGON,0,0,0,https://pub-77824f6d0d4542d282fa48605bce7479.r2.dev/cards/MYL/PRIMERA%20ERA/9b66d954-6e2d-49c8-8601-18b065cb43a1.png
065d491f-483d-4c6d-9994-4a21b7814f55,COLECCIONISTA VICTORIOSA PE 7,TUE TUE,2.0,2,,,,,0,0,0,https://pub-77824f6d0d4542d282fa48605bce7479.r2.dev/pending-versions/a09cd627-0dac-4af7-96c4-4501b80b8882/1787449591917-0.webp
f804bebd-b0f5-4176-aee8-ccad865ec264,269 - 236 / PRIMERA EDICION,TUI,3.0,0,,,,LEYENDAS PRIMERA ERA 1.0,0,0,0,https://pub-77824f6d0d4542d282fa48605bce7479.r2.dev/cards/MYL/PRIMERA%20ERA/f804bebd-b0f5-4176-aee8-ccad865ec264.png
716f3b21-36ab-4e6f-a105-c95c6372cf41,198 - 236 / PRIMERA EDICION,TUI,3.0,0,,,,LEYENDAS PRIMERA ERA 2.0,0,0,0,https://pub-77824f6d0d4542d282fa48605bce7479.r2.dev/cards/MYL/PRIMERA%20ERA/716f3b21-36ab-4e6f-a105-c95c6372cf41.png
fc545d49-ab99-4b04-b269-5b1bfcffd111,28 - 126 / PRIMERA EDICION,TUMBA DEL CABALLERO,2.0,0,,,,COLECCION: MUNDO GOTICO,0,0,0,https://pub-77824f6d0d4542d282fa48605bce7479.r2.dev/cards/MYL/PRIMERA%20ERA/fc545d49-ab99-4b04-b269-5b1bfcffd111.png
c6f00fb0-8a53-4e61-ab4c-aa087f664140,102 - 126 / PRIMERA EDICION,TYR,5.0,5,,,,COLECCION: RAGNAROK,0,0,0,https://pub-77824f6d0d4542d282fa48605bce7479.r2.dev/cards/MYL/PRIMERA%20ERA/c6f00fb0-8a53-4e61-ab4c-aa087f664140.png
fd83ad9e-8f0d-4950-8f9b-8c74fb01ac0d,107 - 126 / PRIMERA EDICION,TYRA,1.0,2,,,,COLECCION: RAGNAROK,0,0,0,https://pub-77824f6d0d4542d282fa48605bce7479.r2.dev/cards/MYL/PRIMERA%20ERA/fd83ad9e-8f0d-4950-8f9b-8c74fb01ac0d.png
211acb6e-295a-4299-9226-24dda54440db,118 - 126 / PRIMERA ERA,TZOLKIN,,0,,,,COLECCION: LA IRA DEL NAHUAL,0,0,0,https://pub-77824f6d0d4542d282fa48605bce7479.r2.dev/cards/MYL/PRIMERA%20ERA/211acb6e-295a-4299-9226-24dda54440db.png
53d2b1f0-1999-4608-8991-d5be3cbe9d4c,161 - 236 / PRIMERA EDICION,ULLR,1.0,3,,,,LEYENDAS PRIMERA ERA 1.0,0,0,0,https://pub-77824f6d0d4542d282fa48605bce7479.r2.dev/cards/MYL/PRIMERA%20ERA/53d2b1f0-1999-4608-8991-d5be3cbe9d4c.png
19a4c328-6a77-44f6-baa7-1e9ee15a8b06,ANIVERSARIO LPE25 18,ULLR,1.0,3,,,,,0,0,0,https://pub-77824f6d0d4542d282fa48605bce7479.r2.dev/cards/MYL/PRIMERA%20ERA/19a4c328-6a77-44f6-baa7-1e9ee15a8b06.png
a7eaca48-e8fd-463d-bad5-792b9b497449,269 - 236 / PRIMERA EDICION,ULLR,1.0,3,,,,LEYENDAS PRIMERA ERA 2.0,0,0,0,https://pub-77824f6d0d4542d282fa48605bce7479.r2.dev/cards/MYL/PRIMERA%20ERA/a7eaca48-e8fd-463d-bad5-792b9b497449.png
18299079-5854-4902-a571-302ca5e25958,50 - 170 / PRIMERA EDICION,UNICORNIO,1.0,1,,,,COLECCION: COFRADIA,0,0,0,https://pub-77824f6d0d4542d282fa48605bce7479.r2.dev/cards/MYL/PRIMERA%20ERA/18299079-5854-4902-a571-302ca5e25958.png
f2e5321c-43bf-49dd-a949-dc5981999a7c,34 - 126 / PRIMERA EDICION,UNICORNIO,1.0,1,,,,COLECCION: EL RETO,0,0,0,https://pub-77824f6d0d4542d282fa48605bce7479.r2.dev/cards/MYL/PRIMERA%20ERA/f2e5321c-43bf-49dd-a949-dc5981999a7c.png
aa4afc56-10d4-426d-997c-efe47bfc1bf0,50 - 170 / PRIMERA EDICION,UNICORNIO,1.0,1,,,,COLECCION: COFRADIA,0,0,0,https://pub-77824f6d0d4542d282fa48605bce7479.r2.dev/cards/MYL/PRIMERA%20ERA/aa4afc56-10d4-426d-997c-efe47bfc1bf0.png
d6322d96-7879-4a3d-aab8-832d68f85c96,115 - 126 / PRIMERA ERA,UXMAL,2.0,0,,,,COLECCION: LA IRA DEL NAHUAL,0,0,0,https://pub-77824f6d0d4542d282fa48605bce7479.r2.dev/cards/MYL/PRIMERA%20ERA/d6322d96-7879-4a3d-aab8-832d68f85c96.png
13882d93-768f-4c45-975d-653b59b1b17b,170 - 170 / PRIMERA EDICION,UXMAL,,0,,,,COLECCION: COFRADIA,0,0,0,https://pub-77824f6d0d4542d282fa48605bce7479.r2.dev/cards/MYL/PRIMERA%20ERA/13882d93-768f-4c45-975d-653b59b1b17b.png
efc501f2-f064-467d-ab43-3efece236c7f,LPE23 283/300,VAKSALA,3.0,0,,,,LEYENDAS PRIMERA ERA 3.0,0,0,0,https://pub-77824f6d0d4542d282fa48605bce7479.r2.dev/cards/MYL/PRIMERA%20ERA/efc501f2-f064-467d-ab43-3efece236c7f.png
36a68c44-07fd-4410-a11d-96a5e9a2608b,38 - 236 / PRIMERA EDICION,VALI,2.0,2,,,,LEYENDAS PRIMERA ERA 2.0,0,0,0,https://pub-77824f6d0d4542d282fa48605bce7479.r2.dev/cards/MYL/PRIMERA%20ERA/36a68c44-07fd-4410-a11d-96a5e9a2608b.png
0d67fda1-60d8-4260-ae53-f1aa14af442f,17 - 126 / PRIMERA EDICION,VAMPIRO,3.0,5,,,,COLECCION: EL RETO,0,0,0,https://pub-77824f6d0d4542d282fa48605bce7479.r2.dev/cards/MYL/PRIMERA%20ERA/0d67fda1-60d8-4260-ae53-f1aa14af442f.png
ac4b1765-eb47-4a9d-9c7f-168006766bc4,250 - 236 / PRIMERA EDICION,VAMPIRO DEL DESIERTO,2.0,3,,,,LEYENDAS PRIMERA ERA 2.0,0,0,0,https://pub-77824f6d0d4542d282fa48605bce7479.r2.dev/cards/MYL/PRIMERA%20ERA/ac4b1765-eb47-4a9d-9c7f-168006766bc4.png
c4619ff8-d9d2-4c09-8881-93620c3d3c79,63 - 236 / PRIMERA EDICION,VAMPIRO DEL DESIERTO,2.0,3,,,,LEYENDAS PRIMERA ERA 1.0,0,0,0,https://pub-77824f6d0d4542d282fa48605bce7479.r2.dev/cards/MYL/PRIMERA%20ERA/c4619ff8-d9d2-4c09-8881-93620c3d3c79.png
58f3c636-0589-4278-9527-033e25ae73c2,25 - 236 / PRIMERA EDICION,VAMPIRO ORIENTAL,1.0,0,,,,LEYENDAS PRIMERA ERA 1.0,0,0,0,https://pub-77824f6d0d4542d282fa48605bce7479.r2.dev/cards/MYL/PRIMERA%20ERA/58f3c636-0589-4278-9527-033e25ae73c2.png
187649ab-ad53-4f92-9dcb-7d8dc17be775,236 - 236 / PRIMERA EDICION,VAMPIRO ORIENTAL,1.0,0,,,,LEYENDAS PRIMERA ERA 2.0,0,0,0,https://pub-77824f6d0d4542d282fa48605bce7479.r2.dev/cards/MYL/PRIMERA%20ERA/187649ab-ad53-4f92-9dcb-7d8dc17be775.png
fbcf0983-4b3b-4e77-8af5-1fa5f3e592cf,33 - 236 / PRIMERA EDICION,VAMPIROS AMENAZANTES,,0,,,,LEYENDAS PRIMERA ERA 2.0,0,0,0,https://pub-77824f6d0d4542d282fa48605bce7479.r2.dev/cards/MYL/PRIMERA%20ERA/fbcf0983-4b3b-4e77-8af5-1fa5f3e592cf.png
3fbb0934-b5a5-4f35-ba2a-920bc78a8cc5,174 - 126 / PRIMERA EDICION,VAN HELSING,2.0,2,,,,COLECCION: MUNDO GOTICO,0,0,0,https://pub-77824f6d0d4542d282fa48605bce7479.r2.dev/cards/MYL/PRIMERA%20ERA/3fbb0934-b5a5-4f35-ba2a-920bc78a8cc5.png
e06c0a3b-0d63-4a74-9c01-27987909771c,51 - 236 / PRIMERA EDICION,VAN HELSING,2.0,2,,,,LEYENDAS PRIMERA ERA 2.0,0,0,0,https://pub-77824f6d0d4542d282fa48605bce7479.r2.dev/cards/MYL/PRIMERA%20ERA/e06c0a3b-0d63-4a74-9c01-27987909771c.png
550a63b6-9061-45a6-b803-edae4565c724,54 - 126 / PRIMERA EDICION,VANAHEIM,3.0,0,,,,COLECCION: RAGNAROK,0,0,0,https://pub-77824f6d0d4542d282fa48605bce7479.r2.dev/cards/MYL/PRIMERA%20ERA/550a63b6-9061-45a6-b803-edae4565c724.png
d6c7ced6-6925-4084-a8e2-f603a37432a6,69 - 126 / PRIMERA EDICION,VAVTRUDNIR,2.0,3,,,,COLECCION: RAGNAROK,0,0,0,https://pub-77824f6d0d4542d282fa48605bce7479.r2.dev/cards/MYL/PRIMERA%20ERA/d6c7ced6-6925-4084-a8e2-f603a37432a6.png
c576c3b8-73fd-4bbe-a14d-a97f49be63bc,EDICIÓN LIMITADA JO,VELAS DEMONIACAS,,0,,,,JUEGO ORGANIZADO,0,0,0,https://pub-77824f6d0d4542d282fa48605bce7479.r2.dev/pending-versions/efaa6295-f0d9-4ace-a854-648c041539e0/1787862967272-0.webp
bbedf09b-2329-4e1c-bf31-eeff9288a7cd,260 - 236 / PRIMERA EDICION,VIAJE AL OESTE,2.0,0,,,,LEYENDAS PRIMERA ERA 1.0,0,0,0,https://pub-77824f6d0d4542d282fa48605bce7479.r2.dev/cards/MYL/PRIMERA%20ERA/bbedf09b-2329-4e1c-bf31-eeff9288a7cd.png
4915dd4a-b578-4df6-b918-524cb77780e1,105 - 126 / PRIMERA EDICION,VIDAR,3.0,1,,,,COLECCION: RAGNAROK,0,0,0,https://pub-77824f6d0d4542d282fa48605bce7479.r2.dev/cards/MYL/PRIMERA%20ERA/4915dd4a-b578-4df6-b918-524cb77780e1.png
bd017793-364c-4b14-b8b9-9ea83f7e61b8,5 - 126 / PRIMERA EDICION,VIGILIA DE ARMAS,2.0,0,,,,COLECCION: MUNDO GOTICO,0,0,0,https://pub-77824f6d0d4542d282fa48605bce7479.r2.dev/cards/MYL/PRIMERA%20ERA/bd017793-364c-4b14-b8b9-9ea83f7e61b8.png
e220eba6-97c2-40cb-bd31-2bb5b9c6b5e6,195 - 236 / PRIMERA EDICION,VIGILIA DE ARMAS,2.0,0,,,,LEYENDAS PRIMERA ERA 2.0,0,0,0,https://pub-77824f6d0d4542d282fa48605bce7479.r2.dev/cards/MYL/PRIMERA%20ERA/e220eba6-97c2-40cb-bd31-2bb5b9c6b5e6.png
10675751-0352-4284-9658-eea6a7dca4e7,5 - 236 / PRIMERA EDICION,VIKINGO,3.0,3,,,,LEYENDAS PRIMERA ERA 1.0,0,0,0,https://pub-77824f6d0d4542d282fa48605bce7479.r2.dev/cards/MYL/PRIMERA%20ERA/10675751-0352-4284-9658-eea6a7dca4e7.png
73dd2873-594d-498e-bbef-544d56f30d91,189 - 236 / PRIMERA EDICION,VIKINGO,3.0,3,,,,LEYENDAS PRIMERA ERA 1.0,0,0,0,https://pub-77824f6d0d4542d282fa48605bce7479.r2.dev/cards/MYL/PRIMERA%20ERA/73dd2873-594d-498e-bbef-544d56f30d91.png
c8475d73-1090-43a9-a970-e3ca3f2a3e46,98 - 126 / PRIMERA EDICION,VIKINGO,3.0,3,,,,COLECCION: EL RETO,0,0,0,https://pub-77824f6d0d4542d282fa48605bce7479.r2.dev/cards/MYL/PRIMERA%20ERA/c8475d73-1090-43a9-a970-e3ca3f2a3e46.png
41fd8a5c-d0a1-4320-8e4e-2395dfa050f7,LPE23 310/300,VIKINGO,3.0,3,,,,LEYENDAS PRIMERA ERA 3.0,0,0,0,https://pub-77824f6d0d4542d282fa48605bce7479.r2.dev/cards/MYL/PRIMERA%20ERA/41fd8a5c-d0a1-4320-8e4e-2395dfa050f7.png
23bbe0f8-5348-498f-bdb3-6df0ae59a861,99 - 170 / PRIMERA EDICION,VIKINGO,3.0,3,,,,COLECCION: COFRADIA,0,0,0,https://pub-77824f6d0d4542d282fa48605bce7479.r2.dev/cards/MYL/PRIMERA%20ERA/23bbe0f8-5348-498f-bdb3-6df0ae59a861.png
db0ca5d0-6302-45e9-aea4-2a22a34cb959,21 - 236 / PRIMERA EDICION,VIKINGO,3.0,3,,,,LEYENDAS PRIMERA ERA 2.0,0,0,0,https://pub-77824f6d0d4542d282fa48605bce7479.r2.dev/cards/MYL/PRIMERA%20ERA/db0ca5d0-6302-45e9-aea4-2a22a34cb959.png
e9ee1a6f-276b-49df-bbce-6e129f11eb8f,178 - 236 / PRIMERA EDICION,VIRACOCHA,2.0,3,,,,LEYENDAS PRIMERA ERA 2.0,0,0,0,https://pub-77824f6d0d4542d282fa48605bce7479.r2.dev/cards/MYL/PRIMERA%20ERA/e9ee1a6f-276b-49df-bbce-6e129f11eb8f.png
ac8551ad-bce7-4d18-bfc8-3e1f4e9429d2,52 - 170 / PRIMERA EDICION,VIRACOCHA,1.0,0,,,,COLECCION: COFRADIA,0,0,0,https://pub-77824f6d0d4542d282fa48605bce7479.r2.dev/cards/MYL/PRIMERA%20ERA/ac8551ad-bce7-4d18-bfc8-3e1f4e9429d2.png
3e03bfe2-807a-4181-8d5b-c1f5f757824b,74 - 126 / PRIMERA EDICION,VIRACOCHA,1.0,0,,,,COLECCION: EL RETO,0,0,0,https://pub-77824f6d0d4542d282fa48605bce7479.r2.dev/cards/MYL/PRIMERA%20ERA/3e03bfe2-807a-4181-8d5b-c1f5f757824b.png
df6b6653-240d-4b47-a1fb-46c835466861,PROMO PE-18,VIRNA,2.0,2,,,,LOOTBOX PRIMERA ERA 2024,0,0,0,https://pub-77824f6d0d4542d282fa48605bce7479.r2.dev/cards/MYL/PRIMERA%20ERA/df6b6653-240d-4b47-a1fb-46c835466861.png
5ce25135-91d1-4532-8698-e32078c7e675,157 - 126 / PRIMERA EDICION,VIRNA,2.0,2,,,,COLECCION: MUNDO GOTICO,0,0,0,https://pub-77824f6d0d4542d282fa48605bce7479.r2.dev/cards/MYL/PRIMERA%20ERA/5ce25135-91d1-4532-8698-e32078c7e675.png
1e0beb82-8358-4632-809d-97a75cd60b9f,234 - 236 / PRIMERA EDICION,VISHNU,3.0,0,,,,LEYENDAS PRIMERA ERA 2.0,0,0,0,https://pub-77824f6d0d4542d282fa48605bce7479.r2.dev/cards/MYL/PRIMERA%20ERA/1e0beb82-8358-4632-809d-97a75cd60b9f.png
a5a3dc64-7b84-41d2-a529-e45c6b1bfba6,23 - 236 / PRIMERA EDICION,VISHNU,3.0,0,,,,LEYENDAS PRIMERA ERA 1.0,0,0,0,https://pub-77824f6d0d4542d282fa48605bce7479.r2.dev/cards/MYL/PRIMERA%20ERA/a5a3dc64-7b84-41d2-a529-e45c6b1bfba6.png
fedfc680-8b8b-4d31-b002-2a21cbe60995,131 - 236 / PRIMERA EDICION,VOLA,1.0,2,,,,LEYENDAS PRIMERA ERA 1.0,0,0,0,https://pub-77824f6d0d4542d282fa48605bce7479.r2.dev/cards/MYL/PRIMERA%20ERA/fedfc680-8b8b-4d31-b002-2a21cbe60995.png
6f6271a3-92e9-47fa-b7f3-7b1717af75a2,71 - 236 / PRIMERA EDICION,VOLA,1.0,2,,,,LEYENDAS PRIMERA ERA 2.0,0,0,0,https://pub-77824f6d0d4542d282fa48605bce7479.r2.dev/cards/MYL/PRIMERA%20ERA/6f6271a3-92e9-47fa-b7f3-7b1717af75a2.png
a9fd48eb-1615-4649-bca7-022f20dd1ae9,161 - 126 / PRIMERA EDICION,VON KRIEG,2.0,2,,,,COLECCION: MUNDO GOTICO,0,0,0,https://pub-77824f6d0d4542d282fa48605bce7479.r2.dev/cards/MYL/PRIMERA%20ERA/a9fd48eb-1615-4649-bca7-022f20dd1ae9.png
d17a112d-e9fd-431e-981f-018d5d81acbf,188 - 236 / PRIMERA EDICION,WALDGANGER,3.0,0,,,,LEYENDAS PRIMERA ERA 2.0,0,0,0,https://pub-77824f6d0d4542d282fa48605bce7479.r2.dev/cards/MYL/PRIMERA%20ERA/d17a112d-e9fd-431e-981f-018d5d81acbf.png
4df0a9b4-1494-4596-9e84-b016c7744697,35 - 236 / PRIMERA EDICION,WALKIRIAS,,0,,,,LEYENDAS PRIMERA ERA 1.0,0,0,0,https://pub-77824f6d0d4542d282fa48605bce7479.r2.dev/cards/MYL/PRIMERA%20ERA/4df0a9b4-1494-4596-9e84-b016c7744697.png
5985ce5a-dc58-43c1-b8cc-5930a9400949,10 - 236 / PRIMERA EDICION,WALKIRIAS,,0,,,,LEYENDAS PRIMERA ERA 2.0,0,0,0,https://pub-77824f6d0d4542d282fa48605bce7479.r2.dev/cards/MYL/PRIMERA%20ERA/5985ce5a-dc58-43c1-b8cc-5930a9400949.png
9c610c24-2743-4733-993c-2b6f977421c5,LPE23 303/300,WALKIRIAS,,0,,,,LEYENDAS PRIMERA ERA 3.0,0,0,0,https://pub-77824f6d0d4542d282fa48605bce7479.r2.dev/cards/MYL/PRIMERA%20ERA/9c610c24-2743-4733-993c-2b6f977421c5.png
3e2556cf-7075-404a-83c6-fd82d53eae6c,PROMO COLECCIONISTA PE 02,WALKIRIAS,,0,,,,PROMOTION PACK,0,0,0,https://pub-77824f6d0d4542d282fa48605bce7479.r2.dev/pending-versions/e9aae507-25f4-474e-8136-595dd5bb56c2/1785903959508-0.webp
d5cdde1f-fdcf-4b51-9099-61853dbc5b11,48 - 236 / PRIMERA EDICION,WANG MU NIANG NIANG,4.0,3,,,,COLECCION: ESPIRITU DEL DRAGON,0,0,0,https://pub-77824f6d0d4542d282fa48605bce7479.r2.dev/cards/MYL/PRIMERA%20ERA/d5cdde1f-fdcf-4b51-9099-61853dbc5b11.png
18b4233a-158f-4966-9f6b-64b1f96c15a9,ANIVERSARIO LPE25 11,WENDIGO,4.0,5,,,,,0,0,0,https://pub-77824f6d0d4542d282fa48605bce7479.r2.dev/cards/MYL/PRIMERA%20ERA/18b4233a-158f-4966-9f6b-64b1f96c15a9.png
fd75ae2d-427c-4bae-b15c-51cc0f90f8db,061 - 126 / PRIMERA ERA,WIRAQOCHA,2.0,1,,,,COLECCION: LA IRA DEL NAHUAL,0,0,0,https://pub-77824f6d0d4542d282fa48605bce7479.r2.dev/cards/MYL/PRIMERA%20ERA/fd75ae2d-427c-4bae-b15c-51cc0f90f8db.png
59996d0d-506d-4fd5-9d4e-137eb523e765,172 - 126 / PRIMERA EDICION,WONDJINAS,3.0,0,,,,COLECCION: EL RETO,0,0,0,https://pub-77824f6d0d4542d282fa48605bce7479.r2.dev/cards/MYL/PRIMERA%20ERA/59996d0d-506d-4fd5-9d4e-137eb523e765.png
224a193c-ea29-4798-9a0f-74b2b42a4cf2,152 - 170 / PRIMERA EDICION,WONDJINAS,2.0,0,,,,COLECCION: COFRADIA,0,0,0,https://pub-77824f6d0d4542d282fa48605bce7479.r2.dev/cards/MYL/PRIMERA%20ERA/224a193c-ea29-4798-9a0f-74b2b42a4cf2.png
8d5673b9-8b53-4f1e-a017-88f1c6a6f96e,287 - 236 / PRIMERA EDICION,WONG FEI HUNG,1.0,1,,,,LEYENDAS PRIMERA ERA 2.0,0,0,0,https://pub-77824f6d0d4542d282fa48605bce7479.r2.dev/cards/MYL/PRIMERA%20ERA/8d5673b9-8b53-4f1e-a017-88f1c6a6f96e.png
c516f96b-b8a2-4768-a474-a15183583a97,153 - 170 / PRIMERA EDICION,XAMEDHI,4.0,5,,,,COLECCION: COFRADIA,0,0,0,https://pub-77824f6d0d4542d282fa48605bce7479.r2.dev/cards/MYL/PRIMERA%20ERA/c516f96b-b8a2-4768-a474-a15183583a97.png
4fc77e82-2313-42f0-aea1-efd1250168e9,86 - 126 / PRIMERA EDICION,XAMEDHI,4.0,5,,,,COLECCION: MUNDO GOTICO,0,0,0,https://pub-77824f6d0d4542d282fa48605bce7479.r2.dev/cards/MYL/PRIMERA%20ERA/4fc77e82-2313-42f0-aea1-efd1250168e9.png
b7ec5699-9678-4a0e-9f8b-d405ae468966,CRPE5 83 - 84,XIHE,2.0,2,,,,KIT RACIALES PRIMERA ERA 2025: XIAN,0,0,0,https://pub-77824f6d0d4542d282fa48605bce7479.r2.dev/cards/MYL/PRIMERA%20ERA/b7ec5699-9678-4a0e-9f8b-d405ae468966.png
8ee608a8-bba0-42a0-a07d-5be21dcb651b,105 - 236 / PRIMERA EDICION,XING TIEN,2.0,2,,,,COLECCION: ESPIRITU DEL DRAGON,0,0,0,https://pub-77824f6d0d4542d282fa48605bce7479.r2.dev/cards/MYL/PRIMERA%20ERA/8ee608a8-bba0-42a0-a07d-5be21dcb651b.png
0ec22307-a16b-4310-aa46-bcc839ae5703,MPAT 20/18,XIONGNU,,0,,,,MUNDOS PERDIDOS: HORDA ESTEPARIA,0,0,0,https://pub-77824f6d0d4542d282fa48605bce7479.r2.dev/pending-versions/a09cd627-0dac-4af7-96c4-4501b80b8882/1786281826258-0.webp
64fb7bec-365b-4daf-adb3-cd5c722a8f1a,164 - 236 / PRIMERA EDICION,XOLOTL,4.0,0,,,,LEYENDAS PRIMERA ERA 2.0,0,0,0,https://pub-77824f6d0d4542d282fa48605bce7479.r2.dev/cards/MYL/PRIMERA%20ERA/64fb7bec-365b-4daf-adb3-cd5c722a8f1a.png
64113739-b763-4282-a37c-969d3303e62b,22 - 236 / PRIMERA EDICION,XOLOTL,4.0,0,,,,LEYENDAS PRIMERA ERA 1.0,0,0,0,https://pub-77824f6d0d4542d282fa48605bce7479.r2.dev/cards/MYL/PRIMERA%20ERA/64113739-b763-4282-a37c-969d3303e62b.png
e2be88a6-d0d8-4af6-962e-cd8291e8a31b,158 - 236 / PRIMERA EDICION,YABUSAME,4.0,0,,,,COLECCION: ESPIRITU DEL DRAGON,0,0,0,https://pub-77824f6d0d4542d282fa48605bce7479.r2.dev/cards/MYL/PRIMERA%20ERA/e2be88a6-d0d8-4af6-962e-cd8291e8a31b.png
57cd394e-2c83-490f-8272-cf4becf2243e,91 - 236 / PRIMERA EDICION,YAGYU JUBEI,2.0,2,,,,LEYENDAS PRIMERA ERA 2.0,0,0,0,https://pub-77824f6d0d4542d282fa48605bce7479.r2.dev/cards/MYL/PRIMERA%20ERA/57cd394e-2c83-490f-8272-cf4becf2243e.png
5708b303-6921-42d1-a4a6-e9c0e48d7e2b,229 - 236 / PRIMERA EDICION,YAGYU JUBEI,2.0,2,,,,LEYENDAS PRIMERA ERA 1.0,0,0,0,https://pub-77824f6d0d4542d282fa48605bce7479.r2.dev/cards/MYL/PRIMERA%20ERA/5708b303-6921-42d1-a4a6-e9c0e48d7e2b.png
30da84f6-fbfd-49e1-8390-7b88bb0083d5,80 - 236 / PRIMERA EDICION,YAGYU JUBEI,2.0,2,,,,COLECCION: ESPIRITU DEL DRAGON,0,0,0,https://pub-77824f6d0d4542d282fa48605bce7479.r2.dev/cards/MYL/PRIMERA%20ERA/30da84f6-fbfd-49e1-8390-7b88bb0083d5.png
17e6578c-7baf-40e2-b63f-070d546e9e62,68 - 236 / PRIMERA EDICION,YAMA BUSHI,3.0,3,,,,COLECCION: ESPIRITU DEL DRAGON,0,0,0,https://pub-77824f6d0d4542d282fa48605bce7479.r2.dev/cards/MYL/PRIMERA%20ERA/17e6578c-7baf-40e2-b63f-070d546e9e62.png
8c77e834-1c02-4d54-9fea-bb4229b6345c,177 - 236 / PRIMERA EDICION,YANOMAMI,4.0,0,,,,LEYENDAS PRIMERA ERA 2.0,0,0,0,https://pub-77824f6d0d4542d282fa48605bce7479.r2.dev/cards/MYL/PRIMERA%20ERA/8c77e834-1c02-4d54-9fea-bb4229b6345c.png
f0cd4674-1705-425b-be4c-2d87915d35a5,LPE23 311/300,YASAKANI,,0,,,,LEYENDAS PRIMERA ERA 3.0,0,0,0,https://pub-77824f6d0d4542d282fa48605bce7479.r2.dev/cards/MYL/PRIMERA%20ERA/f0cd4674-1705-425b-be4c-2d87915d35a5.png
438e617d-d2a6-4ca5-80ee-7976e2dacefb,297 - 236 / PRIMERA EDICION,YASAKANI,,0,,,,LEYENDAS PRIMERA ERA 2.0,0,0,0,https://pub-77824f6d0d4542d282fa48605bce7479.r2.dev/cards/MYL/PRIMERA%20ERA/438e617d-d2a6-4ca5-80ee-7976e2dacefb.png
5894fa2f-dca2-4c69-8088-405496a9cfaa,277 - 236 / PRIMERA EDICION,YASAKANI,,0,,,,LEYENDAS PRIMERA ERA 1.0,0,0,0,https://pub-77824f6d0d4542d282fa48605bce7479.r2.dev/cards/MYL/PRIMERA%20ERA/5894fa2f-dca2-4c69-8088-405496a9cfaa.png
af522fb9-8592-43fe-9f40-3f9713cf6c2f,123 - 236 / PRIMERA EDICION,YATIRI,2.0,3,,,,LEYENDAS PRIMERA ERA 2.0,0,0,0,https://pub-77824f6d0d4542d282fa48605bce7479.r2.dev/cards/MYL/PRIMERA%20ERA/af522fb9-8592-43fe-9f40-3f9713cf6c2f.png
f5c10fa7-066a-492f-8ffb-18b8504f8eb8,31 - 126 / PRIMERA EDICION,YELMO,2.0,0,,,,COLECCION: MUNDO GOTICO,0,0,0,https://pub-77824f6d0d4542d282fa48605bce7479.r2.dev/cards/MYL/PRIMERA%20ERA/f5c10fa7-066a-492f-8ffb-18b8504f8eb8.png
4f4dd178-b98e-4cfc-8bff-cf8a6e19c2c1,54 - 170 / PRIMERA EDICION,YELMO,2.0,0,,,,COLECCION: COFRADIA,0,0,0,https://pub-77824f6d0d4542d282fa48605bce7479.r2.dev/cards/MYL/PRIMERA%20ERA/4f4dd178-b98e-4cfc-8bff-cf8a6e19c2c1.png
8fe08a14-8667-400a-b3db-9d8c0cc7da47,145 - 126 / PRIMERA EDICION,YGGDRASIL,5.0,0,,,,COLECCION: EL RETO,0,0,0,https://pub-77824f6d0d4542d282fa48605bce7479.r2.dev/cards/MYL/PRIMERA%20ERA/8fe08a14-8667-400a-b3db-9d8c0cc7da47.png
63279eac-07e4-4fef-ab1d-892a04f03c7b,134 - 236 / PRIMERA EDICION,YINGZHAO CHUAN-FA,6.0,0,,,,LEYENDAS PRIMERA ERA 2.0,0,0,0,https://pub-77824f6d0d4542d282fa48605bce7479.r2.dev/cards/MYL/PRIMERA%20ERA/63279eac-07e4-4fef-ab1d-892a04f03c7b.png
32c86083-0be2-4ccb-a2eb-d853f16a6029,259 - 236 / PRIMERA EDICION,YINGZHAO CHUAN-FA,6.0,0,,,,LEYENDAS PRIMERA ERA 1.0,0,0,0,https://pub-77824f6d0d4542d282fa48605bce7479.r2.dev/cards/MYL/PRIMERA%20ERA/32c86083-0be2-4ccb-a2eb-d853f16a6029.png
fd682cc6-3ea6-4e64-ad0c-c7f8b821c80b,80 - 126 / PRIMERA EDICION,YMIR,3.0,0,,,,COLECCION: EL RETO,0,0,0,https://pub-77824f6d0d4542d282fa48605bce7479.r2.dev/cards/MYL/PRIMERA%20ERA/fd682cc6-3ea6-4e64-ad0c-c7f8b821c80b.png
6eedc77f-c528-4199-b649-07948efb8e75,154 - 170 / PRIMERA EDICION,YMIR,3.0,0,,,,COLECCION: COFRADIA,0,0,0,https://pub-77824f6d0d4542d282fa48605bce7479.r2.dev/cards/MYL/PRIMERA%20ERA/6eedc77f-c528-4199-b649-07948efb8e75.png
dfbdaf78-9909-4b94-87b0-f12b754d5502,100 - 126 / PRIMERA EDICION,YORD,3.0,4,,,,COLECCION: RAGNAROK,0,0,0,https://pub-77824f6d0d4542d282fa48605bce7479.r2.dev/cards/MYL/PRIMERA%20ERA/dfbdaf78-9909-4b94-87b0-f12b754d5502.png
5b85a82e-0b87-4c2b-b6ab-3fb6e91b0095,LPE4 250/320,YORMUNGAND,2.0,3,,,,LEYENDAS PE 4.0,0,0,0,https://pub-77824f6d0d4542d282fa48605bce7479.r2.dev/cards/MYL/PRIMERA%20ERA/5b85a82e-0b87-4c2b-b6ab-3fb6e91b0095.png
b1ebb964-78d3-45b0-9ac6-269573e077ec,228 - 236 / PRIMERA EDICION,YOROI,3.0,0,,,,LEYENDAS PRIMERA ERA 2.0,0,0,0,https://pub-77824f6d0d4542d282fa48605bce7479.r2.dev/cards/MYL/PRIMERA%20ERA/b1ebb964-78d3-45b0-9ac6-269573e077ec.png
33b3160f-ca6d-405f-bde2-203e7b3c2081,117 - 236 / PRIMERA EDICION,YOSEI,5.0,5,,,,COLECCION: ESPIRITU DEL DRAGON,0,0,0,https://pub-77824f6d0d4542d282fa48605bce7479.r2.dev/cards/MYL/PRIMERA%20ERA/33b3160f-ca6d-405f-bde2-203e7b3c2081.png
5590e242-e507-444a-866a-58235d9a5754,58 - 126 / PRIMERA EDICION,YOTUNHEIM,3.0,0,,,,COLECCION: RAGNAROK,0,0,0,https://pub-77824f6d0d4542d282fa48605bce7479.r2.dev/cards/MYL/PRIMERA%20ERA/5590e242-e507-444a-866a-58235d9a5754.png
4d0712a5-d4a0-44c3-8699-3ef6bae2b8d6,64 - 236 / PRIMERA EDICION,YU HUANG,3.0,3,,,,COLECCION: ESPIRITU DEL DRAGON,0,0,0,https://pub-77824f6d0d4542d282fa48605bce7479.r2.dev/cards/MYL/PRIMERA%20ERA/4d0712a5-d4a0-44c3-8699-3ef6bae2b8d6.png
c41b2baf-4934-474a-9384-3a8fc581de08,41 - 236 / PRIMERA EDICION,YUAN SHUEH,2.0,1,,,,COLECCION: ESPIRITU DEL DRAGON,0,0,0,https://pub-77824f6d0d4542d282fa48605bce7479.r2.dev/cards/MYL/PRIMERA%20ERA/c41b2baf-4934-474a-9384-3a8fc581de08.png
2cb68155-8075-4f29-ad5c-1518f9c4736f,237 - 236 / PRIMERA EDICION,YUKI ONNA,2.0,2,,,,LEYENDAS PRIMERA ERA 2.0,0,0,0,https://pub-77824f6d0d4542d282fa48605bce7479.r2.dev/cards/MYL/PRIMERA%20ERA/2cb68155-8075-4f29-ad5c-1518f9c4736f.png
867ff42e-d9d0-41e5-9723-8a94301ccafc,189 - 236 / PRIMERA EDICION,YUKI ONNA,2.0,2,,,,COLECCION: ESPIRITU DEL DRAGON,0,0,0,https://pub-77824f6d0d4542d282fa48605bce7479.r2.dev/cards/MYL/PRIMERA%20ERA/867ff42e-d9d0-41e5-9723-8a94301ccafc.png
8bd53fff-f63e-42d9-bc74-94cc223a08ff,HPE 11/21,YUM KAAX,2.0,2,,,,VIGILANTES DE LA NOCHE,0,0,0,https://pub-77824f6d0d4542d282fa48605bce7479.r2.dev/cards/MYL/PRIMERA%20ERA/8bd53fff-f63e-42d9-bc74-94cc223a08ff.png
fbd18fd9-9aef-4423-9b1e-8b91b9f7e04a,122 - 236 / PRIMERA EDICION,YUREI,2.0,2,,,,COLECCION: ESPIRITU DEL DRAGON,0,0,0,https://pub-77824f6d0d4542d282fa48605bce7479.r2.dev/cards/MYL/PRIMERA%20ERA/fbd18fd9-9aef-4423-9b1e-8b91b9f7e04a.png
0b6b7578-247a-44ac-9d52-e6ae60dc10b0,117 - 126 / PRIMERA ERA,ZAMPOA,,0,,,,COLECCION: LA IRA DEL NAHUAL,0,0,0,https://pub-77824f6d0d4542d282fa48605bce7479.r2.dev/cards/MYL/PRIMERA%20ERA/0b6b7578-247a-44ac-9d52-e6ae60dc10b0.png
12a26a4e-69bf-4480-9c85-d2813cf5d13a,59 - 126 / PRIMERA EDICION,ZAPATOS DE HIERRO,2.0,0,,,,COLECCION: RAGNAROK,0,0,0,https://pub-77824f6d0d4542d282fa48605bce7479.r2.dev/cards/MYL/PRIMERA%20ERA/12a26a4e-69bf-4480-9c85-d2813cf5d13a.png
3ff495b1-1008-4bba-bb96-0a3b42cb6b51,190 - 236 / PRIMERA EDICION,ZARA,2.0,2,,,,LEYENDAS PRIMERA ERA 1.0,0,0,0,https://pub-77824f6d0d4542d282fa48605bce7479.r2.dev/cards/MYL/PRIMERA%20ERA/3ff495b1-1008-4bba-bb96-0a3b42cb6b51.png
2e02a4cc-124d-4636-baa3-2de0cdd2e27e,71 - 236 / PRIMERA EDICION,ZATO ICHI,3.0,3,,,,COLECCION: ESPIRITU DEL DRAGON,0,0,0,https://pub-77824f6d0d4542d282fa48605bce7479.r2.dev/cards/MYL/PRIMERA%20ERA/2e02a4cc-124d-4636-baa3-2de0cdd2e27e.png
cd57b914-db73-43ca-94f0-e843521915d4,122 - 236 / PRIMERA EDICION,ZEUS,3.0,0,,,,LEYENDAS PRIMERA ERA 2.0,0,0,0,https://pub-77824f6d0d4542d282fa48605bce7479.r2.dev/cards/MYL/PRIMERA%20ERA/cd57b914-db73-43ca-94f0-e843521915d4.png
45ced68d-4937-4c68-841e-6331cc67a705,27 - 236 / PRIMERA EDICION,ZEUS,3.0,0,,,,LEYENDAS PRIMERA ERA 1.0,0,0,0,https://pub-77824f6d0d4542d282fa48605bce7479.r2.dev/cards/MYL/PRIMERA%20ERA/45ced68d-4937-4c68-841e-6331cc67a705.png
03495b51-d212-4b8e-bd85-2ced7392b200,82 - 236 / PRIMERA EDICION,ZHANG FEI,3.0,4,,,,COLECCION: ESPIRITU DEL DRAGON,0,0,0,https://pub-77824f6d0d4542d282fa48605bce7479.r2.dev/cards/MYL/PRIMERA%20ERA/03495b51-d212-4b8e-bd85-2ced7392b200.png
937d4822-ae36-4268-b463-13e0876903db,231 - 236 / PRIMERA EDICION,ZHANG FEI,3.0,4,,,,LEYENDAS PRIMERA ERA 1.0,0,0,0,https://pub-77824f6d0d4542d282fa48605bce7479.r2.dev/cards/MYL/PRIMERA%20ERA/937d4822-ae36-4268-b463-13e0876903db.png
48887888-da92-4a22-9359-bad89c63a679,140 - 236 / PRIMERA EDICION,ZHANG FEI,3.0,4,,,,LEYENDAS PRIMERA ERA 2.0,0,0,0,https://pub-77824f6d0d4542d282fa48605bce7479.r2.dev/cards/MYL/PRIMERA%20ERA/48887888-da92-4a22-9359-bad89c63a679.png
28a513c9-a18f-4c00-8117-dffbf9f3cb75,216 - 236 / PRIMERA EDICION,ZHANG GUO LAO,4.0,4,,,,LEYENDAS PRIMERA ERA 2.0,0,0,0,https://pub-77824f6d0d4542d282fa48605bce7479.r2.dev/cards/MYL/PRIMERA%20ERA/28a513c9-a18f-4c00-8117-dffbf9f3cb75.png
3bc73227-9acb-40e4-acdc-72f15922cc95,90 - 236 / PRIMERA EDICION,ZHAO YUN,1.0,0,,,,COLECCION: ESPIRITU DEL DRAGON,0,0,0,https://pub-77824f6d0d4542d282fa48605bce7479.r2.dev/cards/MYL/PRIMERA%20ERA/3bc73227-9acb-40e4-acdc-72f15922cc95.png
e0469657-9d3e-4269-9206-0295187c173d,60 - 236 / PRIMERA EDICION,ZHONG KUI,3.0,1,,,,COLECCION: ESPIRITU DEL DRAGON,0,0,0,https://pub-77824f6d0d4542d282fa48605bce7479.r2.dev/cards/MYL/PRIMERA%20ERA/e0469657-9d3e-4269-9206-0295187c173d.png
f2c288f3-fedf-4ca8-823f-2f98b6569f09,61 - 126 / PRIMERA EDICION,ZOMBIES,3.0,1,,,,COLECCION: MUNDO GOTICO,0,0,0,https://pub-77824f6d0d4542d282fa48605bce7479.r2.dev/cards/MYL/PRIMERA%20ERA/f2c288f3-fedf-4ca8-823f-2f98b6569f09.png
f302bb76-f225-49cf-9b44-edde7b529ad8,155 - 170 / PRIMERA EDICION,ZOMBIES,1.0,1,,,,COLECCION: COFRADIA,0,0,0,https://pub-77824f6d0d4542d282fa48605bce7479.r2.dev/cards/MYL/PRIMERA%20ERA/f302bb76-f225-49cf-9b44-edde7b529ad8.png
d8eee4ab-9972-401b-8f37-776d8e30fd71,124 - 126 / PRIMERA EDICION,ZUSANO,5.0,2,,,,COLECCION: EL RETO,0,0,0,https://pub-77824f6d0d4542d282fa48605bce7479.r2.dev/cards/MYL/PRIMERA%20ERA/d8eee4ab-9972-401b-8f37-776d8e30fd71.png
44fcb264-ff69-4466-bc4c-1db06a700f76,191 - 236 / PRIMERA EDICION,ZUSANO,5.0,2,,,,LEYENDAS PRIMERA ERA 1.0,0,0,0,https://pub-77824f6d0d4542d282fa48605bce7479.r2.dev/cards/MYL/PRIMERA%20ERA/44fcb264-ff69-4466-bc4c-1db06a700f76.png
ac7fd6e6-1a39-496b-8b7c-2f67ac214296,102 - 170 / PRIMERA EDICION,ZUSANO,3.0,1,,,,COLECCION: COFRADIA,0,0,0,https://pub-77824f6d0d4542d282fa48605bce7479.r2.dev/cards/MYL/PRIMERA%20ERA/ac7fd6e6-1a39-496b-8b7c-2f67ac214296.png
